Running simulation for steps_size=30 and n_fluences=20
Steps size: 30
Tensors initialization on device cuda
Multiprobe = None

('MSE', None) RECONSTRUCTIONS

Reconstruction for fluence = 0.09999999999999999 photons/pixel
Epoch 0: loss = 0.19455115497112274
Epoch 1: loss = 0.060722630470991135
Epoch 2: loss = 0.054449662566185
Epoch 3: loss = 0.052385363727808
Epoch 4: loss = 0.05143563821911812
Epoch 5: loss = 0.05099613219499588
Epoch 6: loss = 0.050768718123435974
Epoch 7: loss = 0.050562139600515366
Epoch 8: loss = 0.05029585584998131
Epoch 9: loss = 0.05015958845615387
Epoch 10: loss = 0.05009932070970535
Epoch 11: loss = 0.05007002875208855
Epoch 12: loss = 0.05002891272306442
Epoch 13: loss = 0.050001177936792374
Epoch 14: loss = 0.04997900500893593
Epoch 15: loss = 0.049962542951107025
Epoch 16: loss = 0.04995123669505119
Epoch 17: loss = 0.04993952810764313
Early stopping at epoch 17 with loss 0.05002891272306442
Reconstruction for fluence = 0.23357214690901223 photons/pixel
Epoch 0: loss = 0.7575358152389526
Epoch 1: loss = 0.1436413824558258
Epoch 2: loss = 0.12765070796012878
Epoch 3: loss = 0.12394356727600098
Epoch 4: loss = 0.12266095727682114
Epoch 5: loss = 0.12212671339511871
Epoch 6: loss = 0.12186447530984879
Epoch 7: loss = 0.12163536995649338
Epoch 8: loss = 0.12131677567958832
Epoch 9: loss = 0.1212022602558136
Epoch 10: loss = 0.12113538384437561
Epoch 11: loss = 0.1211029589176178
Epoch 12: loss = 0.12108244001865387
Epoch 13: loss = 0.12106169760227203
Epoch 14: loss = 0.12097848951816559
Epoch 15: loss = 0.12081685662269592
Epoch 16: loss = 0.12072435021400452
Epoch 17: loss = 0.1206691563129425
Epoch 18: loss = 0.12062951177358627
Epoch 19: loss = 0.120574451982975
Epoch 20: loss = 0.12053387612104416
Epoch 21: loss = 0.12052188813686371
Epoch 22: loss = 0.12051627784967422
Epoch 23: loss = 0.12051210552453995
Epoch 24: loss = 0.12050783634185791
Epoch 25: loss = 0.12050056457519531
Early stopping at epoch 25 with loss 0.12053387612104416
Reconstruction for fluence = 0.5455594781168519 photons/pixel
Epoch 0: loss = 3.3913164138793945
Epoch 1: loss = 0.3377145826816559
Epoch 2: loss = 0.29319649934768677
Epoch 3: loss = 0.2841182053089142
Epoch 4: loss = 0.2814818024635315
Epoch 5: loss = 0.2805492579936981
Epoch 6: loss = 0.28013530373573303
Epoch 7: loss = 0.27989959716796875
Epoch 8: loss = 0.27975931763648987
Epoch 9: loss = 0.27968019247055054
Epoch 10: loss = 0.2796429395675659
Epoch 11: loss = 0.2796294689178467
Epoch 12: loss = 0.2796240448951721
Epoch 13: loss = 0.2796211242675781
Epoch 14: loss = 0.27961960434913635
Epoch 15: loss = 0.2796194851398468
Early stopping at epoch 15 with loss 0.2796429395675659
Reconstruction for fluence = 1.2742749857031335 photons/pixel
Epoch 0: loss = 16.687156677246094
Epoch 1: loss = 0.8024577498435974
Epoch 2: loss = 0.6771349310874939
Epoch 3: loss = 0.6486576795578003
Epoch 4: loss = 0.6407824754714966
Epoch 5: loss = 0.6382068395614624
Epoch 6: loss = 0.6373270153999329
Epoch 7: loss = 0.6369741559028625
Epoch 8: loss = 0.6367653012275696
Epoch 9: loss = 0.6365549564361572
Epoch 10: loss = 0.6363629102706909
Epoch 11: loss = 0.6362757086753845
Epoch 12: loss = 0.6362237930297852
Epoch 13: loss = 0.6361786723136902
Epoch 14: loss = 0.6361254453659058
Epoch 15: loss = 0.6360610127449036
Epoch 16: loss = 0.6360132694244385
Epoch 17: loss = 0.6359864473342896
Epoch 18: loss = 0.6359712481498718
Epoch 19: loss = 0.6359620690345764
Epoch 20: loss = 0.6359569430351257
Epoch 21: loss = 0.6359544396400452
Epoch 22: loss = 0.6359542012214661
Epoch 23: loss = 0.6359540224075317
Epoch 24: loss = 0.6359539031982422
Epoch 25: loss = 0.6359537243843079
Early stopping at epoch 25 with loss 0.6359569430351257
Reconstruction for fluence = 2.976351441631318 photons/pixel
Epoch 0: loss = 87.67073059082031
Epoch 1: loss = 1.9398621320724487
Epoch 2: loss = 1.5085278749465942
Epoch 3: loss = 1.4030818939208984
Epoch 4: loss = 1.3732820749282837
Epoch 5: loss = 1.3643461465835571
Epoch 6: loss = 1.3616710901260376
Epoch 7: loss = 1.3606834411621094
Epoch 8: loss = 1.3602412939071655
Epoch 9: loss = 1.3599820137023926
Epoch 10: loss = 1.3598133325576782
Epoch 11: loss = 1.359697937965393
Epoch 12: loss = 1.3596311807632446
Epoch 13: loss = 1.3595913648605347
Epoch 14: loss = 1.359570860862732
Epoch 15: loss = 1.359561562538147
Epoch 16: loss = 1.3595589399337769
Epoch 17: loss = 1.3595585823059082
Epoch 18: loss = 1.359556794166565
Early stopping at epoch 18 with loss 1.3595913648605347
Reconstruction for fluence = 6.9519279617756045 photons/pixel
Epoch 0: loss = 472.26715087890625
Epoch 1: loss = 5.216300010681152
Epoch 2: loss = 3.6148388385772705
Epoch 3: loss = 3.2522621154785156
Epoch 4: loss = 3.142298936843872
Epoch 5: loss = 3.105238676071167
Epoch 6: loss = 3.093787670135498
Epoch 7: loss = 3.0889246463775635
Epoch 8: loss = 3.086146116256714
Epoch 9: loss = 3.084716796875
Epoch 10: loss = 3.0839717388153076
Epoch 11: loss = 3.083641767501831
Epoch 12: loss = 3.0834720134735107
Epoch 13: loss = 3.0833752155303955
Epoch 14: loss = 3.083317518234253
Epoch 15: loss = 3.0832817554473877
Epoch 16: loss = 3.083279609680176
Epoch 17: loss = 3.0832607746124268
Epoch 18: loss = 3.083256721496582
Epoch 19: loss = 3.083254814147949
Early stopping at epoch 19 with loss 3.083317518234253
Reconstruction for fluence = 16.23776739188721 photons/pixel
Epoch 0: loss = 2536.8359375
Epoch 1: loss = 15.216633796691895
Epoch 2: loss = 8.96207046508789
Epoch 3: loss = 7.424601078033447
Epoch 4: loss = 7.037116050720215
Epoch 5: loss = 6.873091697692871
Epoch 6: loss = 6.8170576095581055
Epoch 7: loss = 6.793579578399658
Epoch 8: loss = 6.780282974243164
Epoch 9: loss = 6.771970272064209
Epoch 10: loss = 6.767129421234131
Epoch 11: loss = 6.764154434204102
Epoch 12: loss = 6.760824203491211
Epoch 13: loss = 6.755623817443848
Epoch 14: loss = 6.747023582458496
Epoch 15: loss = 6.7374749183654785
Epoch 16: loss = 6.729689598083496
Epoch 17: loss = 6.723587512969971
Epoch 18: loss = 6.719635486602783
Epoch 19: loss = 6.717447280883789
Epoch 20: loss = 6.716394424438477
Epoch 21: loss = 6.7158331871032715
Epoch 22: loss = 6.715610504150391
Epoch 23: loss = 6.715468883514404
Epoch 24: loss = 6.715381145477295
Epoch 25: loss = 6.71531867980957
Epoch 26: loss = 6.715277671813965
Epoch 27: loss = 6.7152581214904785
Epoch 28: loss = 6.71523904800415
Epoch 29: loss = 6.715236186981201
Epoch 30: loss = 6.715235233306885
Early stopping at epoch 30 with loss 6.71531867980957
Reconstruction for fluence = 37.926901907322495 photons/pixel
Epoch 0: loss = 13859.3525390625
Epoch 1: loss = 56.48345947265625
Epoch 2: loss = 25.291244506835938
Epoch 3: loss = 18.167593002319336
Epoch 4: loss = 16.059297561645508
Epoch 5: loss = 15.238369941711426
Epoch 6: loss = 14.941279411315918
Epoch 7: loss = 14.79204273223877
Epoch 8: loss = 14.69096565246582
Epoch 9: loss = 14.641667366027832
Epoch 10: loss = 14.612832069396973
Epoch 11: loss = 14.598031044006348
Epoch 12: loss = 14.589649200439453
Epoch 13: loss = 14.584147453308105
Epoch 14: loss = 14.58038330078125
Epoch 15: loss = 14.578046798706055
Epoch 16: loss = 14.576626777648926
Epoch 17: loss = 14.575761795043945
Epoch 18: loss = 14.575761795043945
Epoch 19: loss = 14.575177192687988
Epoch 20: loss = 14.57479190826416
Epoch 21: loss = 14.574506759643555
Epoch 22: loss = 14.57431697845459
Epoch 23: loss = 14.57427978515625
Epoch 24: loss = 14.57416820526123
Epoch 25: loss = 14.574161529541016
Epoch 26: loss = 14.57413101196289
Epoch 27: loss = 14.574116706848145
Epoch 28: loss = 14.574055671691895
Epoch 29: loss = 14.57404613494873
Epoch 30: loss = 14.57403564453125
Epoch 31: loss = 14.57403564453125
Epoch 32: loss = 14.5740327835083
Epoch 33: loss = 14.57402515411377
Early stopping at epoch 33 with loss 14.574055671691895
Reconstruction for fluence = 88.58667904100822 photons/pixel
Epoch 0: loss = 75273.4140625
Epoch 1: loss = 238.91363525390625
Epoch 2: loss = 82.93766021728516
Epoch 3: loss = 49.97130584716797
Epoch 4: loss = 40.576229095458984
Epoch 5: loss = 37.49031448364258
Epoch 6: loss = 36.19511795043945
Epoch 7: loss = 35.64952087402344
Epoch 8: loss = 35.31098175048828
Epoch 9: loss = 35.07772445678711
Epoch 10: loss = 34.90303039550781
Epoch 11: loss = 34.777366638183594
Epoch 12: loss = 34.67049789428711
Epoch 13: loss = 34.57823181152344
Epoch 14: loss = 34.49153137207031
Epoch 15: loss = 34.42166519165039
Epoch 16: loss = 34.37095642089844
Epoch 17: loss = 34.327369689941406
Epoch 18: loss = 34.29228210449219
Epoch 19: loss = 34.26021194458008
Epoch 20: loss = 34.23020935058594
Epoch 21: loss = 34.20230484008789
Epoch 22: loss = 34.178382873535156
Epoch 23: loss = 34.14884567260742
Epoch 24: loss = 34.112674713134766
Epoch 25: loss = 34.05261993408203
Epoch 26: loss = 33.95682144165039
Epoch 27: loss = 33.838539123535156
Epoch 28: loss = 33.58506774902344
Epoch 29: loss = 33.33824920654297
Epoch 30: loss = 33.250484466552734
Epoch 31: loss = 33.2140007019043
Epoch 32: loss = 33.19642639160156
Epoch 33: loss = 33.18547439575195
Epoch 34: loss = 33.17783737182617
Epoch 35: loss = 33.17298889160156
Epoch 36: loss = 33.16948318481445
Epoch 37: loss = 33.167327880859375
Epoch 38: loss = 33.16591262817383
Epoch 39: loss = 33.164878845214844
Epoch 40: loss = 33.16402816772461
Epoch 41: loss = 33.163299560546875
Epoch 42: loss = 33.16281509399414
Epoch 43: loss = 33.1619987487793
Epoch 44: loss = 33.16141128540039
Epoch 45: loss = 33.16112518310547
Epoch 46: loss = 33.16086196899414
Epoch 47: loss = 33.160804748535156
Epoch 48: loss = 33.1607551574707
Epoch 49: loss = 33.16070556640625
Epoch 50: loss = 33.16063690185547
Epoch 51: loss = 33.16058349609375
Epoch 52: loss = 33.16054153442383
Epoch 53: loss = 33.1605110168457
Epoch 54: loss = 33.16048049926758
Epoch 55: loss = 33.16046142578125
Epoch 56: loss = 33.16044998168945
Epoch 57: loss = 33.16037368774414
Epoch 58: loss = 33.16035461425781
Epoch 59: loss = 33.16032791137695
Epoch 60: loss = 33.16028594970703
Epoch 61: loss = 33.1602668762207
Epoch 62: loss = 33.1602668762207
Epoch 63: loss = 33.1602668762207
Epoch 64: loss = 33.16019821166992
Epoch 65: loss = 33.16018295288086
Epoch 66: loss = 33.16018295288086
Early stopping at epoch 66 with loss 33.1602668762207
Reconstruction for fluence = 206.9138081114788 photons/pixel
Epoch 0: loss = 410506.1875
Epoch 1: loss = 1126.8858642578125
Epoch 2: loss = 322.607421875
Epoch 3: loss = 159.79811096191406
Epoch 4: loss = 112.28484344482422
Epoch 5: loss = 97.577880859375
Epoch 6: loss = 91.44620513916016
Epoch 7: loss = 88.0987548828125
Epoch 8: loss = 86.05807495117188
Epoch 9: loss = 84.82039642333984
Epoch 10: loss = 83.89153289794922
Epoch 11: loss = 83.27330780029297
Epoch 12: loss = 82.84163665771484
Epoch 13: loss = 82.42227935791016
Epoch 14: loss = 82.0234146118164
Epoch 15: loss = 81.58930969238281
Epoch 16: loss = 81.12067413330078
Epoch 17: loss = 80.64651489257812
Epoch 18: loss = 80.19520568847656
Epoch 19: loss = 79.74931335449219
Epoch 20: loss = 79.30816650390625
Epoch 21: loss = 78.88528442382812
Epoch 22: loss = 78.5115737915039
Epoch 23: loss = 78.16425323486328
Epoch 24: loss = 77.76236724853516
Epoch 25: loss = 77.19583892822266
Epoch 26: loss = 76.36497497558594
Epoch 27: loss = 75.67269134521484
Epoch 28: loss = 74.87474060058594
Epoch 29: loss = 73.48831939697266
Epoch 30: loss = 73.04684448242188
Epoch 31: loss = 72.83912658691406
Epoch 32: loss = 72.7409439086914
Epoch 33: loss = 72.66983795166016
Epoch 34: loss = 72.61263275146484
Epoch 35: loss = 72.5776138305664
Epoch 36: loss = 72.55199432373047
Epoch 37: loss = 72.53546905517578
Epoch 38: loss = 72.52452087402344
Epoch 39: loss = 72.51557159423828
Epoch 40: loss = 72.50919342041016
Epoch 41: loss = 72.50443267822266
Epoch 42: loss = 72.5005874633789
Epoch 43: loss = 72.49761199951172
Epoch 44: loss = 72.49551391601562
Epoch 45: loss = 72.49405670166016
Epoch 46: loss = 72.49262237548828
Epoch 47: loss = 72.49159240722656
Epoch 48: loss = 72.49080657958984
Epoch 49: loss = 72.49017333984375
Epoch 50: loss = 72.48963165283203
Epoch 51: loss = 72.489501953125
Epoch 52: loss = 72.4892578125
Epoch 53: loss = 72.4892578125
Epoch 54: loss = 72.48917388916016
Epoch 55: loss = 72.48917388916016
Epoch 56: loss = 72.4891357421875
Epoch 57: loss = 72.48896026611328
Epoch 58: loss = 72.48885345458984
Epoch 59: loss = 72.48863983154297
Epoch 60: loss = 72.48854064941406
Epoch 61: loss = 72.48838806152344
Epoch 62: loss = 72.48831939697266
Epoch 63: loss = 72.48820495605469
Epoch 64: loss = 72.48818969726562
Epoch 65: loss = 72.4881820678711
Epoch 66: loss = 72.48817443847656
Epoch 67: loss = 72.4881362915039
Epoch 68: loss = 72.48807525634766
Epoch 69: loss = 72.48809051513672
Epoch 70: loss = 72.48806762695312
Epoch 71: loss = 72.4880599975586
Epoch 72: loss = 72.48795318603516
Epoch 73: loss = 72.48789978027344
Epoch 74: loss = 72.48789978027344
Epoch 75: loss = 72.48783111572266
Epoch 76: loss = 72.48778533935547
Epoch 77: loss = 72.48770904541016
Epoch 78: loss = 72.4876480102539
Epoch 79: loss = 72.48763275146484
Epoch 80: loss = 72.48763275146484
Epoch 81: loss = 72.48758697509766
Epoch 82: loss = 72.48758697509766
Epoch 83: loss = 72.48751068115234
Epoch 84: loss = 72.48750305175781
Epoch 85: loss = 72.4875259399414
Epoch 86: loss = 72.4875259399414
Early stopping at epoch 86 with loss 72.48758697509766
Reconstruction for fluence = 483.2930238571752 photons/pixel
Epoch 0: loss = 2237253.25
Epoch 1: loss = 5866.03515625
Epoch 2: loss = 1500.0845947265625
Epoch 3: loss = 630.1983642578125
Epoch 4: loss = 367.9335021972656
Epoch 5: loss = 280.55657958984375
Epoch 6: loss = 250.32823181152344
Epoch 7: loss = 233.8815155029297
Epoch 8: loss = 222.2299346923828
Epoch 9: loss = 211.95347595214844
Epoch 10: loss = 199.71937561035156
Epoch 11: loss = 188.07052612304688
Epoch 12: loss = 183.3712921142578
Epoch 13: loss = 181.21542358398438
Epoch 14: loss = 179.94161987304688
Epoch 15: loss = 179.0054473876953
Epoch 16: loss = 178.52772521972656
Epoch 17: loss = 178.1691131591797
Epoch 18: loss = 177.91134643554688
Epoch 19: loss = 177.7306671142578
Epoch 20: loss = 177.58030700683594
Epoch 21: loss = 177.4782257080078
Epoch 22: loss = 177.4129180908203
Epoch 23: loss = 177.35626220703125
Epoch 24: loss = 177.31716918945312
Epoch 25: loss = 177.2831268310547
Epoch 26: loss = 177.25314331054688
Epoch 27: loss = 177.2320098876953
Epoch 28: loss = 177.2136993408203
Epoch 29: loss = 177.19903564453125
Epoch 30: loss = 177.18833923339844
Epoch 31: loss = 177.1801300048828
Epoch 32: loss = 177.17453002929688
Epoch 33: loss = 177.16915893554688
Epoch 34: loss = 177.16542053222656
Epoch 35: loss = 177.1613311767578
Epoch 36: loss = 177.1591339111328
Epoch 37: loss = 177.156494140625
Epoch 38: loss = 177.15457153320312
Epoch 39: loss = 177.1532440185547
Epoch 40: loss = 177.1522979736328
Epoch 41: loss = 177.15093994140625
Epoch 42: loss = 177.14971923828125
Epoch 43: loss = 177.14857482910156
Epoch 44: loss = 177.1485137939453
Epoch 45: loss = 177.1481170654297
Epoch 46: loss = 177.14776611328125
Epoch 47: loss = 177.1472930908203
Epoch 48: loss = 177.14683532714844
Epoch 49: loss = 177.1465606689453
Epoch 50: loss = 177.14610290527344
Epoch 51: loss = 177.14610290527344
Epoch 52: loss = 177.14581298828125
Epoch 53: loss = 177.14572143554688
Epoch 54: loss = 177.14556884765625
Epoch 55: loss = 177.14523315429688
Epoch 56: loss = 177.14512634277344
Epoch 57: loss = 177.1448516845703
Epoch 58: loss = 177.14474487304688
Epoch 59: loss = 177.14450073242188
Epoch 60: loss = 177.1443634033203
Epoch 61: loss = 177.1443634033203
Epoch 62: loss = 177.144287109375
Epoch 63: loss = 177.1441192626953
Epoch 64: loss = 177.14401245117188
Epoch 65: loss = 177.14401245117188
Epoch 66: loss = 177.1439666748047
Epoch 67: loss = 177.1438446044922
Epoch 68: loss = 177.14369201660156
Epoch 69: loss = 177.14366149902344
Epoch 70: loss = 177.14366149902344
Epoch 71: loss = 177.1435089111328
Epoch 72: loss = 177.14341735839844
Epoch 73: loss = 177.1433868408203
Epoch 74: loss = 177.1433868408203
Epoch 75: loss = 177.14320373535156
Epoch 76: loss = 177.1430206298828
Epoch 77: loss = 177.14292907714844
Epoch 78: loss = 177.14279174804688
Epoch 79: loss = 177.14260864257812
Epoch 80: loss = 177.1426544189453
Epoch 81: loss = 177.1426544189453
Epoch 82: loss = 177.1426239013672
Epoch 83: loss = 177.1425018310547
Epoch 84: loss = 177.14239501953125
Epoch 85: loss = 177.1422576904297
Epoch 86: loss = 177.1421661376953
Epoch 87: loss = 177.14222717285156
Epoch 88: loss = 177.1422576904297
Epoch 89: loss = 177.14207458496094
Epoch 90: loss = 177.14205932617188
Epoch 91: loss = 177.1420440673828
Epoch 92: loss = 177.1421356201172
Epoch 93: loss = 177.1420440673828
Epoch 94: loss = 177.1420440673828
Early stopping at epoch 94 with loss 177.14207458496094
Reconstruction for fluence = 1128.8378916846884 photons/pixel
Epoch 0: loss = 12205870.0
Epoch 1: loss = 30840.427734375
Epoch 2: loss = 7675.9921875
Epoch 3: loss = 2648.90966796875
Epoch 4: loss = 1367.00537109375
Epoch 5: loss = 989.1615600585938
Epoch 6: loss = 830.5198364257812
Epoch 7: loss = 758.7688598632812
Epoch 8: loss = 704.0476684570312
Epoch 9: loss = 667.9785766601562
Epoch 10: loss = 641.0374145507812
Epoch 11: loss = 623.9848022460938
Epoch 12: loss = 611.5857543945312
Epoch 13: loss = 599.84765625
Epoch 14: loss = 588.2578735351562
Epoch 15: loss = 578.415283203125
Epoch 16: loss = 568.424560546875
Epoch 17: loss = 557.12744140625
Epoch 18: loss = 540.1563720703125
Epoch 19: loss = 516.2360229492188
Epoch 20: loss = 482.8692626953125
Epoch 21: loss = 455.6262512207031
Epoch 22: loss = 434.755859375
Epoch 23: loss = 423.3844909667969
Epoch 24: loss = 417.557861328125
Epoch 25: loss = 414.0202331542969
Epoch 26: loss = 411.8399963378906
Epoch 27: loss = 410.64947509765625
Epoch 28: loss = 409.7141418457031
Epoch 29: loss = 409.03363037109375
Epoch 30: loss = 408.5554504394531
Epoch 31: loss = 408.14215087890625
Epoch 32: loss = 407.8811950683594
Epoch 33: loss = 407.67987060546875
Epoch 34: loss = 407.5263671875
Epoch 35: loss = 407.39697265625
Epoch 36: loss = 407.2845764160156
Epoch 37: loss = 407.19989013671875
Epoch 38: loss = 407.13909912109375
Epoch 39: loss = 407.0885314941406
Epoch 40: loss = 407.0400085449219
Epoch 41: loss = 407.0055236816406
Epoch 42: loss = 406.9781799316406
Epoch 43: loss = 406.9565734863281
Epoch 44: loss = 406.9358215332031
Epoch 45: loss = 406.9298400878906
Epoch 46: loss = 406.9141845703125
Epoch 47: loss = 406.900390625
Epoch 48: loss = 406.8897399902344
Epoch 49: loss = 406.884033203125
Epoch 50: loss = 406.8759765625
Epoch 51: loss = 406.8757019042969
Epoch 52: loss = 406.8718566894531
Epoch 53: loss = 406.8675537109375
Epoch 54: loss = 406.8613586425781
Epoch 55: loss = 406.8560791015625
Epoch 56: loss = 406.8509826660156
Epoch 57: loss = 406.8471374511719
Epoch 58: loss = 406.8440856933594
Epoch 59: loss = 406.8410339355469
Epoch 60: loss = 406.8377380371094
Epoch 61: loss = 406.8352966308594
Epoch 62: loss = 406.8347473144531
Epoch 63: loss = 406.8347473144531
Epoch 64: loss = 406.83184814453125
Epoch 65: loss = 406.8292541503906
Epoch 66: loss = 406.82720947265625
Epoch 67: loss = 406.8246765136719
Epoch 68: loss = 406.82342529296875
Epoch 69: loss = 406.8197326660156
Epoch 70: loss = 406.8197326660156
Epoch 71: loss = 406.81353759765625
Epoch 72: loss = 406.8026123046875
Epoch 73: loss = 406.7927551269531
Epoch 74: loss = 406.7639465332031
Epoch 75: loss = 406.73638916015625
Epoch 76: loss = 406.7124328613281
Epoch 77: loss = 406.70001220703125
Epoch 78: loss = 406.6836242675781
Epoch 79: loss = 406.67022705078125
Epoch 80: loss = 406.6629943847656
Epoch 81: loss = 406.6629943847656
Epoch 82: loss = 406.654052734375
Epoch 83: loss = 406.6475830078125
Epoch 84: loss = 406.6419982910156
Epoch 85: loss = 406.64007568359375
Epoch 86: loss = 406.6387023925781
Epoch 87: loss = 406.6349182128906
Epoch 88: loss = 406.6297912597656
Epoch 89: loss = 406.6252136230469
Epoch 90: loss = 406.6238098144531
Epoch 91: loss = 406.6238098144531
Epoch 92: loss = 406.6196594238281
Epoch 93: loss = 406.61798095703125
Epoch 94: loss = 406.61627197265625
Epoch 95: loss = 406.61383056640625
Epoch 96: loss = 406.61279296875
Epoch 97: loss = 406.60992431640625
Epoch 98: loss = 406.60992431640625
Epoch 99: loss = 406.60693359375
Epoch 100: loss = 406.6061706542969
Epoch 101: loss = 406.6036376953125
Epoch 102: loss = 406.60107421875
Epoch 103: loss = 406.5977783203125
Epoch 104: loss = 406.5946350097656
Epoch 105: loss = 406.591796875
Epoch 106: loss = 406.5912170410156
Epoch 107: loss = 406.5870056152344
Epoch 108: loss = 406.583984375
Epoch 109: loss = 406.57958984375
Epoch 110: loss = 406.57958984375
Epoch 111: loss = 406.5753479003906
Epoch 112: loss = 406.5743713378906
Epoch 113: loss = 406.570556640625
Epoch 114: loss = 406.5671691894531
Epoch 115: loss = 406.56536865234375
Epoch 116: loss = 406.56402587890625
Epoch 117: loss = 406.56292724609375
Epoch 118: loss = 406.5613098144531
Epoch 119: loss = 406.55859375
Epoch 120: loss = 406.5558776855469
Epoch 121: loss = 406.55230712890625
Epoch 122: loss = 406.54876708984375
Epoch 123: loss = 406.5453186035156
Epoch 124: loss = 406.5453186035156
Epoch 125: loss = 406.5436096191406
Epoch 126: loss = 406.5398864746094
Epoch 127: loss = 406.5382385253906
Epoch 128: loss = 406.5364685058594
Epoch 129: loss = 406.5333557128906
Epoch 130: loss = 406.53314208984375
Epoch 131: loss = 406.5303649902344
Epoch 132: loss = 406.52752685546875
Epoch 133: loss = 406.5260009765625
Epoch 134: loss = 406.5256042480469
Epoch 135: loss = 406.5234375
Epoch 136: loss = 406.52154541015625
Epoch 137: loss = 406.5207214355469
Epoch 138: loss = 406.5189514160156
Epoch 139: loss = 406.5163879394531
Epoch 140: loss = 406.51629638671875
Epoch 141: loss = 406.51470947265625
Epoch 142: loss = 406.5135803222656
Epoch 143: loss = 406.51318359375
Epoch 144: loss = 406.5116271972656
Epoch 145: loss = 406.5096130371094
Epoch 146: loss = 406.50830078125
Epoch 147: loss = 406.5072326660156
Epoch 148: loss = 406.5074768066406
Epoch 149: loss = 406.50531005859375
Epoch 150: loss = 406.50531005859375
Epoch 151: loss = 406.5038146972656
Epoch 152: loss = 406.5038146972656
Epoch 153: loss = 406.50189208984375
Epoch 154: loss = 406.5
Epoch 155: loss = 406.5002136230469
Epoch 156: loss = 406.4997253417969
Epoch 157: loss = 406.49853515625
Epoch 158: loss = 406.4962158203125
Epoch 159: loss = 406.4958801269531
Epoch 160: loss = 406.4938659667969
Epoch 161: loss = 406.4915466308594
Epoch 162: loss = 406.48968505859375
Epoch 163: loss = 406.4884338378906
Epoch 164: loss = 406.486328125
Epoch 165: loss = 406.4828186035156
Epoch 166: loss = 406.4776916503906
Epoch 167: loss = 406.4704895019531
Epoch 168: loss = 406.4627990722656
Epoch 169: loss = 406.45281982421875
Epoch 170: loss = 406.4430236816406
Epoch 171: loss = 406.431884765625
Epoch 172: loss = 406.4232482910156
Epoch 173: loss = 406.4142150878906
Epoch 174: loss = 406.4093322753906
Epoch 175: loss = 406.4024963378906
Epoch 176: loss = 406.3972473144531
Epoch 177: loss = 406.39300537109375
Epoch 178: loss = 406.39105224609375
Epoch 179: loss = 406.3875732421875
Epoch 180: loss = 406.38470458984375
Epoch 181: loss = 406.3822326660156
Epoch 182: loss = 406.3822326660156
Epoch 183: loss = 406.3819885253906
Epoch 184: loss = 406.3802795410156
Epoch 185: loss = 406.3791198730469
Epoch 186: loss = 406.3787536621094
Epoch 187: loss = 406.3776550292969
Epoch 188: loss = 406.37744140625
Epoch 189: loss = 406.3772277832031
Epoch 190: loss = 406.3766174316406
Epoch 191: loss = 406.3765869140625
Epoch 192: loss = 406.3761291503906
Epoch 193: loss = 406.37548828125
Epoch 194: loss = 406.37548828125
Epoch 195: loss = 406.3751525878906
Epoch 196: loss = 406.3751525878906
Epoch 197: loss = 406.3747253417969
Epoch 198: loss = 406.3746337890625
Epoch 199: loss = 406.3746337890625
Epoch 200: loss = 406.3740234375
Epoch 201: loss = 406.3740234375
Epoch 202: loss = 406.3736572265625
Epoch 203: loss = 406.3738098144531
Epoch 204: loss = 406.3736877441406
Epoch 205: loss = 406.3734436035156
Epoch 206: loss = 406.37347412109375
Epoch 207: loss = 406.3733825683594
Epoch 208: loss = 406.3734436035156
Epoch 209: loss = 406.3734436035156
Epoch 210: loss = 406.3732604980469
Epoch 211: loss = 406.37298583984375
Epoch 212: loss = 406.3724060058594
Epoch 213: loss = 406.37255859375
Epoch 214: loss = 406.3731994628906
Epoch 215: loss = 406.3727111816406
Epoch 216: loss = 406.3728942871094
Epoch 217: loss = 406.372314453125
Early stopping at epoch 217 with loss 406.3724060058594
Reconstruction for fluence = 2636.6508987303555 photons/pixel
Epoch 0: loss = 66583572.0
Epoch 1: loss = 165803.3125
Epoch 2: loss = 39013.83203125
Epoch 3: loss = 13504.26953125
Epoch 4: loss = 6293.265625
Epoch 5: loss = 4011.6337890625
Epoch 6: loss = 3196.04736328125
Epoch 7: loss = 2788.702880859375
Epoch 8: loss = 2516.20458984375
Epoch 9: loss = 2317.69873046875
Epoch 10: loss = 2152.6806640625
Epoch 11: loss = 2051.1181640625
Epoch 12: loss = 1988.3121337890625
Epoch 13: loss = 1934.734375
Epoch 14: loss = 1895.4444580078125
Epoch 15: loss = 1861.2418212890625
Epoch 16: loss = 1834.0933837890625
Epoch 17: loss = 1811.532958984375
Epoch 18: loss = 1781.713623046875
Epoch 19: loss = 1736.314208984375
Epoch 20: loss = 1681.3197021484375
Epoch 21: loss = 1624.865234375
Epoch 22: loss = 1571.974853515625
Epoch 23: loss = 1509.0679931640625
Epoch 24: loss = 1429.591796875
Epoch 25: loss = 1319.507568359375
Epoch 26: loss = 1136.3489990234375
Epoch 27: loss = 1047.823974609375
Epoch 28: loss = 998.7073364257812
Epoch 29: loss = 969.828125
Epoch 30: loss = 953.4398803710938
Epoch 31: loss = 943.8655395507812
Epoch 32: loss = 938.1636352539062
Epoch 33: loss = 933.8815307617188
Epoch 34: loss = 930.5869140625
Epoch 35: loss = 927.8402709960938
Epoch 36: loss = 925.7440185546875
Epoch 37: loss = 924.1930541992188
Epoch 38: loss = 922.9553833007812
Epoch 39: loss = 922.035400390625
Epoch 40: loss = 921.3253173828125
Epoch 41: loss = 920.7178955078125
Epoch 42: loss = 920.2438354492188
Epoch 43: loss = 919.8452758789062
Epoch 44: loss = 919.4998779296875
Epoch 45: loss = 919.2445678710938
Epoch 46: loss = 919.021484375
Epoch 47: loss = 918.8391723632812
Epoch 48: loss = 918.681640625
Epoch 49: loss = 918.6683959960938
Epoch 50: loss = 918.5604248046875
Epoch 51: loss = 918.4819946289062
Epoch 52: loss = 918.4087524414062
Epoch 53: loss = 918.3511352539062
Epoch 54: loss = 918.3302001953125
Epoch 55: loss = 918.2844848632812
Epoch 56: loss = 918.2421875
Epoch 57: loss = 918.216796875
Epoch 58: loss = 918.2032470703125
Epoch 59: loss = 918.1756591796875
Epoch 60: loss = 918.1531982421875
Epoch 61: loss = 918.1321411132812
Epoch 62: loss = 918.1112060546875
Epoch 63: loss = 918.0930786132812
Epoch 64: loss = 918.0770263671875
Epoch 65: loss = 918.0715942382812
Epoch 66: loss = 918.0549926757812
Epoch 67: loss = 918.045166015625
Epoch 68: loss = 918.0337524414062
Epoch 69: loss = 918.0327758789062
Epoch 70: loss = 918.0266723632812
Epoch 71: loss = 918.023681640625
Epoch 72: loss = 918.0149536132812
Epoch 73: loss = 918.013671875
Epoch 74: loss = 918.011962890625
Epoch 75: loss = 918.009765625
Epoch 76: loss = 918.0089111328125
Epoch 77: loss = 918.0078125
Epoch 78: loss = 918.0029296875
Epoch 79: loss = 917.9995727539062
Epoch 80: loss = 917.9989013671875
Epoch 81: loss = 917.9989013671875
Epoch 82: loss = 917.9968872070312
Epoch 83: loss = 917.9959106445312
Epoch 84: loss = 917.9931640625
Epoch 85: loss = 917.9920043945312
Epoch 86: loss = 917.9920043945312
Epoch 87: loss = 917.9920043945312
Epoch 88: loss = 917.9898071289062
Epoch 89: loss = 917.9884033203125
Epoch 90: loss = 917.9871215820312
Epoch 91: loss = 917.9864501953125
Epoch 92: loss = 917.9856567382812
Epoch 93: loss = 917.984619140625
Epoch 94: loss = 917.982421875
Epoch 95: loss = 917.9801635742188
Epoch 96: loss = 917.9813232421875
Epoch 97: loss = 917.9817504882812
Epoch 98: loss = 917.9811401367188
Epoch 99: loss = 917.9799194335938
Epoch 100: loss = 917.9802856445312
Epoch 101: loss = 917.9800415039062
Epoch 102: loss = 917.9811401367188
Epoch 103: loss = 917.9786376953125
Epoch 104: loss = 917.9800415039062
Epoch 105: loss = 917.9780883789062
Epoch 106: loss = 917.978759765625
Epoch 107: loss = 917.9789428710938
Epoch 108: loss = 917.978515625
Epoch 109: loss = 917.9776611328125
Epoch 110: loss = 917.977783203125
Epoch 111: loss = 917.9773559570312
Epoch 112: loss = 917.9774169921875
Epoch 113: loss = 917.9769897460938
Epoch 114: loss = 917.9764404296875
Epoch 115: loss = 917.9772338867188
Epoch 116: loss = 917.976806640625
Epoch 117: loss = 917.9761352539062
Epoch 118: loss = 917.9761352539062
Epoch 119: loss = 917.9778442382812
Epoch 120: loss = 917.9754638671875
Epoch 121: loss = 917.9769897460938
Epoch 122: loss = 917.9752807617188
Epoch 123: loss = 917.9762573242188
Epoch 124: loss = 917.9755859375
Epoch 125: loss = 917.9763793945312
Epoch 126: loss = 917.9758911132812
Epoch 127: loss = 917.9757080078125
Early stopping at epoch 127 with loss 917.9752807617188
Reconstruction for fluence = 6158.482110660255 photons/pixel
Epoch 0: loss = 363222976.0
Epoch 1: loss = 895985.8125
Epoch 2: loss = 207621.078125
Epoch 3: loss = 71583.4140625
Epoch 4: loss = 30754.77734375
Epoch 5: loss = 18791.892578125
Epoch 6: loss = 14288.5439453125
Epoch 7: loss = 12063.1728515625
Epoch 8: loss = 10593.6943359375
Epoch 9: loss = 9588.1376953125
Epoch 10: loss = 8786.4638671875
Epoch 11: loss = 8267.7314453125
Epoch 12: loss = 7938.203125
Epoch 13: loss = 7657.3837890625
Epoch 14: loss = 7440.4462890625
Epoch 15: loss = 7274.64599609375
Epoch 16: loss = 7152.17724609375
Epoch 17: loss = 7054.69384765625
Epoch 18: loss = 6953.14208984375
Epoch 19: loss = 6810.732421875
Epoch 20: loss = 6595.44873046875
Epoch 21: loss = 6347.24072265625
Epoch 22: loss = 6127.53515625
Epoch 23: loss = 5872.328125
Epoch 24: loss = 5557.2412109375
Epoch 25: loss = 5167.10400390625
Epoch 26: loss = 4690.5771484375
Epoch 27: loss = 4093.818603515625
Epoch 28: loss = 3248.84814453125
Epoch 29: loss = 2730.337158203125
Epoch 30: loss = 2474.316650390625
Epoch 31: loss = 2350.902587890625
Epoch 32: loss = 2276.2470703125
Epoch 33: loss = 2229.435791015625
Epoch 34: loss = 2195.076904296875
Epoch 35: loss = 2170.366455078125
Epoch 36: loss = 2151.98779296875
Epoch 37: loss = 2138.20556640625
Epoch 38: loss = 2128.44140625
Epoch 39: loss = 2120.4541015625
Epoch 40: loss = 2113.400390625
Epoch 41: loss = 2107.971923828125
Epoch 42: loss = 2103.977783203125
Epoch 43: loss = 2100.470703125
Epoch 44: loss = 2097.55712890625
Epoch 45: loss = 2095.165283203125
Epoch 46: loss = 2093.35205078125
Epoch 47: loss = 2091.882568359375
Epoch 48: loss = 2090.8505859375
Epoch 49: loss = 2089.893310546875
Epoch 50: loss = 2089.1484375
Epoch 51: loss = 2088.512451171875
Epoch 52: loss = 2088.00146484375
Epoch 53: loss = 2087.6298828125
Epoch 54: loss = 2087.300537109375
Epoch 55: loss = 2087.03515625
Epoch 56: loss = 2086.800048828125
Epoch 57: loss = 2086.6064453125
Epoch 58: loss = 2086.442626953125
Epoch 59: loss = 2086.300048828125
Epoch 60: loss = 2086.185302734375
Epoch 61: loss = 2086.060302734375
Epoch 62: loss = 2086.03466796875
Epoch 63: loss = 2085.9462890625
Epoch 64: loss = 2085.839111328125
Epoch 65: loss = 2085.736328125
Epoch 66: loss = 2085.723876953125
Epoch 67: loss = 2085.624267578125
Epoch 68: loss = 2085.529541015625
Epoch 69: loss = 2085.4365234375
Epoch 70: loss = 2085.3564453125
Epoch 71: loss = 2085.293212890625
Epoch 72: loss = 2085.239501953125
Epoch 73: loss = 2085.177001953125
Epoch 74: loss = 2085.122802734375
Epoch 75: loss = 2085.118896484375
Epoch 76: loss = 2085.063720703125
Epoch 77: loss = 2085.026611328125
Epoch 78: loss = 2084.977783203125
Epoch 79: loss = 2084.943603515625
Epoch 80: loss = 2084.909423828125
Epoch 81: loss = 2084.876220703125
Epoch 82: loss = 2084.847900390625
Epoch 83: loss = 2084.819091796875
Epoch 84: loss = 2084.787841796875
Epoch 85: loss = 2084.780517578125
Epoch 86: loss = 2084.77392578125
Epoch 87: loss = 2084.747314453125
Epoch 88: loss = 2084.731689453125
Epoch 89: loss = 2084.720947265625
Epoch 90: loss = 2084.69921875
Epoch 91: loss = 2084.68505859375
Epoch 92: loss = 2084.670166015625
Epoch 93: loss = 2084.657470703125
Epoch 94: loss = 2084.642333984375
Epoch 95: loss = 2084.6259765625
Epoch 96: loss = 2084.620361328125
Epoch 97: loss = 2084.604248046875
Epoch 98: loss = 2084.58251953125
Epoch 99: loss = 2084.57421875
Epoch 100: loss = 2084.55126953125
Epoch 101: loss = 2084.541748046875
Epoch 102: loss = 2084.502197265625
Epoch 103: loss = 2084.396728515625
Epoch 104: loss = 2084.044677734375
Epoch 105: loss = 2083.43505859375
Epoch 106: loss = 2082.8447265625
Epoch 107: loss = 2082.389892578125
Epoch 108: loss = 2082.05810546875
Epoch 109: loss = 2081.77685546875
Epoch 110: loss = 2081.57763671875
Epoch 111: loss = 2081.411865234375
Epoch 112: loss = 2081.27783203125
Epoch 113: loss = 2081.190673828125
Epoch 114: loss = 2081.120361328125
Epoch 115: loss = 2081.057861328125
Epoch 116: loss = 2081.018310546875
Epoch 117: loss = 2080.97998046875
Epoch 118: loss = 2080.951904296875
Epoch 119: loss = 2080.942626953125
Epoch 120: loss = 2080.942626953125
Epoch 121: loss = 2080.91748046875
Epoch 122: loss = 2080.89794921875
Epoch 123: loss = 2080.895263671875
Epoch 124: loss = 2080.89306640625
Epoch 125: loss = 2080.885009765625
Epoch 126: loss = 2080.873779296875
Epoch 127: loss = 2080.86279296875
Epoch 128: loss = 2080.849853515625
Epoch 129: loss = 2080.8447265625
Epoch 130: loss = 2080.842041015625
Epoch 131: loss = 2080.829833984375
Epoch 132: loss = 2080.81982421875
Epoch 133: loss = 2080.813232421875
Epoch 134: loss = 2080.795654296875
Epoch 135: loss = 2080.788818359375
Epoch 136: loss = 2080.779541015625
Epoch 137: loss = 2080.775634765625
Epoch 138: loss = 2080.770263671875
Epoch 139: loss = 2080.762451171875
Epoch 140: loss = 2080.753173828125
Epoch 141: loss = 2080.74072265625
Epoch 142: loss = 2080.72802734375
Epoch 143: loss = 2080.729248046875
Epoch 144: loss = 2080.7275390625
Epoch 145: loss = 2080.71533203125
Epoch 146: loss = 2080.712646484375
Epoch 147: loss = 2080.706298828125
Epoch 148: loss = 2080.69580078125
Epoch 149: loss = 2080.697509765625
Epoch 150: loss = 2080.690673828125
Epoch 151: loss = 2080.688720703125
Epoch 152: loss = 2080.686279296875
Epoch 153: loss = 2080.6806640625
Epoch 154: loss = 2080.68603515625
Epoch 155: loss = 2080.681884765625
Epoch 156: loss = 2080.677490234375
Epoch 157: loss = 2080.681884765625
Epoch 158: loss = 2080.675537109375
Epoch 159: loss = 2080.67626953125
Epoch 160: loss = 2080.676025390625
Epoch 161: loss = 2080.669189453125
Epoch 162: loss = 2080.67138671875
Epoch 163: loss = 2080.674072265625
Epoch 164: loss = 2080.669677734375
Epoch 165: loss = 2080.67333984375
Epoch 166: loss = 2080.671142578125
Early stopping at epoch 166 with loss 2080.669189453125
Reconstruction for fluence = 14384.498882876629 photons/pixel
Epoch 0: loss = 1981423872.0
Epoch 1: loss = 4897913.0
Epoch 2: loss = 1152664.125
Epoch 3: loss = 399103.4375
Epoch 4: loss = 177851.96875
Epoch 5: loss = 103668.4375
Epoch 6: loss = 78565.7265625
Epoch 7: loss = 64853.765625
Epoch 8: loss = 56198.15234375
Epoch 9: loss = 50110.20703125
Epoch 10: loss = 45225.91015625
Epoch 11: loss = 41668.58984375
Epoch 12: loss = 39332.45703125
Epoch 13: loss = 37377.2265625
Epoch 14: loss = 35886.30859375
Epoch 15: loss = 34628.45703125
Epoch 16: loss = 33616.84765625
Epoch 17: loss = 32876.9296875
Epoch 18: loss = 31891.173828125
Epoch 19: loss = 30463.771484375
Epoch 20: loss = 28880.93359375
Epoch 21: loss = 27286.44921875
Epoch 22: loss = 25793.212890625
Epoch 23: loss = 24038.375
Epoch 24: loss = 22007.138671875
Epoch 25: loss = 18883.34375
Epoch 26: loss = 14246.7373046875
Epoch 27: loss = 11187.64453125
Epoch 28: loss = 8186.67822265625
Epoch 29: loss = 6854.23974609375
Epoch 30: loss = 6121.82275390625
Epoch 31: loss = 5698.04638671875
Epoch 32: loss = 5447.2275390625
Epoch 33: loss = 5269.14404296875
Epoch 34: loss = 5145.74658203125
Epoch 35: loss = 5058.47509765625
Epoch 36: loss = 4998.09228515625
Epoch 37: loss = 4951.78759765625
Epoch 38: loss = 4914.7109375
Epoch 39: loss = 4887.564453125
Epoch 40: loss = 4863.64697265625
Epoch 41: loss = 4845.2060546875
Epoch 42: loss = 4830.0576171875
Epoch 43: loss = 4817.0361328125
Epoch 44: loss = 4806.82275390625
Epoch 45: loss = 4797.63427734375
Epoch 46: loss = 4790.80712890625
Epoch 47: loss = 4785.43798828125
Epoch 48: loss = 4780.67626953125
Epoch 49: loss = 4776.3203125
Epoch 50: loss = 4772.5380859375
Epoch 51: loss = 4769.29248046875
Epoch 52: loss = 4766.72216796875
Epoch 53: loss = 4764.60498046875
Epoch 54: loss = 4762.82568359375
Epoch 55: loss = 4761.32080078125
Epoch 56: loss = 4759.853515625
Epoch 57: loss = 4758.61865234375
Epoch 58: loss = 4757.68310546875
Epoch 59: loss = 4756.8427734375
Epoch 60: loss = 4756.12939453125
Epoch 61: loss = 4755.45654296875
Epoch 62: loss = 4754.796875
Epoch 63: loss = 4754.271484375
Epoch 64: loss = 4753.80712890625
Epoch 65: loss = 4753.3837890625
Epoch 66: loss = 4753.08740234375
Epoch 67: loss = 4752.78564453125
Epoch 68: loss = 4752.7587890625
Epoch 69: loss = 4752.5390625
Epoch 70: loss = 4752.36181640625
Epoch 71: loss = 4752.2275390625
Epoch 72: loss = 4752.041015625
Epoch 73: loss = 4751.92822265625
Epoch 74: loss = 4751.779296875
Epoch 75: loss = 4751.65185546875
Epoch 76: loss = 4751.625
Epoch 77: loss = 4751.54345703125
Epoch 78: loss = 4751.5283203125
Epoch 79: loss = 4751.4619140625
Epoch 80: loss = 4751.40380859375
Epoch 81: loss = 4751.3291015625
Epoch 82: loss = 4751.26806640625
Epoch 83: loss = 4751.2255859375
Epoch 84: loss = 4751.16650390625
Epoch 85: loss = 4751.1318359375
Epoch 86: loss = 4751.06494140625
Epoch 87: loss = 4751.05908203125
Epoch 88: loss = 4751.015625
Epoch 89: loss = 4750.9814453125
Epoch 90: loss = 4750.9697265625
Epoch 91: loss = 4750.93994140625
Epoch 92: loss = 4750.91796875
Epoch 93: loss = 4750.86865234375
Epoch 94: loss = 4750.8544921875
Epoch 95: loss = 4750.84228515625
Epoch 96: loss = 4750.822265625
Epoch 97: loss = 4750.79833984375
Epoch 98: loss = 4750.775390625
Epoch 99: loss = 4750.7568359375
Epoch 100: loss = 4750.7314453125
Epoch 101: loss = 4750.73486328125
Epoch 102: loss = 4750.7041015625
Epoch 103: loss = 4750.689453125
Epoch 104: loss = 4750.689453125
Epoch 105: loss = 4750.6796875
Epoch 106: loss = 4750.68994140625
Epoch 107: loss = 4750.6396484375
Epoch 108: loss = 4750.6591796875
Epoch 109: loss = 4750.62353515625
Epoch 110: loss = 4750.642578125
Epoch 111: loss = 4750.625
Epoch 112: loss = 4750.61474609375
Epoch 113: loss = 4750.6162109375
Epoch 114: loss = 4750.60498046875
Epoch 115: loss = 4750.61572265625
Epoch 116: loss = 4750.59619140625
Epoch 117: loss = 4750.6025390625
Epoch 118: loss = 4750.5869140625
Epoch 119: loss = 4750.5859375
Epoch 120: loss = 4750.57958984375
Epoch 121: loss = 4750.58251953125
Epoch 122: loss = 4750.57275390625
Epoch 123: loss = 4750.5625
Epoch 124: loss = 4750.56494140625
Epoch 125: loss = 4750.564453125
Epoch 126: loss = 4750.5634765625
Epoch 127: loss = 4750.54443359375
Epoch 128: loss = 4750.52587890625
Epoch 129: loss = 4750.5087890625
Epoch 130: loss = 4750.53369140625
Epoch 131: loss = 4750.51416015625
Epoch 132: loss = 4750.50634765625
Epoch 133: loss = 4750.5087890625
Epoch 134: loss = 4750.50927734375
Epoch 135: loss = 4750.484375
Epoch 136: loss = 4750.48193359375
Epoch 137: loss = 4750.47900390625
Epoch 138: loss = 4750.470703125
Epoch 139: loss = 4750.45849609375
Epoch 140: loss = 4750.4462890625
Epoch 141: loss = 4750.44384765625
Epoch 142: loss = 4750.4423828125
Epoch 143: loss = 4750.431640625
Epoch 144: loss = 4750.416015625
Epoch 145: loss = 4750.39599609375
Epoch 146: loss = 4750.390625
Epoch 147: loss = 4750.38525390625
Epoch 148: loss = 4750.36865234375
Epoch 149: loss = 4750.34716796875
Epoch 150: loss = 4750.3447265625
Epoch 151: loss = 4750.3291015625
Epoch 152: loss = 4750.32958984375
Epoch 153: loss = 4750.322265625
Epoch 154: loss = 4750.33447265625
Epoch 155: loss = 4750.27197265625
Epoch 156: loss = 4750.27783203125
Epoch 157: loss = 4750.26904296875
Epoch 158: loss = 4750.25927734375
Epoch 159: loss = 4750.23291015625
Epoch 160: loss = 4750.22509765625
Epoch 161: loss = 4750.22265625
Epoch 162: loss = 4750.22021484375
Epoch 163: loss = 4750.166015625
Epoch 164: loss = 4750.150390625
Epoch 165: loss = 4750.15478515625
Epoch 166: loss = 4750.14501953125
Epoch 167: loss = 4750.11962890625
Epoch 168: loss = 4750.10009765625
Epoch 169: loss = 4750.091796875
Epoch 170: loss = 4750.068359375
Epoch 171: loss = 4750.046875
Epoch 172: loss = 4750.00048828125
Epoch 173: loss = 4749.98828125
Epoch 174: loss = 4749.97021484375
Epoch 175: loss = 4749.97021484375
Epoch 176: loss = 4749.92822265625
Epoch 177: loss = 4749.8916015625
Epoch 178: loss = 4749.8583984375
Epoch 179: loss = 4749.8134765625
Epoch 180: loss = 4749.74853515625
Epoch 181: loss = 4749.72509765625
Epoch 182: loss = 4749.6689453125
Epoch 183: loss = 4749.62841796875
Epoch 184: loss = 4749.56591796875
Epoch 185: loss = 4749.49951171875
Epoch 186: loss = 4749.4501953125
Epoch 187: loss = 4749.3984375
Epoch 188: loss = 4749.37841796875
Epoch 189: loss = 4749.32568359375
Epoch 190: loss = 4749.32763671875
Epoch 191: loss = 4749.28857421875
Epoch 192: loss = 4749.29345703125
Epoch 193: loss = 4749.24755859375
Epoch 194: loss = 4749.25
Epoch 195: loss = 4749.251953125
Epoch 196: loss = 4749.244140625
Epoch 197: loss = 4749.2529296875
Epoch 198: loss = 4749.24072265625
Epoch 199: loss = 4749.24072265625
Epoch 200: loss = 4749.22900390625
Epoch 201: loss = 4749.22021484375
Epoch 202: loss = 4749.23681640625
Epoch 203: loss = 4749.2255859375
Epoch 204: loss = 4749.21533203125
Epoch 205: loss = 4749.20947265625
Epoch 206: loss = 4749.23193359375
Epoch 207: loss = 4749.19970703125
Epoch 208: loss = 4749.20166015625
Epoch 209: loss = 4749.19482421875
Epoch 210: loss = 4749.1943359375
Epoch 211: loss = 4749.18994140625
Epoch 212: loss = 4749.18603515625
Epoch 213: loss = 4749.19189453125
Epoch 214: loss = 4749.2021484375
Epoch 215: loss = 4749.19482421875
Epoch 216: loss = 4749.19775390625
Epoch 217: loss = 4749.19482421875
Early stopping at epoch 217 with loss 4749.18603515625
Reconstruction for fluence = 33598.18286283781 photons/pixel
Epoch 0: loss = 10811424768.0
Epoch 1: loss = 26639784.0
Epoch 2: loss = 5973624.5
Epoch 3: loss = 1969984.0
Epoch 4: loss = 903559.25
Epoch 5: loss = 523040.28125
Epoch 6: loss = 394961.40625
Epoch 7: loss = 326292.65625
Epoch 8: loss = 282915.90625
Epoch 9: loss = 250336.328125
Epoch 10: loss = 223333.265625
Epoch 11: loss = 205114.96875
Epoch 12: loss = 192282.3125
Epoch 13: loss = 182775.328125
Epoch 14: loss = 175055.71875
Epoch 15: loss = 168822.03125
Epoch 16: loss = 163884.890625
Epoch 17: loss = 159587.703125
Epoch 18: loss = 153771.640625
Epoch 19: loss = 146222.859375
Epoch 20: loss = 137880.875
Epoch 21: loss = 129095.2890625
Epoch 22: loss = 120442.109375
Epoch 23: loss = 110378.4140625
Epoch 24: loss = 97304.8359375
Epoch 25: loss = 78850.5703125
Epoch 26: loss = 53399.4453125
Epoch 27: loss = 37657.5
Epoch 28: loss = 27094.771484375
Epoch 29: loss = 21556.150390625
Epoch 30: loss = 18329.02734375
Epoch 31: loss = 16253.6201171875
Epoch 32: loss = 15040.2001953125
Epoch 33: loss = 14190.2412109375
Epoch 34: loss = 13611.7158203125
Epoch 35: loss = 13180.3994140625
Epoch 36: loss = 12832.5556640625
Epoch 37: loss = 12600.48828125
Epoch 38: loss = 12438.833984375
Epoch 39: loss = 12279.755859375
Epoch 40: loss = 12161.8974609375
Epoch 41: loss = 12060.19140625
Epoch 42: loss = 11980.4111328125
Epoch 43: loss = 11921.697265625
Epoch 44: loss = 11873.5693359375
Epoch 45: loss = 11829.498046875
Epoch 46: loss = 11794.240234375
Epoch 47: loss = 11765.8330078125
Epoch 48: loss = 11744.380859375
Epoch 49: loss = 11725.0537109375
Epoch 50: loss = 11708.9716796875
Epoch 51: loss = 11696.00390625
Epoch 52: loss = 11685.2060546875
Epoch 53: loss = 11675.888671875
Epoch 54: loss = 11668.341796875
Epoch 55: loss = 11662.2763671875
Epoch 56: loss = 11656.5751953125
Epoch 57: loss = 11652.0703125
Epoch 58: loss = 11648.3232421875
Epoch 59: loss = 11645.1767578125
Epoch 60: loss = 11642.5400390625
Epoch 61: loss = 11640.0625
Epoch 62: loss = 11637.9482421875
Epoch 63: loss = 11636.1630859375
Epoch 64: loss = 11634.5458984375
Epoch 65: loss = 11633.125
Epoch 66: loss = 11631.908203125
Epoch 67: loss = 11630.6279296875
Epoch 68: loss = 11629.7724609375
Epoch 69: loss = 11628.8193359375
Epoch 70: loss = 11627.939453125
Epoch 71: loss = 11627.1728515625
Epoch 72: loss = 11626.359375
Epoch 73: loss = 11625.7451171875
Epoch 74: loss = 11625.0712890625
Epoch 75: loss = 11624.4189453125
Epoch 76: loss = 11623.94921875
Epoch 77: loss = 11623.7314453125
Epoch 78: loss = 11623.1494140625
Epoch 79: loss = 11622.75390625
Epoch 80: loss = 11622.3046875
Epoch 81: loss = 11621.9296875
Epoch 82: loss = 11621.53515625
Epoch 83: loss = 11621.2275390625
Epoch 84: loss = 11620.8232421875
Epoch 85: loss = 11620.5400390625
Epoch 86: loss = 11620.2353515625
Epoch 87: loss = 11619.8720703125
Epoch 88: loss = 11619.6689453125
Epoch 89: loss = 11619.3505859375
Epoch 90: loss = 11619.0849609375
Epoch 91: loss = 11618.8330078125
Epoch 92: loss = 11618.5009765625
Epoch 93: loss = 11618.2412109375
Epoch 94: loss = 11617.966796875
Epoch 95: loss = 11617.6123046875
Epoch 96: loss = 11617.3076171875
Epoch 97: loss = 11616.95703125
Epoch 98: loss = 11616.48828125
Epoch 99: loss = 11616.2158203125
Epoch 100: loss = 11615.818359375
Epoch 101: loss = 11615.5439453125
Epoch 102: loss = 11615.30859375
Epoch 103: loss = 11615.095703125
Epoch 104: loss = 11614.921875
Epoch 105: loss = 11614.751953125
Epoch 106: loss = 11614.751953125
Epoch 107: loss = 11614.591796875
Epoch 108: loss = 11614.3984375
Epoch 109: loss = 11614.2431640625
Epoch 110: loss = 11614.078125
Epoch 111: loss = 11613.8818359375
Epoch 112: loss = 11613.66015625
Epoch 113: loss = 11613.484375
Epoch 114: loss = 11613.3076171875
Epoch 115: loss = 11613.28125
Epoch 116: loss = 11613.095703125
Epoch 117: loss = 11612.9580078125
Epoch 118: loss = 11612.794921875
Epoch 119: loss = 11612.75
Epoch 120: loss = 11612.6064453125
Epoch 121: loss = 11612.50390625
Epoch 122: loss = 11612.421875
Epoch 123: loss = 11612.2421875
Epoch 124: loss = 11612.17578125
Epoch 125: loss = 11612.1474609375
Epoch 126: loss = 11612.0869140625
Epoch 127: loss = 11612.01953125
Epoch 128: loss = 11611.994140625
Epoch 129: loss = 11611.939453125
Epoch 130: loss = 11611.904296875
Epoch 131: loss = 11611.908203125
Epoch 132: loss = 11611.904296875
Epoch 133: loss = 11611.892578125
Epoch 134: loss = 11611.7783203125
Epoch 135: loss = 11611.8427734375
Epoch 136: loss = 11611.78125
Epoch 137: loss = 11611.828125
Epoch 138: loss = 11611.8330078125
Epoch 139: loss = 11611.7392578125
Epoch 140: loss = 11611.755859375
Epoch 141: loss = 11611.80078125
Epoch 142: loss = 11611.7548828125
Epoch 143: loss = 11611.7412109375
Epoch 144: loss = 11611.7705078125
Early stopping at epoch 144 with loss 11611.7392578125
Reconstruction for fluence = 78475.99703514607 photons/pixel
Epoch 0: loss = 58977841152.0
Epoch 1: loss = 145475216.0
Epoch 2: loss = 33027848.0
Epoch 3: loss = 11228454.0
Epoch 4: loss = 4781921.0
Epoch 5: loss = 2740171.75
Epoch 6: loss = 2015825.75
Epoch 7: loss = 1650879.125
Epoch 8: loss = 1418321.75
Epoch 9: loss = 1239507.125
Epoch 10: loss = 1108292.0
Epoch 11: loss = 1029075.0
Epoch 12: loss = 975387.3125
Epoch 13: loss = 933446.3125
Epoch 14: loss = 900319.8125
Epoch 15: loss = 873515.5625
Epoch 16: loss = 849229.3125
Epoch 17: loss = 825450.875
Epoch 18: loss = 790000.6875
Epoch 19: loss = 745536.8125
Epoch 20: loss = 699656.875
Epoch 21: loss = 648428.875
Epoch 22: loss = 601657.8125
Epoch 23: loss = 541387.0625
Epoch 24: loss = 463969.46875
Epoch 25: loss = 330899.65625
Epoch 26: loss = 201582.40625
Epoch 27: loss = 132498.78125
Epoch 28: loss = 92968.234375
Epoch 29: loss = 70789.375
Epoch 30: loss = 57833.0078125
Epoch 31: loss = 49918.3125
Epoch 32: loss = 44692.296875
Epoch 33: loss = 41240.92578125
Epoch 34: loss = 38694.25
Epoch 35: loss = 36689.33203125
Epoch 36: loss = 35224.55078125
Epoch 37: loss = 34071.078125
Epoch 38: loss = 33228.86328125
Epoch 39: loss = 32543.4453125
Epoch 40: loss = 31952.125
Epoch 41: loss = 31477.826171875
Epoch 42: loss = 31074.34765625
Epoch 43: loss = 30756.541015625
Epoch 44: loss = 30494.048828125
Epoch 45: loss = 30252.326171875
Epoch 46: loss = 30053.5
Epoch 47: loss = 29870.896484375
Epoch 48: loss = 29742.794921875
Epoch 49: loss = 29611.583984375
Epoch 50: loss = 29499.583984375
Epoch 51: loss = 29406.58984375
Epoch 52: loss = 29321.2890625
Epoch 53: loss = 29258.3125
Epoch 54: loss = 29206.134765625
Epoch 55: loss = 29165.861328125
Epoch 56: loss = 29132.59765625
Epoch 57: loss = 29103.259765625
Epoch 58: loss = 29079.439453125
Epoch 59: loss = 29056.2890625
Epoch 60: loss = 29035.169921875
Epoch 61: loss = 29012.7890625
Epoch 62: loss = 28995.029296875
Epoch 63: loss = 28980.544921875
Epoch 64: loss = 28967.193359375
Epoch 65: loss = 28953.66015625
Epoch 66: loss = 28942.083984375
Epoch 67: loss = 28931.283203125
Epoch 68: loss = 28921.71875
Epoch 69: loss = 28914.115234375
Epoch 70: loss = 28907.03515625
Epoch 71: loss = 28901.419921875
Epoch 72: loss = 28899.767578125
Epoch 73: loss = 28894.12109375
Epoch 74: loss = 28890.00390625
Epoch 75: loss = 28885.931640625
Epoch 76: loss = 28883.119140625
Epoch 77: loss = 28879.3671875
Epoch 78: loss = 28875.53125
Epoch 79: loss = 28871.841796875
Epoch 80: loss = 28868.69921875
Epoch 81: loss = 28867.634765625
Epoch 82: loss = 28863.64453125
Epoch 83: loss = 28860.185546875
Epoch 84: loss = 28856.31640625
Epoch 85: loss = 28852.9296875
Epoch 86: loss = 28849.708984375
Epoch 87: loss = 28846.65234375
Epoch 88: loss = 28844.205078125
Epoch 89: loss = 28841.546875
Epoch 90: loss = 28839.02734375
Epoch 91: loss = 28836.56640625
Epoch 92: loss = 28833.689453125
Epoch 93: loss = 28831.185546875
Epoch 94: loss = 28828.373046875
Epoch 95: loss = 28825.708984375
Epoch 96: loss = 28823.111328125
Epoch 97: loss = 28820.4765625
Epoch 98: loss = 28817.322265625
Epoch 99: loss = 28814.65234375
Epoch 100: loss = 28811.669921875
Epoch 101: loss = 28809.361328125
Epoch 102: loss = 28806.896484375
Epoch 103: loss = 28803.9453125
Epoch 104: loss = 28801.353515625
Epoch 105: loss = 28798.552734375
Epoch 106: loss = 28795.84375
Epoch 107: loss = 28793.59765625
Epoch 108: loss = 28791.169921875
Epoch 109: loss = 28789.169921875
Epoch 110: loss = 28786.86328125
Epoch 111: loss = 28786.634765625
Epoch 112: loss = 28785.763671875
Epoch 113: loss = 28783.73828125
Epoch 114: loss = 28781.84375
Epoch 115: loss = 28781.27734375
Epoch 116: loss = 28779.427734375
Epoch 117: loss = 28777.978515625
Epoch 118: loss = 28776.169921875
Epoch 119: loss = 28775.099609375
Epoch 120: loss = 28773.4921875
Epoch 121: loss = 28771.998046875
Epoch 122: loss = 28770.896484375
Epoch 123: loss = 28769.376953125
Epoch 124: loss = 28768.107421875
Epoch 125: loss = 28766.939453125
Epoch 126: loss = 28765.71484375
Epoch 127: loss = 28764.34375
Epoch 128: loss = 28762.822265625
Epoch 129: loss = 28761.603515625
Epoch 130: loss = 28759.97265625
Epoch 131: loss = 28758.34765625
Epoch 132: loss = 28757.275390625
Epoch 133: loss = 28755.650390625
Epoch 134: loss = 28754.041015625
Epoch 135: loss = 28752.748046875
Epoch 136: loss = 28751.58984375
Epoch 137: loss = 28750.35546875
Epoch 138: loss = 28749.130859375
Epoch 139: loss = 28747.830078125
Epoch 140: loss = 28746.638671875
Epoch 141: loss = 28745.634765625
Epoch 142: loss = 28744.294921875
Epoch 143: loss = 28743.416015625
Epoch 144: loss = 28742.3125
Epoch 145: loss = 28741.521484375
Epoch 146: loss = 28740.78515625
Epoch 147: loss = 28739.7578125
Epoch 148: loss = 28738.873046875
Epoch 149: loss = 28738.111328125
Epoch 150: loss = 28737.5078125
Epoch 151: loss = 28737.177734375
Epoch 152: loss = 28736.58984375
Epoch 153: loss = 28735.98046875
Epoch 154: loss = 28735.337890625
Epoch 155: loss = 28734.84765625
Epoch 156: loss = 28734.265625
Epoch 157: loss = 28733.71484375
Epoch 158: loss = 28733.759765625
Epoch 159: loss = 28733.40234375
Epoch 160: loss = 28732.728515625
Epoch 161: loss = 28732.330078125
Epoch 162: loss = 28731.978515625
Epoch 163: loss = 28731.431640625
Epoch 164: loss = 28731.130859375
Epoch 165: loss = 28730.599609375
Epoch 166: loss = 28730.134765625
Epoch 167: loss = 28729.865234375
Epoch 168: loss = 28729.3515625
Epoch 169: loss = 28729.087890625
Epoch 170: loss = 28728.73046875
Epoch 171: loss = 28728.27734375
Epoch 172: loss = 28727.966796875
Epoch 173: loss = 28727.697265625
Epoch 174: loss = 28727.453125
Epoch 175: loss = 28726.681640625
Epoch 176: loss = 28726.607421875
Epoch 177: loss = 28726.10546875
Epoch 178: loss = 28725.984375
Epoch 179: loss = 28725.763671875
Epoch 180: loss = 28725.28125
Epoch 181: loss = 28725.201171875
Epoch 182: loss = 28724.59765625
Epoch 183: loss = 28724.779296875
Epoch 184: loss = 28724.38671875
Epoch 185: loss = 28724.1171875
Epoch 186: loss = 28724.259765625
Epoch 187: loss = 28723.951171875
Epoch 188: loss = 28723.740234375
Epoch 189: loss = 28723.419921875
Epoch 190: loss = 28723.412109375
Epoch 191: loss = 28723.197265625
Epoch 192: loss = 28723.15625
Epoch 193: loss = 28723.177734375
Epoch 194: loss = 28722.728515625
Epoch 195: loss = 28723.0078125
Epoch 196: loss = 28722.71484375
Epoch 197: loss = 28722.59375
Epoch 198: loss = 28722.71484375
Epoch 199: loss = 28722.451171875
Epoch 200: loss = 28722.6015625
Epoch 201: loss = 28722.390625
Epoch 202: loss = 28722.396484375
Epoch 203: loss = 28722.359375
Epoch 204: loss = 28722.134765625
Epoch 205: loss = 28722.34375
Epoch 206: loss = 28722.291015625
Epoch 207: loss = 28722.162109375
Epoch 208: loss = 28722.333984375
Epoch 209: loss = 28721.962890625
Epoch 210: loss = 28722.185546875
Epoch 211: loss = 28722.107421875
Epoch 212: loss = 28722.0859375
Epoch 213: loss = 28722.275390625
Epoch 214: loss = 28722.173828125
Early stopping at epoch 214 with loss 28721.962890625
Reconstruction for fluence = 183298.07108324335 photons/pixel
Epoch 0: loss = 321755774976.0
Epoch 1: loss = 792601856.0
Epoch 2: loss = 178694880.0
Epoch 3: loss = 58488036.0
Epoch 4: loss = 24547588.0
Epoch 5: loss = 14610528.0
Epoch 6: loss = 10831739.0
Epoch 7: loss = 8882098.0
Epoch 8: loss = 7694117.5
Epoch 9: loss = 6790954.5
Epoch 10: loss = 6065680.5
Epoch 11: loss = 5619401.0
Epoch 12: loss = 5305551.0
Epoch 13: loss = 5068568.0
Epoch 14: loss = 4866405.5
Epoch 15: loss = 4702943.0
Epoch 16: loss = 4570621.5
Epoch 17: loss = 4428368.5
Epoch 18: loss = 4232897.0
Epoch 19: loss = 3975038.75
Epoch 20: loss = 3747418.75
Epoch 21: loss = 3491332.75
Epoch 22: loss = 3229795.75
Epoch 23: loss = 2900952.0
Epoch 24: loss = 2473800.0
Epoch 25: loss = 1771690.0
Epoch 26: loss = 1052889.625
Epoch 27: loss = 639877.125
Epoch 28: loss = 424491.84375
Epoch 29: loss = 294094.90625
Epoch 30: loss = 217989.5
Epoch 31: loss = 172889.03125
Epoch 32: loss = 144254.609375
Epoch 33: loss = 128933.859375
Epoch 34: loss = 113833.2890625
Epoch 35: loss = 102947.734375
Epoch 36: loss = 95054.859375
Epoch 37: loss = 88772.8125
Epoch 38: loss = 84375.0
Epoch 39: loss = 80499.15625
Epoch 40: loss = 77383.1875
Epoch 41: loss = 74942.8359375
Epoch 42: loss = 72746.984375
Epoch 43: loss = 70973.4765625
Epoch 44: loss = 69424.5390625
Epoch 45: loss = 68007.2890625
Epoch 46: loss = 66804.71875
Epoch 47: loss = 65853.1015625
Epoch 48: loss = 65039.54296875
Epoch 49: loss = 64340.70703125
Epoch 50: loss = 63792.67578125
Epoch 51: loss = 63343.23046875
Epoch 52: loss = 62892.8828125
Epoch 53: loss = 62586.97265625
Epoch 54: loss = 62334.5546875
Epoch 55: loss = 62145.96484375
Epoch 56: loss = 61988.30078125
Epoch 57: loss = 61853.89453125
Epoch 58: loss = 61744.34765625
Epoch 59: loss = 61651.375
Epoch 60: loss = 61573.70703125
Epoch 61: loss = 61505.89453125
Epoch 62: loss = 61442.84765625
Epoch 63: loss = 61391.1796875
Epoch 64: loss = 61344.27734375
Epoch 65: loss = 61307.390625
Epoch 66: loss = 61269.04296875
Epoch 67: loss = 61237.80078125
Epoch 68: loss = 61211.66796875
Epoch 69: loss = 61189.27734375
Epoch 70: loss = 61171.55078125
Epoch 71: loss = 61154.48828125
Epoch 72: loss = 61138.23046875
Epoch 73: loss = 61122.765625
Epoch 74: loss = 61115.86328125
Epoch 75: loss = 61102.015625
Epoch 76: loss = 61089.67578125
Epoch 77: loss = 61077.91796875
Epoch 78: loss = 61067.89453125
Epoch 79: loss = 61057.390625
Epoch 80: loss = 61047.40234375
Epoch 81: loss = 61038.08203125
Epoch 82: loss = 61028.85546875
Epoch 83: loss = 61019.41796875
Epoch 84: loss = 61010.27734375
Epoch 85: loss = 61002.08203125
Epoch 86: loss = 60993.890625
Epoch 87: loss = 60986.0546875
Epoch 88: loss = 60978.578125
Epoch 89: loss = 60969.95703125
Epoch 90: loss = 60963.04296875
Epoch 91: loss = 60955.17578125
Epoch 92: loss = 60948.48046875
Epoch 93: loss = 60941.98046875
Epoch 94: loss = 60934.390625
Epoch 95: loss = 60929.03515625
Epoch 96: loss = 60922.20703125
Epoch 97: loss = 60917.14453125
Epoch 98: loss = 60910.890625
Epoch 99: loss = 60904.22265625
Epoch 100: loss = 60898.4296875
Epoch 101: loss = 60893.48828125
Epoch 102: loss = 60887.48828125
Epoch 103: loss = 60882.4453125
Epoch 104: loss = 60876.97265625
Epoch 105: loss = 60871.73828125
Epoch 106: loss = 60867.64453125
Epoch 107: loss = 60866.29296875
Epoch 108: loss = 60865.47265625
Epoch 109: loss = 60859.5546875
Epoch 110: loss = 60855.73828125
Epoch 111: loss = 60851.140625
Epoch 112: loss = 60846.1953125
Epoch 113: loss = 60841.6953125
Epoch 114: loss = 60837.76953125
Epoch 115: loss = 60833.1953125
Epoch 116: loss = 60831.25
Epoch 117: loss = 60826.9453125
Epoch 118: loss = 60821.8203125
Epoch 119: loss = 60818.45703125
Epoch 120: loss = 60812.60546875
Epoch 121: loss = 60806.66015625
Epoch 122: loss = 60801.86328125
Epoch 123: loss = 60795.97265625
Epoch 124: loss = 60790.73828125
Epoch 125: loss = 60784.97265625
Epoch 126: loss = 60780.08203125
Epoch 127: loss = 60775.5
Epoch 128: loss = 60771.4453125
Epoch 129: loss = 60768.765625
Epoch 130: loss = 60766.3671875
Epoch 131: loss = 60764.35546875
Epoch 132: loss = 60762.20703125
Epoch 133: loss = 60761.8046875
Epoch 134: loss = 60760.72265625
Epoch 135: loss = 60759.58203125
Epoch 136: loss = 60759.15234375
Epoch 137: loss = 60757.8046875
Epoch 138: loss = 60757.4453125
Epoch 139: loss = 60757.4453125
Epoch 140: loss = 60757.4453125
Epoch 141: loss = 60757.3203125
Epoch 142: loss = 60757.3046875
Epoch 143: loss = 60756.26953125
Epoch 144: loss = 60757.41015625
Epoch 145: loss = 60757.16796875
Epoch 146: loss = 60756.140625
Epoch 147: loss = 60755.08203125
Epoch 148: loss = 60755.96484375
Epoch 149: loss = 60755.6328125
Epoch 150: loss = 60755.16796875
Epoch 151: loss = 60755.4296875
Epoch 152: loss = 60755.4453125
Early stopping at epoch 152 with loss 60755.08203125
Reconstruction for fluence = 428133.2398719387 photons/pixel
Epoch 0: loss = 1755397226496.0
Epoch 1: loss = 4326935040.0
Epoch 2: loss = 978394688.0
Epoch 3: loss = 325353504.0
Epoch 4: loss = 136438304.0
Epoch 5: loss = 80054528.0
Epoch 6: loss = 59807460.0
Epoch 7: loss = 49614896.0
Epoch 8: loss = 42319396.0
Epoch 9: loss = 37304848.0
Epoch 10: loss = 33170262.0
Epoch 11: loss = 30571484.0
Epoch 12: loss = 28740858.0
Epoch 13: loss = 27425544.0
Epoch 14: loss = 26371584.0
Epoch 15: loss = 25436344.0
Epoch 16: loss = 24735216.0
Epoch 17: loss = 24074248.0
Epoch 18: loss = 23189664.0
Epoch 19: loss = 21850906.0
Epoch 20: loss = 20406610.0
Epoch 21: loss = 18918458.0
Epoch 22: loss = 17564356.0
Epoch 23: loss = 15795593.0
Epoch 24: loss = 13600069.0
Epoch 25: loss = 10252877.0
Epoch 26: loss = 6286135.5
Epoch 27: loss = 3659496.75
Epoch 28: loss = 2240718.25
Epoch 29: loss = 1534537.875
Epoch 30: loss = 1101725.0
Epoch 31: loss = 833668.5
Epoch 32: loss = 662967.6875
Epoch 33: loss = 538054.25
Epoch 34: loss = 461608.25
Epoch 35: loss = 399092.78125
Epoch 36: loss = 353438.84375
Epoch 37: loss = 315301.15625
Epoch 38: loss = 284727.125
Epoch 39: loss = 261539.5
Epoch 40: loss = 242662.5
Epoch 41: loss = 228840.5
Epoch 42: loss = 214100.328125
Epoch 43: loss = 204023.921875
Epoch 44: loss = 194654.65625
Epoch 45: loss = 187135.96875
Epoch 46: loss = 181556.640625
Epoch 47: loss = 176421.21875
Epoch 48: loss = 172753.15625
Epoch 49: loss = 169668.0625
Epoch 50: loss = 167005.40625
Epoch 51: loss = 164742.453125
Epoch 52: loss = 162903.671875
Epoch 53: loss = 161494.734375
Epoch 54: loss = 160313.046875
Epoch 55: loss = 159269.53125
Epoch 56: loss = 158445.9375
Epoch 57: loss = 157783.640625
Epoch 58: loss = 157257.015625
Epoch 59: loss = 156760.203125
Epoch 60: loss = 156341.484375
Epoch 61: loss = 155999.390625
Epoch 62: loss = 155708.203125
Epoch 63: loss = 155429.53125
Epoch 64: loss = 155195.328125
Epoch 65: loss = 154976.5
Epoch 66: loss = 154776.78125
Epoch 67: loss = 154604.671875
Epoch 68: loss = 154465.421875
Epoch 69: loss = 154333.75
Epoch 70: loss = 154220.921875
Epoch 71: loss = 154121.640625
Epoch 72: loss = 154030.203125
Epoch 73: loss = 153947.96875
Epoch 74: loss = 153867.171875
Epoch 75: loss = 153793.328125
Epoch 76: loss = 153724.578125
Epoch 77: loss = 153657.546875
Epoch 78: loss = 153600.34375
Epoch 79: loss = 153542.359375
Epoch 80: loss = 153509.53125
Epoch 81: loss = 153457.453125
Epoch 82: loss = 153409.203125
Epoch 83: loss = 153362.078125
Epoch 84: loss = 153319.875
Epoch 85: loss = 153304.71875
Epoch 86: loss = 153261.078125
Epoch 87: loss = 153211.171875
Epoch 88: loss = 153171.234375
Epoch 89: loss = 153134.609375
Epoch 90: loss = 153099.234375
Epoch 91: loss = 153064.21875
Epoch 92: loss = 153024.859375
Epoch 93: loss = 152994.09375
Epoch 94: loss = 152966.3125
Epoch 95: loss = 152932.953125
Epoch 96: loss = 152909.203125
Epoch 97: loss = 152875.328125
Epoch 98: loss = 152849.796875
Epoch 99: loss = 152825.25
Epoch 100: loss = 152801.171875
Epoch 101: loss = 152776.1875
Epoch 102: loss = 152754.03125
Epoch 103: loss = 152731.53125
Epoch 104: loss = 152708.78125
Epoch 105: loss = 152687.265625
Epoch 106: loss = 152669.3125
Epoch 107: loss = 152649.265625
Epoch 108: loss = 152632.8125
Epoch 109: loss = 152615.46875
Epoch 110: loss = 152597.390625
Epoch 111: loss = 152579.984375
Epoch 112: loss = 152562.65625
Epoch 113: loss = 152564.875
Epoch 114: loss = 152545.953125
Epoch 115: loss = 152529.109375
Epoch 116: loss = 152512.09375
Epoch 117: loss = 152497.453125
Epoch 118: loss = 152484.3125
Epoch 119: loss = 152468.125
Epoch 120: loss = 152449.078125
Epoch 121: loss = 152431.5
Epoch 122: loss = 152416.921875
Epoch 123: loss = 152401.09375
Epoch 124: loss = 152380.921875
Epoch 125: loss = 152363.953125
Epoch 126: loss = 152347.25
Epoch 127: loss = 152330.859375
Epoch 128: loss = 152313.671875
Epoch 129: loss = 152301.421875
Epoch 130: loss = 152288.09375
Epoch 131: loss = 152273.953125
Epoch 132: loss = 152261.09375
Epoch 133: loss = 152252.390625
Epoch 134: loss = 152242.609375
Epoch 135: loss = 152232.734375
Epoch 136: loss = 152222.6875
Epoch 137: loss = 152215.390625
Epoch 138: loss = 152207.921875
Epoch 139: loss = 152203.34375
Epoch 140: loss = 152194.15625
Epoch 141: loss = 152186.71875
Epoch 142: loss = 152182.640625
Epoch 143: loss = 152177.828125
Epoch 144: loss = 152176.953125
Epoch 145: loss = 152173.765625
Epoch 146: loss = 152171.640625
Epoch 147: loss = 152164.03125
Epoch 148: loss = 152163.0625
Epoch 149: loss = 152160.109375
Epoch 150: loss = 152155.171875
Epoch 151: loss = 152158.421875
Epoch 152: loss = 152155.25
Epoch 153: loss = 152154.921875
Epoch 154: loss = 152148.9375
Epoch 155: loss = 152149.78125
Epoch 156: loss = 152147.921875
Epoch 157: loss = 152146.84375
Epoch 158: loss = 152146.125
Epoch 159: loss = 152143.78125
Epoch 160: loss = 152144.03125
Epoch 161: loss = 152143.078125
Epoch 162: loss = 152139.828125
Epoch 163: loss = 152137.03125
Epoch 164: loss = 152136.046875
Epoch 165: loss = 152133.328125
Epoch 166: loss = 152131.359375
Epoch 167: loss = 152127.203125
Epoch 168: loss = 152120.078125
Epoch 169: loss = 152114.21875
Epoch 170: loss = 152106.359375
Epoch 171: loss = 152097.40625
Epoch 172: loss = 152088.6875
Epoch 173: loss = 152076.03125
Epoch 174: loss = 152059.265625
Epoch 175: loss = 152042.703125
Epoch 176: loss = 152019.859375
Epoch 177: loss = 151993.75
Epoch 178: loss = 151966.828125
Epoch 179: loss = 151934.734375
Epoch 180: loss = 151896.8125
Epoch 181: loss = 151860.53125
Epoch 182: loss = 151818.53125
Epoch 183: loss = 151781.953125
Epoch 184: loss = 151748.453125
Epoch 185: loss = 151717.46875
Epoch 186: loss = 151687.0
Epoch 187: loss = 151667.828125
Epoch 188: loss = 151651.25
Epoch 189: loss = 151637.859375
Epoch 190: loss = 151628.0625
Epoch 191: loss = 151622.359375
Epoch 192: loss = 151614.21875
Epoch 193: loss = 151611.53125
Epoch 194: loss = 151605.96875
Epoch 195: loss = 151604.46875
Epoch 196: loss = 151600.140625
Epoch 197: loss = 151601.359375
Epoch 198: loss = 151599.734375
Epoch 199: loss = 151598.28125
Epoch 200: loss = 151597.328125
Epoch 201: loss = 151594.90625
Epoch 202: loss = 151594.28125
Epoch 203: loss = 151595.625
Epoch 204: loss = 151592.890625
Epoch 205: loss = 151595.515625
Epoch 206: loss = 151594.3125
Epoch 207: loss = 151596.703125
Epoch 208: loss = 151590.953125
Epoch 209: loss = 151589.859375
Epoch 210: loss = 151594.171875
Epoch 211: loss = 151589.671875
Epoch 212: loss = 151591.703125
Epoch 213: loss = 151591.71875
Epoch 214: loss = 151590.703125
Epoch 215: loss = 151591.15625
Epoch 216: loss = 151594.453125
Early stopping at epoch 216 with loss 151589.671875
Reconstruction for fluence = 1000000.0 photons/pixel
Epoch 0: loss = 9576731639808.0
Epoch 1: loss = 23598051328.0
Epoch 2: loss = 5294071296.0
Epoch 3: loss = 1819688704.0
Epoch 4: loss = 756442688.0
Epoch 5: loss = 449224192.0
Epoch 6: loss = 331337664.0
Epoch 7: loss = 269318368.0
Epoch 8: loss = 230905024.0
Epoch 9: loss = 204195904.0
Epoch 10: loss = 181983888.0
Epoch 11: loss = 167219856.0
Epoch 12: loss = 157588960.0
Epoch 13: loss = 149461136.0
Epoch 14: loss = 143641424.0
Epoch 15: loss = 138313584.0
Epoch 16: loss = 134307440.0
Epoch 17: loss = 130275696.0
Epoch 18: loss = 124671744.0
Epoch 19: loss = 117793928.0
Epoch 20: loss = 110206384.0
Epoch 21: loss = 102321608.0
Epoch 22: loss = 94262120.0
Epoch 23: loss = 84078296.0
Epoch 24: loss = 72081264.0
Epoch 25: loss = 53218668.0
Epoch 26: loss = 31614280.0
Epoch 27: loss = 19216950.0
Epoch 28: loss = 11736083.0
Epoch 29: loss = 7755922.0
Epoch 30: loss = 5358961.5
Epoch 31: loss = 3876943.25
Epoch 32: loss = 2991321.75
Epoch 33: loss = 2389766.5
Epoch 34: loss = 1945962.25
Epoch 35: loss = 1631432.625
Epoch 36: loss = 1377746.875
Epoch 37: loss = 1191190.25
Epoch 38: loss = 1045517.5625
Epoch 39: loss = 927653.5625
Epoch 40: loss = 838568.0
Epoch 41: loss = 764260.875
Epoch 42: loss = 698158.8125
Epoch 43: loss = 646363.0
Epoch 44: loss = 601726.875
Epoch 45: loss = 557424.5625
Epoch 46: loss = 521447.21875
Epoch 47: loss = 490491.0625
Epoch 48: loss = 467268.0625
Epoch 49: loss = 447303.21875
Epoch 50: loss = 430538.5
Epoch 51: loss = 416882.78125
Epoch 52: loss = 404781.75
Epoch 53: loss = 395380.28125
Epoch 54: loss = 387615.0
Epoch 55: loss = 381068.75
Epoch 56: loss = 375278.5625
Epoch 57: loss = 370780.0625
Epoch 58: loss = 366184.15625
Epoch 59: loss = 362655.3125
Epoch 60: loss = 359964.875
Epoch 61: loss = 357682.5
Epoch 62: loss = 355763.5
Epoch 63: loss = 353993.125
Epoch 64: loss = 352501.21875
Epoch 65: loss = 351080.71875
Epoch 66: loss = 349900.65625
Epoch 67: loss = 348751.84375
Epoch 68: loss = 347843.46875
Epoch 69: loss = 347026.21875
Epoch 70: loss = 346285.3125
Epoch 71: loss = 345625.625
Epoch 72: loss = 344984.59375
Epoch 73: loss = 344356.875
Epoch 74: loss = 343802.3125
Epoch 75: loss = 343349.15625
Epoch 76: loss = 342860.15625
Epoch 77: loss = 342397.25
Epoch 78: loss = 341960.65625
Epoch 79: loss = 341532.21875
Epoch 80: loss = 341110.65625
Epoch 81: loss = 340744.4375
Epoch 82: loss = 340420.0625
Epoch 83: loss = 340066.65625
Epoch 84: loss = 339729.6875
Epoch 85: loss = 339407.0
Epoch 86: loss = 339114.21875
Epoch 87: loss = 338823.25
Epoch 88: loss = 338533.5
Epoch 89: loss = 338257.9375
Epoch 90: loss = 338006.28125
Epoch 91: loss = 337757.4375
Epoch 92: loss = 337539.8125
Epoch 93: loss = 337306.71875
Epoch 94: loss = 337086.78125
Epoch 95: loss = 336879.15625
Epoch 96: loss = 336672.28125
Epoch 97: loss = 336489.65625
Epoch 98: loss = 336308.40625
Epoch 99: loss = 336107.625
Epoch 100: loss = 335929.625
Epoch 101: loss = 335771.4375
Epoch 102: loss = 335601.5
Epoch 103: loss = 335419.71875
Epoch 104: loss = 335253.65625
Epoch 105: loss = 335102.75
Epoch 106: loss = 334963.90625
Epoch 107: loss = 334833.625
Epoch 108: loss = 334687.875
Epoch 109: loss = 334573.21875
Epoch 110: loss = 334535.90625
Epoch 111: loss = 334405.5
Epoch 112: loss = 334290.0
Epoch 113: loss = 334176.28125
Epoch 114: loss = 334058.34375
Epoch 115: loss = 333950.34375
Epoch 116: loss = 333860.875
Epoch 117: loss = 333781.125
Epoch 118: loss = 333706.78125
Epoch 119: loss = 333627.125
Epoch 120: loss = 333568.46875
Epoch 121: loss = 333493.46875
Epoch 122: loss = 333447.71875
Epoch 123: loss = 333391.59375
Epoch 124: loss = 333344.15625
Epoch 125: loss = 333304.4375
Epoch 126: loss = 333255.90625
Epoch 127: loss = 333216.15625
Epoch 128: loss = 333201.71875
Epoch 129: loss = 333156.25
Epoch 130: loss = 333113.5625
Epoch 131: loss = 333095.0625
Epoch 132: loss = 333049.9375
Epoch 133: loss = 333011.34375
Epoch 134: loss = 332988.65625
Epoch 135: loss = 332949.875
Epoch 136: loss = 332918.40625
Epoch 137: loss = 332878.4375
Epoch 138: loss = 332840.09375
Epoch 139: loss = 332802.0
Epoch 140: loss = 332765.0
Epoch 141: loss = 332750.78125
Epoch 142: loss = 332709.78125
Epoch 143: loss = 332675.375
Epoch 144: loss = 332615.625
Epoch 145: loss = 332574.65625
Epoch 146: loss = 332539.4375
Epoch 147: loss = 332485.15625
Epoch 148: loss = 332436.53125
Epoch 149: loss = 332423.5625
Epoch 150: loss = 332371.21875
Epoch 151: loss = 332319.0
Epoch 152: loss = 332257.9375
Epoch 153: loss = 332229.90625
Epoch 154: loss = 332164.875
Epoch 155: loss = 332106.21875
Epoch 156: loss = 332063.4375
Epoch 157: loss = 331996.21875
Epoch 158: loss = 331941.9375
Epoch 159: loss = 331892.34375
Epoch 160: loss = 331839.46875
Epoch 161: loss = 331792.34375
Epoch 162: loss = 331741.0
Epoch 163: loss = 331691.21875
Epoch 164: loss = 331648.40625
Epoch 165: loss = 331606.28125
Epoch 166: loss = 331557.84375
Epoch 167: loss = 331517.84375
Epoch 168: loss = 331483.5
Epoch 169: loss = 331455.09375
Epoch 170: loss = 331417.34375
Epoch 171: loss = 331385.5625
Epoch 172: loss = 331349.40625
Epoch 173: loss = 331329.0625
Epoch 174: loss = 331313.625
Epoch 175: loss = 331278.40625
Epoch 176: loss = 331259.84375
Epoch 177: loss = 331230.625
Epoch 178: loss = 331222.28125
Epoch 179: loss = 331204.71875
Epoch 180: loss = 331182.375
Epoch 181: loss = 331169.0
Epoch 182: loss = 331159.75
Epoch 183: loss = 331150.15625
Epoch 184: loss = 331137.0
Epoch 185: loss = 331126.71875
Epoch 186: loss = 331124.96875
Epoch 187: loss = 331106.34375
Epoch 188: loss = 331101.25
Epoch 189: loss = 331100.90625
Epoch 190: loss = 331096.96875
Epoch 191: loss = 331095.75
Epoch 192: loss = 331090.78125
Epoch 193: loss = 331080.4375
Epoch 194: loss = 331088.71875
Epoch 195: loss = 331079.15625
Epoch 196: loss = 331083.125
Epoch 197: loss = 331072.125
Epoch 198: loss = 331070.875
Epoch 199: loss = 331069.25
Epoch 200: loss = 331077.71875
Epoch 201: loss = 331068.5
Epoch 202: loss = 331074.40625
Epoch 203: loss = 331065.15625
Epoch 204: loss = 331062.40625
Epoch 205: loss = 331067.84375
Epoch 206: loss = 331067.625
Epoch 207: loss = 331070.84375
Epoch 208: loss = 331071.84375
Epoch 209: loss = 331062.65625
Early stopping at epoch 209 with loss 331062.40625
Tensors initialization on device cuda
Multiprobe = None

('MSE', 'PoissonNLL') RECONSTRUCTIONS

Reconstruction for fluence = 0.09999999999999999 photons/pixel
Epoch 0: loss = 0.1944943517446518
Epoch 1: loss = 0.06149832531809807
Epoch 2: loss = 0.056104473769664764
Epoch 3: loss = 0.05459440499544144
Epoch 4: loss = 0.05382240191102028
Epoch 5: loss = 0.05327506363391876
Epoch 6: loss = 0.05290457233786583
Epoch 7: loss = 0.05272720754146576
Epoch 8: loss = 0.05258611589670181
Epoch 9: loss = 0.052463144063949585
Epoch 10: loss = 0.05239773169159889
Epoch 11: loss = 0.05231462046504021
Epoch 12: loss = 0.0522131584584713
Epoch 13: loss = 0.05215906351804733
Epoch 14: loss = 0.05213195085525513
Epoch 0: loss = 0.14510957896709442
Epoch 1: loss = 0.11136024445295334
Epoch 2: loss = 0.11070746928453445
Epoch 3: loss = 0.11051715910434723
Epoch 4: loss = 0.11044206470251083
Epoch 5: loss = 0.1102457046508789
Epoch 6: loss = 0.11015736311674118
Epoch 7: loss = 0.11009354889392853
Epoch 8: loss = 0.1100735068321228
Epoch 9: loss = 0.11006467044353485
Epoch 10: loss = 0.11006314307451248
Epoch 11: loss = 0.11006242036819458
Epoch 12: loss = 0.11006235331296921
Early stopping at epoch 12 with loss 0.11009354889392853
Reconstruction for fluence = 0.23357214690901223 photons/pixel
Epoch 0: loss = 0.7547915577888489
Epoch 1: loss = 0.1471039056777954
Epoch 2: loss = 0.1287405639886856
Epoch 3: loss = 0.12446258217096329
Epoch 4: loss = 0.12281358242034912
Epoch 5: loss = 0.12187138199806213
Epoch 6: loss = 0.12137750536203384
Epoch 7: loss = 0.12107923626899719
Epoch 8: loss = 0.12087983638048172
Epoch 9: loss = 0.12070544809103012
Epoch 10: loss = 0.12058450281620026
Epoch 11: loss = 0.12053702026605606
Epoch 12: loss = 0.12051556259393692
Epoch 13: loss = 0.12049160152673721
Epoch 14: loss = 0.12040591239929199
Epoch 0: loss = 0.13390259444713593
Epoch 1: loss = 0.08190132677555084
Epoch 2: loss = 0.08055362105369568
Epoch 3: loss = 0.08027748018503189
Epoch 4: loss = 0.08018038421869278
Epoch 5: loss = 0.08013273775577545
Epoch 6: loss = 0.08012441545724869
Epoch 7: loss = 0.08011184632778168
Epoch 8: loss = 0.08010283857584
Epoch 9: loss = 0.0801013857126236
Epoch 10: loss = 0.08001875877380371
Epoch 11: loss = 0.07983189076185226
Epoch 12: loss = 0.07980986684560776
Epoch 13: loss = 0.07980426400899887
Epoch 14: loss = 0.07980264723300934
Epoch 15: loss = 0.07980255037546158
Epoch 16: loss = 0.07980255037546158
Early stopping at epoch 16 with loss 0.07983189076185226
Reconstruction for fluence = 0.5455594781168519 photons/pixel
Epoch 0: loss = 3.3909764289855957
Epoch 1: loss = 0.33781641721725464
Epoch 2: loss = 0.2927744686603546
Epoch 3: loss = 0.2833482325077057
Epoch 4: loss = 0.2797645330429077
Epoch 5: loss = 0.27811840176582336
Epoch 6: loss = 0.27756914496421814
Epoch 7: loss = 0.2771530747413635
Epoch 8: loss = 0.2766111493110657
Epoch 9: loss = 0.2762455940246582
Epoch 10: loss = 0.27596315741539
Epoch 11: loss = 0.2758021354675293
Epoch 12: loss = 0.27562156319618225
Epoch 13: loss = 0.27474090456962585
Epoch 14: loss = 0.27448827028274536
Epoch 0: loss = -0.15369582176208496
Epoch 1: loss = -0.23104602098464966
Epoch 2: loss = -0.23291029036045074
Epoch 3: loss = -0.23319561779499054
Epoch 4: loss = -0.23329120874404907
Epoch 5: loss = -0.23334360122680664
Epoch 6: loss = -0.2333589643239975
Epoch 7: loss = -0.2333647757768631
Epoch 8: loss = -0.23337221145629883
Epoch 9: loss = -0.23337599635124207
Epoch 10: loss = -0.23337788879871368
Early stopping at epoch 10 with loss -0.23334360122680664
Reconstruction for fluence = 1.2742749857031335 photons/pixel
Epoch 0: loss = 16.833749771118164
Epoch 1: loss = 0.7603333592414856
Epoch 2: loss = 0.6274314522743225
Epoch 3: loss = 0.5982164740562439
Epoch 4: loss = 0.5891115069389343
Epoch 5: loss = 0.5861425399780273
Epoch 6: loss = 0.5851147770881653
Epoch 7: loss = 0.5847004055976868
Epoch 8: loss = 0.5844796299934387
Epoch 9: loss = 0.5843851566314697
Epoch 10: loss = 0.5843372344970703
Epoch 11: loss = 0.5843155384063721
Epoch 12: loss = 0.5843036770820618
Epoch 13: loss = 0.584294319152832
Epoch 14: loss = 0.5842841267585754
Epoch 0: loss = -1.474885106086731
Epoch 1: loss = -1.5900697708129883
Epoch 2: loss = -1.5932105779647827
Epoch 3: loss = -1.5936856269836426
Epoch 4: loss = -1.593836784362793
Epoch 5: loss = -1.5939161777496338
Epoch 6: loss = -1.593966007232666
Epoch 7: loss = -1.5939866304397583
Epoch 8: loss = -1.594001293182373
Epoch 9: loss = -1.594014286994934
Epoch 10: loss = -1.594025731086731
Epoch 11: loss = -1.5940358638763428
Early stopping at epoch 11 with loss -1.593966007232666
Reconstruction for fluence = 2.976351441631318 photons/pixel
Epoch 0: loss = 87.47940063476562
Epoch 1: loss = 1.9455784559249878
Epoch 2: loss = 1.5294941663742065
Epoch 3: loss = 1.4400465488433838
Epoch 4: loss = 1.4138175249099731
Epoch 5: loss = 1.405800461769104
Epoch 6: loss = 1.4030922651290894
Epoch 7: loss = 1.4016153812408447
Epoch 8: loss = 1.4002938270568848
Epoch 9: loss = 1.3994501829147339
Epoch 10: loss = 1.399139165878296
Epoch 11: loss = 1.3990281820297241
Epoch 12: loss = 1.3989816904067993
Epoch 13: loss = 1.3989545106887817
Epoch 14: loss = 1.398934245109558
Epoch 0: loss = -6.06723690032959
Epoch 1: loss = -6.233612060546875
Epoch 2: loss = -6.237722873687744
Epoch 3: loss = -6.238892555236816
Epoch 4: loss = -6.239160537719727
Epoch 5: loss = -6.239280700683594
Epoch 6: loss = -6.239409446716309
Epoch 7: loss = -6.239476203918457
Epoch 8: loss = -6.239527225494385
Epoch 9: loss = -6.239593029022217
Epoch 10: loss = -6.239648342132568
Epoch 11: loss = -6.239702224731445
Epoch 12: loss = -6.239719867706299
Epoch 13: loss = -6.23972225189209
Epoch 14: loss = -6.239723205566406
Epoch 15: loss = -6.239725112915039
Early stopping at epoch 15 with loss -6.239648342132568
Reconstruction for fluence = 6.9519279617756045 photons/pixel
Epoch 0: loss = 468.8111877441406
Epoch 1: loss = 5.222787857055664
Epoch 2: loss = 3.5191030502319336
Epoch 3: loss = 3.15728759765625
Epoch 4: loss = 3.0499260425567627
Epoch 5: loss = 3.010500192642212
Epoch 6: loss = 2.996096611022949
Epoch 7: loss = 2.990051746368408
Epoch 8: loss = 2.985668659210205
Epoch 9: loss = 2.9817955493927
Epoch 10: loss = 2.979807138442993
Epoch 11: loss = 2.979016065597534
Epoch 12: loss = 2.978590726852417
Epoch 13: loss = 2.9783740043640137
Epoch 14: loss = 2.978238821029663
Epoch 0: loss = -20.19793128967285
Epoch 1: loss = -20.45380973815918
Epoch 2: loss = -20.460927963256836
Epoch 3: loss = -20.462242126464844
Epoch 4: loss = -20.462636947631836
Epoch 5: loss = -20.4628849029541
Epoch 6: loss = -20.463064193725586
Epoch 7: loss = -20.46319007873535
Epoch 8: loss = -20.463510513305664
Epoch 9: loss = -20.46363639831543
Epoch 10: loss = -20.4637393951416
Epoch 11: loss = -20.463748931884766
Epoch 12: loss = -20.463844299316406
Epoch 13: loss = -20.4638614654541
Epoch 14: loss = -20.463863372802734
Epoch 15: loss = -20.463865280151367
Epoch 16: loss = -20.463871002197266
Epoch 17: loss = -20.46387481689453
Early stopping at epoch 17 with loss -20.463844299316406
Reconstruction for fluence = 16.23776739188721 photons/pixel
Epoch 0: loss = 2537.621337890625
Epoch 1: loss = 15.75218677520752
Epoch 2: loss = 8.914528846740723
Epoch 3: loss = 7.468295574188232
Epoch 4: loss = 7.016563892364502
Epoch 5: loss = 6.874647617340088
Epoch 6: loss = 6.82144832611084
Epoch 7: loss = 6.797119140625
Epoch 8: loss = 6.784876346588135
Epoch 9: loss = 6.7784624099731445
Epoch 10: loss = 6.773856163024902
Epoch 11: loss = 6.770392417907715
Epoch 12: loss = 6.766918659210205
Epoch 13: loss = 6.761965274810791
Epoch 14: loss = 6.755152225494385
Epoch 0: loss = -61.00125503540039
Epoch 1: loss = -61.35088348388672
Epoch 2: loss = -61.36301040649414
Epoch 3: loss = -61.36556625366211
Epoch 4: loss = -61.36677932739258
Epoch 5: loss = -61.36748504638672
Epoch 6: loss = -61.36796188354492
Epoch 7: loss = -61.36855697631836
Epoch 8: loss = -61.36896514892578
Epoch 9: loss = -61.3690185546875
Epoch 10: loss = -61.36903381347656
Epoch 11: loss = -61.36904525756836
Epoch 12: loss = -61.36906051635742
Epoch 13: loss = -61.36907196044922
Epoch 14: loss = -61.36907196044922
Epoch 15: loss = -61.36908721923828
Epoch 16: loss = -61.36909866333008
Epoch 17: loss = -61.36911392211914
Epoch 18: loss = -61.3691291809082
Early stopping at epoch 18 with loss -61.36907196044922
Reconstruction for fluence = 37.926901907322495 photons/pixel
Epoch 0: loss = 13811.640625
Epoch 1: loss = 57.59030532836914
Epoch 2: loss = 24.616626739501953
Epoch 3: loss = 18.0102596282959
Epoch 4: loss = 16.022533416748047
Epoch 5: loss = 15.236194610595703
Epoch 6: loss = 14.979716300964355
Epoch 7: loss = 14.85649299621582
Epoch 8: loss = 14.77886962890625
Epoch 9: loss = 14.718107223510742
Epoch 10: loss = 14.665590286254883
Epoch 11: loss = 14.636012077331543
Epoch 12: loss = 14.616938591003418
Epoch 13: loss = 14.602399826049805
Epoch 14: loss = 14.591876983642578
Epoch 0: loss = -174.98849487304688
Epoch 1: loss = -175.46487426757812
Epoch 2: loss = -175.48330688476562
Epoch 3: loss = -175.48800659179688
Epoch 4: loss = -175.48980712890625
Epoch 5: loss = -175.49029541015625
Epoch 6: loss = -175.4909210205078
Epoch 7: loss = -175.490966796875
Epoch 8: loss = -175.49099731445312
Epoch 9: loss = -175.4910430908203
Epoch 10: loss = -175.49110412597656
Epoch 11: loss = -175.49118041992188
Epoch 12: loss = -175.49124145507812
Epoch 13: loss = -175.4912567138672
Epoch 14: loss = -175.4912872314453
Epoch 15: loss = -175.4912872314453
Epoch 16: loss = -175.49131774902344
Epoch 17: loss = -175.4913787841797
Epoch 18: loss = -175.4913787841797
Epoch 19: loss = -175.4913787841797
Epoch 20: loss = -175.4913787841797
Epoch 21: loss = -175.49139404296875
Early stopping at epoch 21 with loss -175.49131774902344
Reconstruction for fluence = 88.58667904100822 photons/pixel
Epoch 0: loss = 75299.375
Epoch 1: loss = 237.4256134033203
Epoch 2: loss = 82.86151885986328
Epoch 3: loss = 50.10417175292969
Epoch 4: loss = 41.12382888793945
Epoch 5: loss = 38.06831359863281
Epoch 6: loss = 36.967037200927734
Epoch 7: loss = 36.429054260253906
Epoch 8: loss = 36.096343994140625
Epoch 9: loss = 35.806270599365234
Epoch 10: loss = 34.9133415222168
Epoch 11: loss = 34.39757537841797
Epoch 12: loss = 34.21382522583008
Epoch 13: loss = 34.14747619628906
Epoch 14: loss = 34.09781265258789
Epoch 0: loss = -483.66546630859375
Epoch 1: loss = -484.3020324707031
Epoch 2: loss = -484.3304138183594
Epoch 3: loss = -484.3368225097656
Epoch 4: loss = -484.3392028808594
Epoch 5: loss = -484.3397521972656
Epoch 6: loss = -484.3400573730469
Epoch 7: loss = -484.3408203125
Epoch 8: loss = -484.3410339355469
Epoch 9: loss = -484.34136962890625
Epoch 10: loss = -484.3414611816406
Epoch 11: loss = -484.3415832519531
Epoch 12: loss = -484.34375
Epoch 13: loss = -484.3438720703125
Epoch 14: loss = -484.34417724609375
Epoch 15: loss = -484.34417724609375
Epoch 16: loss = -484.34429931640625
Epoch 17: loss = -484.3443908691406
Epoch 18: loss = -484.3445129394531
Epoch 19: loss = -484.3445129394531
Epoch 20: loss = -484.3445129394531
Epoch 21: loss = -484.3445739746094
Epoch 22: loss = -484.3446350097656
Epoch 23: loss = -484.3446350097656
Epoch 24: loss = -484.3446350097656
Epoch 25: loss = -484.3446350097656
Epoch 26: loss = -484.3447265625
Epoch 27: loss = -484.3447265625
Early stopping at epoch 27 with loss -484.3446350097656
Reconstruction for fluence = 206.9138081114788 photons/pixel
Epoch 0: loss = 410569.0625
Epoch 1: loss = 1126.73095703125
Epoch 2: loss = 313.0867614746094
Epoch 3: loss = 148.0457305908203
Epoch 4: loss = 102.49383544921875
Epoch 5: loss = 87.56266021728516
Epoch 6: loss = 82.84228515625
Epoch 7: loss = 80.42206573486328
Epoch 8: loss = 78.60962677001953
Epoch 9: loss = 77.21317291259766
Epoch 10: loss = 76.26708984375
Epoch 11: loss = 75.77781677246094
Epoch 12: loss = 75.42408752441406
Epoch 13: loss = 75.0746841430664
Epoch 14: loss = 74.7925796508789
Epoch 0: loss = -1304.5582275390625
Epoch 1: loss = -1305.4462890625
Epoch 2: loss = -1305.509521484375
Epoch 3: loss = -1305.52978515625
Epoch 4: loss = -1305.541015625
Epoch 5: loss = -1305.54541015625
Epoch 6: loss = -1305.5455322265625
Epoch 7: loss = -1305.546142578125
Epoch 8: loss = -1305.5469970703125
Epoch 9: loss = -1305.54736328125
Epoch 10: loss = -1305.54736328125
Epoch 11: loss = -1305.5479736328125
Epoch 12: loss = -1305.5555419921875
Epoch 13: loss = -1305.5570068359375
Epoch 14: loss = -1305.55712890625
Epoch 15: loss = -1305.55712890625
Epoch 16: loss = -1305.5572509765625
Epoch 17: loss = -1305.5576171875
Epoch 18: loss = -1305.5576171875
Epoch 19: loss = -1305.5577392578125
Epoch 20: loss = -1305.5577392578125
Epoch 21: loss = -1305.557861328125
Epoch 22: loss = -1305.557861328125
Epoch 23: loss = -1305.557861328125
Epoch 24: loss = -1305.5579833984375
Epoch 25: loss = -1305.55810546875
Epoch 26: loss = -1305.55810546875
Epoch 27: loss = -1305.55810546875
Epoch 28: loss = -1305.55810546875
Epoch 29: loss = -1305.55810546875
Epoch 30: loss = -1305.55810546875
Early stopping at epoch 30 with loss -1305.55810546875
Reconstruction for fluence = 483.2930238571752 photons/pixel
Epoch 0: loss = 2237033.25
Epoch 1: loss = 5846.63134765625
Epoch 2: loss = 1443.5592041015625
Epoch 3: loss = 595.6063232421875
Epoch 4: loss = 349.82855224609375
Epoch 5: loss = 268.7533264160156
Epoch 6: loss = 237.6102752685547
Epoch 7: loss = 221.36984252929688
Epoch 8: loss = 210.99609375
Epoch 9: loss = 205.1161346435547
Epoch 10: loss = 201.4416046142578
Epoch 11: loss = 199.17623901367188
Epoch 12: loss = 197.69021606445312
Epoch 13: loss = 196.52296447753906
Epoch 14: loss = 195.60206604003906
Epoch 0: loss = -3461.032958984375
Epoch 1: loss = -3462.308837890625
Epoch 2: loss = -3462.385986328125
Epoch 3: loss = -3462.403564453125
Epoch 4: loss = -3462.408935546875
Epoch 5: loss = -3462.409423828125
Epoch 6: loss = -3462.41015625
Epoch 7: loss = -3462.41015625
Epoch 8: loss = -3462.41064453125
Epoch 9: loss = -3462.41064453125
Epoch 10: loss = -3462.4111328125
Epoch 11: loss = -3462.4111328125
Epoch 12: loss = -3462.41162109375
Epoch 13: loss = -3462.417236328125
Epoch 14: loss = -3462.417236328125
Epoch 15: loss = -3462.41748046875
Epoch 16: loss = -3462.41748046875
Epoch 17: loss = -3462.41796875
Epoch 18: loss = -3462.41796875
Epoch 19: loss = -3462.41796875
Epoch 20: loss = -3462.41796875
Epoch 21: loss = -3462.41845703125
Epoch 22: loss = -3462.41845703125
Epoch 23: loss = -3462.4189453125
Epoch 24: loss = -3462.420166015625
Epoch 25: loss = -3462.420654296875
Epoch 26: loss = -3462.421142578125
Epoch 27: loss = -3462.421142578125
Epoch 28: loss = -3462.421142578125
Epoch 29: loss = -3462.421630859375
Epoch 30: loss = -3462.421875
Epoch 31: loss = -3462.42236328125
Epoch 32: loss = -3462.42236328125
Epoch 33: loss = -3462.42236328125
Epoch 34: loss = -3462.4228515625
Epoch 35: loss = -3462.4228515625
Epoch 36: loss = -3462.4228515625
Epoch 37: loss = -3462.423095703125
Epoch 38: loss = -3462.423095703125
Epoch 39: loss = -3462.423095703125
Epoch 40: loss = -3462.423095703125
Epoch 41: loss = -3462.423095703125
Epoch 42: loss = -3462.423095703125
Early stopping at epoch 42 with loss -3462.423095703125
Reconstruction for fluence = 1128.8378916846884 photons/pixel
Epoch 0: loss = 12204286.0
Epoch 1: loss = 30870.59765625
Epoch 2: loss = 7440.1787109375
Epoch 3: loss = 2918.401123046875
Epoch 4: loss = 1625.617431640625
Epoch 5: loss = 1142.2017822265625
Epoch 6: loss = 896.0901489257812
Epoch 7: loss = 784.0413818359375
Epoch 8: loss = 710.4182739257812
Epoch 9: loss = 636.1867065429688
Epoch 10: loss = 562.0144653320312
Epoch 11: loss = 492.9556884765625
Epoch 12: loss = 452.4192199707031
Epoch 13: loss = 436.1170654296875
Epoch 14: loss = 426.7316589355469
Epoch 0: loss = -9040.8935546875
Epoch 1: loss = -9042.5302734375
Epoch 2: loss = -9042.603515625
Epoch 3: loss = -9042.6142578125
Epoch 4: loss = -9042.6181640625
Epoch 5: loss = -9042.6201171875
Epoch 6: loss = -9042.6220703125
Epoch 7: loss = -9042.6220703125
Epoch 8: loss = -9042.626953125
Epoch 9: loss = -9042.6298828125
Epoch 10: loss = -9042.6298828125
Epoch 11: loss = -9042.6298828125
Epoch 12: loss = -9042.6318359375
Epoch 13: loss = -9042.6337890625
Epoch 14: loss = -9042.6357421875
Epoch 15: loss = -9042.63671875
Epoch 16: loss = -9042.638671875
Epoch 17: loss = -9042.638671875
Epoch 18: loss = -9042.638671875
Epoch 19: loss = -9042.6396484375
Epoch 20: loss = -9042.6396484375
Epoch 21: loss = -9042.640625
Epoch 22: loss = -9042.640625
Epoch 23: loss = -9042.640625
Epoch 24: loss = -9042.642578125
Epoch 25: loss = -9042.642578125
Epoch 26: loss = -9042.642578125
Epoch 27: loss = -9042.64453125
Epoch 28: loss = -9042.654296875
Epoch 29: loss = -9042.65625
Epoch 30: loss = -9042.65625
Epoch 31: loss = -9042.65625
Epoch 32: loss = -9042.658203125
Epoch 33: loss = -9042.658203125
Epoch 34: loss = -9042.658203125
Epoch 35: loss = -9042.658203125
Epoch 36: loss = -9042.658203125
Epoch 37: loss = -9042.658203125
Early stopping at epoch 37 with loss -9042.658203125
Reconstruction for fluence = 2636.6508987303555 photons/pixel
Epoch 0: loss = 66565932.0
Epoch 1: loss = 165506.859375
Epoch 2: loss = 38304.12109375
Epoch 3: loss = 13529.6376953125
Epoch 4: loss = 6121.162109375
Epoch 5: loss = 3997.921875
Epoch 6: loss = 3176.001220703125
Epoch 7: loss = 2770.7705078125
Epoch 8: loss = 2481.97216796875
Epoch 9: loss = 2292.98486328125
Epoch 10: loss = 2151.791259765625
Epoch 11: loss = 2067.64697265625
Epoch 12: loss = 2005.8099365234375
Epoch 13: loss = 1955.37939453125
Epoch 14: loss = 1906.525634765625
Epoch 0: loss = -23356.66015625
Epoch 1: loss = -23360.14453125
Epoch 2: loss = -23360.384765625
Epoch 3: loss = -23360.384765625
Epoch 4: loss = -23360.53125
Epoch 5: loss = -23360.556640625
Epoch 6: loss = -23360.56640625
Epoch 7: loss = -23360.5703125
Epoch 8: loss = -23360.572265625
Epoch 9: loss = -23360.57421875
Epoch 10: loss = -23360.580078125
Epoch 11: loss = -23360.66796875
Epoch 12: loss = -23360.6796875
Epoch 13: loss = -23360.69140625
Epoch 14: loss = -23360.70703125
Epoch 15: loss = -23360.70703125
Epoch 16: loss = -23360.708984375
Epoch 17: loss = -23360.708984375
Epoch 18: loss = -23360.708984375
Epoch 19: loss = -23360.708984375
Epoch 20: loss = -23360.7109375
Epoch 21: loss = -23360.7109375
Epoch 22: loss = -23360.7109375
Epoch 23: loss = -23360.712890625
Epoch 24: loss = -23360.712890625
Epoch 25: loss = -23360.712890625
Epoch 26: loss = -23360.712890625
Epoch 27: loss = -23360.712890625
Epoch 28: loss = -23360.712890625
Early stopping at epoch 28 with loss -23360.712890625
Reconstruction for fluence = 6158.482110660255 photons/pixel
Epoch 0: loss = 363228000.0
Epoch 1: loss = 900809.8125
Epoch 2: loss = 206756.859375
Epoch 3: loss = 68195.5390625
Epoch 4: loss = 29666.056640625
Epoch 5: loss = 18731.2890625
Epoch 6: loss = 14243.076171875
Epoch 7: loss = 12089.763671875
Epoch 8: loss = 10633.1376953125
Epoch 9: loss = 9518.5439453125
Epoch 10: loss = 8702.4130859375
Epoch 11: loss = 8198.1533203125
Epoch 12: loss = 7875.9130859375
Epoch 13: loss = 7605.94287109375
Epoch 14: loss = 7395.72216796875
Epoch 0: loss = -59775.1796875
Epoch 1: loss = -59781.84765625
Epoch 2: loss = -59782.04296875
Epoch 3: loss = -59782.125
Epoch 4: loss = -59782.1796875
Epoch 5: loss = -59782.1953125
Epoch 6: loss = -59782.20703125
Epoch 7: loss = -59782.20703125
Epoch 8: loss = -59782.23046875
Epoch 9: loss = -59782.23828125
Epoch 10: loss = -59782.23828125
Epoch 11: loss = -59782.23828125
Epoch 12: loss = -59782.2421875
Epoch 13: loss = -59782.2421875
Epoch 14: loss = -59782.25
Epoch 15: loss = -59782.25
Epoch 16: loss = -59782.25
Epoch 17: loss = -59782.2578125
Epoch 18: loss = -59782.265625
Epoch 19: loss = -59782.27734375
Epoch 20: loss = -59782.27734375
Epoch 21: loss = -59782.27734375
Epoch 22: loss = -59782.27734375
Epoch 23: loss = -59782.28515625
Epoch 24: loss = -59782.28515625
Epoch 25: loss = -59782.29296875
Epoch 26: loss = -59782.29296875
Epoch 27: loss = -59782.29296875
Epoch 28: loss = -59782.29296875
Epoch 29: loss = -59782.29296875
Epoch 30: loss = -59782.29296875
Early stopping at epoch 30 with loss -59782.29296875
Reconstruction for fluence = 14384.498882876629 photons/pixel
Epoch 0: loss = 1981532160.0
Epoch 1: loss = 4891771.0
Epoch 2: loss = 1127598.0
Epoch 3: loss = 379566.375
Epoch 4: loss = 168566.28125
Epoch 5: loss = 101990.140625
Epoch 6: loss = 76058.8203125
Epoch 7: loss = 63288.578125
Epoch 8: loss = 55378.42578125
Epoch 9: loss = 49616.76953125
Epoch 10: loss = 44552.23828125
Epoch 11: loss = 40806.109375
Epoch 12: loss = 38357.95703125
Epoch 13: loss = 36557.91015625
Epoch 14: loss = 35124.83203125
Epoch 0: loss = -151819.828125
Epoch 1: loss = -151833.84375
Epoch 2: loss = -151834.703125
Epoch 3: loss = -151834.703125
Epoch 4: loss = -151834.78125
Epoch 5: loss = -151834.8125
Epoch 6: loss = -151834.84375
Epoch 7: loss = -151834.875
Epoch 8: loss = -151834.90625
Epoch 9: loss = -151834.90625
Epoch 10: loss = -151834.921875
Epoch 11: loss = -151834.921875
Epoch 12: loss = -151834.9375
Epoch 13: loss = -151834.953125
Epoch 14: loss = -151834.953125
Epoch 15: loss = -151834.96875
Epoch 16: loss = -151834.984375
Epoch 17: loss = -151835.0
Epoch 18: loss = -151835.0
Epoch 19: loss = -151835.0
Epoch 20: loss = -151835.03125
Epoch 21: loss = -151835.046875
Epoch 22: loss = -151835.0625
Epoch 23: loss = -151835.0625
Epoch 24: loss = -151835.0625
Epoch 25: loss = -151835.0625
Epoch 26: loss = -151835.0625
Epoch 27: loss = -151835.0625
Early stopping at epoch 27 with loss -151835.0625
Reconstruction for fluence = 33598.18286283781 photons/pixel
Epoch 0: loss = 10810904576.0
Epoch 1: loss = 26671930.0
Epoch 2: loss = 5988712.5
Epoch 3: loss = 1967551.125
Epoch 4: loss = 834926.0625
Epoch 5: loss = 499327.65625
Epoch 6: loss = 368568.5625
Epoch 7: loss = 300568.90625
Epoch 8: loss = 260523.328125
Epoch 9: loss = 229923.203125
Epoch 10: loss = 207042.828125
Epoch 11: loss = 193175.09375
Epoch 12: loss = 183497.453125
Epoch 13: loss = 176443.828125
Epoch 14: loss = 170435.71875
Epoch 0: loss = -383115.65625
Epoch 1: loss = -383145.9375
Epoch 2: loss = -383147.15625
Epoch 3: loss = -383147.40625
Epoch 4: loss = -383147.5625
Epoch 5: loss = -383147.65625
Epoch 6: loss = -383147.78125
Epoch 7: loss = -383147.78125
Epoch 8: loss = -383147.84375
Epoch 9: loss = -383147.875
Epoch 10: loss = -383147.9375
Epoch 11: loss = -383147.9375
Epoch 12: loss = -383148.0
Epoch 13: loss = -383148.0
Epoch 14: loss = -383148.0625
Epoch 15: loss = -383148.0625
Epoch 16: loss = -383148.125
Epoch 17: loss = -383148.125
Epoch 18: loss = -383148.125
Epoch 19: loss = -383148.125
Epoch 20: loss = -383148.125
Epoch 21: loss = -383148.15625
Epoch 22: loss = -383148.15625
Epoch 23: loss = -383148.15625
Epoch 24: loss = -383148.15625
Epoch 25: loss = -383148.21875
Epoch 26: loss = -383148.28125
Epoch 27: loss = -383148.34375
Epoch 28: loss = -383148.375
Epoch 29: loss = -383148.40625
Epoch 30: loss = -383148.40625
Epoch 31: loss = -383148.40625
Epoch 32: loss = -383148.40625
Epoch 33: loss = -383148.4375
Epoch 34: loss = -383148.4375
Epoch 35: loss = -383148.4375
Epoch 36: loss = -383148.4375
Epoch 37: loss = -383148.4375
Epoch 38: loss = -383148.4375
Early stopping at epoch 38 with loss -383148.4375
Reconstruction for fluence = 78475.99703514607 photons/pixel
Epoch 0: loss = 58980937728.0
Epoch 1: loss = 145363264.0
Epoch 2: loss = 32625280.0
Epoch 3: loss = 11052820.0
Epoch 4: loss = 4795605.5
Epoch 5: loss = 2828830.25
Epoch 6: loss = 2104473.25
Epoch 7: loss = 1728692.625
Epoch 8: loss = 1503309.25
Epoch 9: loss = 1335791.0
Epoch 10: loss = 1197355.125
Epoch 11: loss = 1094654.5
Epoch 12: loss = 1028740.6875
Epoch 13: loss = 974297.125
Epoch 14: loss = 932655.8125
Epoch 0: loss = -961416.6875
Epoch 1: loss = -961484.6875
Epoch 2: loss = -961489.3125
Epoch 3: loss = -961489.8125
Epoch 4: loss = -961490.0
Epoch 5: loss = -961490.25
Epoch 6: loss = -961490.3125
Epoch 7: loss = -961490.4375
Epoch 8: loss = -961490.6875
Epoch 9: loss = -961490.6875
Epoch 10: loss = -961490.6875
Epoch 11: loss = -961490.6875
Epoch 12: loss = -961490.875
Epoch 13: loss = -961490.875
Epoch 14: loss = -961490.875
Epoch 15: loss = -961490.875
Epoch 16: loss = -961490.875
Epoch 17: loss = -961491.0
Epoch 18: loss = -961491.125
Epoch 19: loss = -961491.125
Epoch 20: loss = -961491.125
Epoch 21: loss = -961491.125
Epoch 22: loss = -961491.125
Epoch 23: loss = -961491.125
Early stopping at epoch 23 with loss -961491.125
Reconstruction for fluence = 183298.07108324335 photons/pixel
Epoch 0: loss = 321755480064.0
Epoch 1: loss = 793148352.0
Epoch 2: loss = 177847280.0
Epoch 3: loss = 57147980.0
Epoch 4: loss = 24177594.0
Epoch 5: loss = 14381758.0
Epoch 6: loss = 10729292.0
Epoch 7: loss = 8802923.0
Epoch 8: loss = 7573343.0
Epoch 9: loss = 6649516.5
Epoch 10: loss = 5924073.0
Epoch 11: loss = 5460715.0
Epoch 12: loss = 5169183.0
Epoch 13: loss = 4938044.5
Epoch 14: loss = 4757766.5
Epoch 0: loss = -2401164.0
Epoch 1: loss = -2401321.25
Epoch 2: loss = -2401328.0
Epoch 3: loss = -2401329.75
Epoch 4: loss = -2401330.25
Epoch 5: loss = -2401330.75
Epoch 6: loss = -2401330.75
Epoch 7: loss = -2401331.25
Epoch 8: loss = -2401331.25
Epoch 9: loss = -2401331.5
Epoch 10: loss = -2401331.5
Epoch 11: loss = -2401332.0
Epoch 12: loss = -2401332.0
Epoch 13: loss = -2401332.0
Epoch 14: loss = -2401332.25
Epoch 15: loss = -2401332.5
Epoch 16: loss = -2401332.75
Epoch 17: loss = -2401333.25
Epoch 18: loss = -2401333.25
Epoch 19: loss = -2401333.25
Epoch 20: loss = -2401333.25
Epoch 21: loss = -2401333.25
Epoch 22: loss = -2401333.25
Early stopping at epoch 22 with loss -2401333.25
Reconstruction for fluence = 428133.2398719387 photons/pixel
Epoch 0: loss = 1755395522560.0
Epoch 1: loss = 4326800384.0
Epoch 2: loss = 980315136.0
Epoch 3: loss = 325106976.0
Epoch 4: loss = 136164640.0
Epoch 5: loss = 79741344.0
Epoch 6: loss = 61015508.0
Epoch 7: loss = 49981240.0
Epoch 8: loss = 42748540.0
Epoch 9: loss = 37653632.0
Epoch 10: loss = 33645816.0
Epoch 11: loss = 30894052.0
Epoch 12: loss = 29073990.0
Epoch 13: loss = 27580446.0
Epoch 14: loss = 26449582.0
Epoch 0: loss = -5971548.5
Epoch 1: loss = -5971920.0
Epoch 2: loss = -5971929.0
Epoch 3: loss = -5971933.5
Epoch 4: loss = -5971938.5
Epoch 5: loss = -5971940.5
Epoch 6: loss = -5971941.5
Epoch 7: loss = -5971941.5
Epoch 8: loss = -5971942.0
Epoch 9: loss = -5971942.5
Epoch 10: loss = -5971943.0
Epoch 11: loss = -5971943.0
Epoch 12: loss = -5971943.5
Epoch 13: loss = -5971943.5
Epoch 14: loss = -5971944.0
Epoch 15: loss = -5971944.0
Epoch 16: loss = -5971944.0
Epoch 17: loss = -5971944.0
Epoch 18: loss = -5971945.0
Epoch 19: loss = -5971945.0
Epoch 20: loss = -5971945.0
Epoch 21: loss = -5971946.0
Epoch 22: loss = -5971946.0
Epoch 23: loss = -5971946.0
Epoch 24: loss = -5971946.0
Epoch 25: loss = -5971946.0
Epoch 26: loss = -5971946.5
Epoch 27: loss = -5971946.5
Epoch 28: loss = -5971946.5
Epoch 29: loss = -5971946.5
Epoch 30: loss = -5971946.5
Epoch 31: loss = -5971946.5
Early stopping at epoch 31 with loss -5971946.5
Reconstruction for fluence = 1000000.0 photons/pixel
Epoch 0: loss = 9576656142336.0
Epoch 1: loss = 23604015104.0
Epoch 2: loss = 5294576640.0
Epoch 3: loss = 1816523264.0
Epoch 4: loss = 750883648.0
Epoch 5: loss = 440123008.0
Epoch 6: loss = 330988192.0
Epoch 7: loss = 273154176.0
Epoch 8: loss = 234193744.0
Epoch 9: loss = 206412608.0
Epoch 10: loss = 183650304.0
Epoch 11: loss = 168261520.0
Epoch 12: loss = 159147520.0
Epoch 13: loss = 151087792.0
Epoch 14: loss = 144725040.0
Epoch 0: loss = -14796374.0
Epoch 1: loss = -14797227.0
Epoch 2: loss = -14797271.0
Epoch 3: loss = -14797280.0
Epoch 4: loss = -14797285.0
Epoch 5: loss = -14797285.0
Epoch 6: loss = -14797285.0
Epoch 7: loss = -14797286.0
Epoch 8: loss = -14797287.0
Epoch 9: loss = -14797290.0
Epoch 10: loss = -14797292.0
Epoch 11: loss = -14797292.0
Epoch 12: loss = -14797293.0
Epoch 13: loss = -14797293.0
Epoch 14: loss = -14797293.0
Epoch 15: loss = -14797293.0
Epoch 16: loss = -14797293.0
Epoch 17: loss = -14797293.0
Early stopping at epoch 17 with loss -14797293.0
Simulation for steps_size=30 and n_fluences=20 completed!
