Running simulation for n_fluences=80
Tensors initialization on device cuda
Multiprobe = None

('MSE', None) RECONSTRUCTIONS

Reconstruction for fluence = 0.01 photons/pixel
Epoch 0: loss = 1072.9332275390625
Epoch 1: loss = 343.83721923828125
Epoch 2: loss = 343.8322448730469
Epoch 3: loss = 343.83154296875
Epoch 4: loss = 343.8315124511719
Epoch 5: loss = 343.83148193359375
Epoch 6: loss = 343.8314514160156
Epoch 7: loss = 343.8314514160156
Epoch 8: loss = 343.8314208984375
Epoch 9: loss = 343.8314208984375
Epoch 10: loss = 343.8314208984375
Epoch 11: loss = 343.8314208984375
Epoch 12: loss = 343.8314208984375
Epoch 13: loss = 343.8314208984375
Epoch 14: loss = 343.8314208984375
Epoch 15: loss = 343.8314208984375
Epoch 16: loss = 343.8314208984375
Early stopping at epoch 16 with loss 343.8314208984375
Reconstruction for fluence = 0.01338388753173757 photons/pixel
Epoch 0: loss = 1468.447265625
Epoch 1: loss = 496.7159118652344
Epoch 2: loss = 496.71380615234375
Epoch 3: loss = 496.71368408203125
Epoch 4: loss = 496.7136535644531
Epoch 5: loss = 496.713623046875
Epoch 6: loss = 496.713623046875
Epoch 7: loss = 496.71356201171875
Epoch 8: loss = 496.71356201171875
Epoch 9: loss = 496.7135009765625
Epoch 10: loss = 496.7135009765625
Epoch 11: loss = 496.7135009765625
Epoch 12: loss = 496.71337890625
Epoch 13: loss = 496.71337890625
Epoch 14: loss = 496.71331787109375
Epoch 15: loss = 496.71331787109375
Epoch 16: loss = 496.71331787109375
Epoch 17: loss = 496.71331787109375
Epoch 18: loss = 496.7132873535156
Epoch 19: loss = 496.7132568359375
Epoch 20: loss = 496.71319580078125
Epoch 21: loss = 496.7131652832031
Epoch 22: loss = 496.713134765625
Epoch 23: loss = 496.7130432128906
Epoch 24: loss = 496.71282958984375
Epoch 25: loss = 496.7127380371094
Epoch 26: loss = 496.7126770019531
Epoch 27: loss = 496.712646484375
Epoch 28: loss = 496.7126159667969
Epoch 29: loss = 496.7126159667969
Epoch 30: loss = 496.71258544921875
Epoch 31: loss = 496.71258544921875
Epoch 32: loss = 496.7125549316406
Epoch 33: loss = 496.7125549316406
Epoch 34: loss = 496.7125549316406
Epoch 35: loss = 496.7125549316406
Epoch 36: loss = 496.7125549316406
Epoch 37: loss = 496.7125549316406
Epoch 38: loss = 496.7125549316406
Epoch 39: loss = 496.7125549316406
Epoch 40: loss = 496.7125549316406
Early stopping at epoch 40 with loss 496.7125549316406
Reconstruction for fluence = 0.01791284454622004 photons/pixel
Epoch 0: loss = 1967.42822265625
Epoch 1: loss = 671.539306640625
Epoch 2: loss = 671.537353515625
Epoch 3: loss = 671.5372924804688
Epoch 4: loss = 671.5372314453125
Epoch 5: loss = 671.5372314453125
Epoch 6: loss = 671.5372314453125
Epoch 7: loss = 671.537109375
Epoch 8: loss = 671.537109375
Epoch 9: loss = 671.5370483398438
Epoch 10: loss = 671.5370483398438
Epoch 11: loss = 671.5369873046875
Epoch 12: loss = 671.5369873046875
Epoch 13: loss = 671.5369873046875
Epoch 14: loss = 671.5369873046875
Epoch 15: loss = 671.5369873046875
Early stopping at epoch 15 with loss 671.537109375
Reconstruction for fluence = 0.023974349678010775 photons/pixel
Epoch 0: loss = 2591.0859375
Epoch 1: loss = 861.3529052734375
Epoch 2: loss = 861.33984375
Epoch 3: loss = 861.338134765625
Epoch 4: loss = 861.337890625
Epoch 5: loss = 861.337890625
Epoch 6: loss = 861.3377685546875
Epoch 7: loss = 861.3377685546875
Epoch 8: loss = 861.337646484375
Epoch 9: loss = 861.3375244140625
Epoch 10: loss = 861.3374633789062
Epoch 11: loss = 861.3374633789062
Epoch 12: loss = 861.33740234375
Epoch 13: loss = 861.33740234375
Epoch 14: loss = 861.33740234375
Epoch 15: loss = 861.33740234375
Epoch 16: loss = 861.33740234375
Epoch 17: loss = 861.33740234375
Epoch 18: loss = 861.33740234375
Early stopping at epoch 18 with loss 861.3374633789062
Reconstruction for fluence = 0.032086999973704504 photons/pixel
Epoch 0: loss = 3483.112548828125
Epoch 1: loss = 1178.895751953125
Epoch 2: loss = 1178.89453125
Epoch 3: loss = 1178.893798828125
Epoch 4: loss = 1178.893798828125
Epoch 5: loss = 1178.8935546875
Epoch 6: loss = 1178.8935546875
Epoch 7: loss = 1178.8935546875
Epoch 8: loss = 1178.8935546875
Epoch 9: loss = 1178.8934326171875
Epoch 10: loss = 1178.893310546875
Epoch 11: loss = 1178.893310546875
Epoch 12: loss = 1178.893310546875
Epoch 13: loss = 1178.893310546875
Epoch 14: loss = 1178.893310546875
Epoch 15: loss = 1178.893310546875
Epoch 16: loss = 1178.893310546875
Epoch 17: loss = 1178.8931884765625
Epoch 18: loss = 1178.8931884765625
Early stopping at epoch 18 with loss 1178.893310546875
Reconstruction for fluence = 0.042944879887892744 photons/pixel
Epoch 0: loss = 4633.7158203125
Epoch 1: loss = 1566.20947265625
Epoch 2: loss = 1566.209228515625
Epoch 3: loss = 1566.208984375
Epoch 4: loss = 1566.208984375
Epoch 5: loss = 1566.208984375
Epoch 6: loss = 1566.208984375
Epoch 7: loss = 1566.2088623046875
Epoch 8: loss = 1566.208740234375
Epoch 9: loss = 1566.208740234375
Epoch 10: loss = 1566.208740234375
Epoch 11: loss = 1566.208740234375
Epoch 12: loss = 1566.208740234375
Epoch 13: loss = 1566.208740234375
Epoch 14: loss = 1566.208740234375
Epoch 15: loss = 1566.208740234375
Epoch 16: loss = 1566.208740234375
Early stopping at epoch 16 with loss 1566.208740234375
Reconstruction for fluence = 0.05747694424835352 photons/pixel
Epoch 0: loss = 6228.6220703125
Epoch 1: loss = 2150.93896484375
Epoch 2: loss = 2150.93798828125
Epoch 3: loss = 2150.9375
Epoch 4: loss = 2150.9375
Epoch 5: loss = 2150.937255859375
Epoch 6: loss = 2150.93701171875
Epoch 7: loss = 2150.93701171875
Epoch 8: loss = 2150.93701171875
Epoch 9: loss = 2150.93701171875
Epoch 10: loss = 2150.93701171875
Epoch 11: loss = 2150.93701171875
Epoch 12: loss = 2150.93701171875
Epoch 13: loss = 2150.93701171875
Epoch 14: loss = 2150.93701171875
Early stopping at epoch 14 with loss 2150.93701171875
Reconstruction for fluence = 0.07692649574879142 photons/pixel
Epoch 0: loss = 8285.205078125
Epoch 1: loss = 2866.7802734375
Epoch 2: loss = 2866.77978515625
Epoch 3: loss = 2866.77978515625
Epoch 4: loss = 2866.77978515625
Epoch 5: loss = 2866.77978515625
Epoch 6: loss = 2866.77978515625
Epoch 7: loss = 2866.77978515625
Epoch 8: loss = 2866.77978515625
Epoch 9: loss = 2866.77978515625
Epoch 10: loss = 2866.77978515625
Early stopping at epoch 10 with loss 2866.77978515625
Reconstruction for fluence = 0.10295755673125127 photons/pixel
Epoch 0: loss = 10993.9169921875
Epoch 1: loss = 3797.22412109375
Epoch 2: loss = 3797.2236328125
Epoch 3: loss = 3797.2236328125
Epoch 4: loss = 3797.2236328125
Epoch 5: loss = 3797.2236328125
Epoch 6: loss = 3797.2236328125
Epoch 7: loss = 3797.2236328125
Epoch 8: loss = 3797.2236328125
Epoch 9: loss = 3797.2236328125
Epoch 10: loss = 3797.2236328125
Early stopping at epoch 10 with loss 3797.2236328125
Reconstruction for fluence = 0.13779723598335575 photons/pixel
Epoch 0: loss = 14624.455078125
Epoch 1: loss = 5074.01220703125
Epoch 2: loss = 5074.01220703125
Epoch 3: loss = 5074.01220703125
Epoch 4: loss = 5074.01220703125
Epoch 5: loss = 5074.01220703125
Epoch 6: loss = 5074.01171875
Epoch 7: loss = 5074.01171875
Epoch 8: loss = 5074.01171875
Epoch 9: loss = 5074.01171875
Epoch 10: loss = 5074.01171875
Epoch 11: loss = 5074.01171875
Epoch 12: loss = 5074.01171875
Epoch 13: loss = 5074.01171875
Epoch 14: loss = 5074.01171875
Early stopping at epoch 14 with loss 5074.01171875
Reconstruction for fluence = 0.18442627085855348 photons/pixel
Epoch 0: loss = 19571.91015625
Epoch 1: loss = 6957.91748046875
Epoch 2: loss = 6957.91748046875
Epoch 3: loss = 6957.9169921875
Epoch 4: loss = 6957.9169921875
Epoch 5: loss = 6957.9169921875
Epoch 6: loss = 6957.9169921875
Epoch 7: loss = 6957.9169921875
Epoch 8: loss = 6957.9169921875
Epoch 9: loss = 6957.9169921875
Epoch 10: loss = 6957.9169921875
Epoch 11: loss = 6957.9169921875
Early stopping at epoch 11 with loss 6957.9169921875
Reconstruction for fluence = 0.24683404670686498 photons/pixel
Epoch 0: loss = 25756.76171875
Epoch 1: loss = 9045.794921875
Epoch 2: loss = 9045.794921875
Epoch 3: loss = 9045.79296875
Epoch 4: loss = 9045.79296875
Epoch 5: loss = 9045.79296875
Epoch 6: loss = 9045.7939453125
Epoch 7: loss = 9045.79296875
Epoch 8: loss = 9045.79296875
Epoch 9: loss = 9045.79296875
Epoch 10: loss = 9045.79296875
Epoch 11: loss = 9045.79296875
Early stopping at epoch 11 with loss 9045.79296875
Reconstruction for fluence = 0.33035991201283393 photons/pixel
Epoch 0: loss = 34141.21875
Epoch 1: loss = 12104.81640625
Epoch 2: loss = 12104.8154296875
Epoch 3: loss = 12104.814453125
Epoch 4: loss = 12104.814453125
Epoch 5: loss = 12104.814453125
Epoch 6: loss = 12104.814453125
Epoch 7: loss = 12104.814453125
Epoch 8: loss = 12104.814453125
Epoch 9: loss = 12104.814453125
Epoch 10: loss = 12104.814453125
Epoch 11: loss = 12104.814453125
Early stopping at epoch 11 with loss 12104.814453125
Reconstruction for fluence = 0.4421499907374489 photons/pixel
Epoch 0: loss = 44966.9765625
Epoch 1: loss = 15904.90234375
Epoch 2: loss = 15904.90234375
Epoch 3: loss = 15904.90234375
Epoch 4: loss = 15904.90234375
Epoch 5: loss = 15904.90234375
Epoch 6: loss = 15904.90234375
Epoch 7: loss = 15904.90234375
Epoch 8: loss = 15904.90234375
Epoch 9: loss = 15904.90234375
Early stopping at epoch 9 with loss 15904.90234375
Reconstruction for fluence = 0.5917685748188825 photons/pixel
Epoch 0: loss = 59832.23046875
Epoch 1: loss = 21832.64453125
Epoch 2: loss = 21832.64453125
Epoch 3: loss = 21832.64453125
Epoch 4: loss = 21832.64453125
Epoch 5: loss = 21832.64453125
Epoch 6: loss = 21832.64453125
Epoch 7: loss = 21832.64453125
Epoch 8: loss = 21832.64453125
Epoch 9: loss = 21832.64453125
Early stopping at epoch 9 with loss 21832.64453125
Reconstruction for fluence = 0.7920164050192552 photons/pixel
Epoch 0: loss = 78519.6953125
Epoch 1: loss = 28690.63671875
Epoch 2: loss = 28690.63671875
Epoch 3: loss = 28690.63671875
Epoch 4: loss = 28690.63671875
Epoch 5: loss = 28690.63671875
Epoch 6: loss = 28690.63671875
Epoch 7: loss = 28690.63671875
Epoch 8: loss = 28690.63671875
Epoch 9: loss = 28690.63671875
Early stopping at epoch 9 with loss 28690.63671875
Reconstruction for fluence = 1.0600258488068823 photons/pixel
Epoch 0: loss = 103000.578125
Epoch 1: loss = 37978.4375
Epoch 2: loss = 37978.4375
Epoch 3: loss = 37978.43359375
Epoch 4: loss = 37978.43359375
Epoch 5: loss = 37978.4296875
Epoch 6: loss = 37978.4296875
Epoch 7: loss = 37978.4296875
Epoch 8: loss = 37978.4296875
Epoch 9: loss = 37978.4296875
Epoch 10: loss = 37978.4296875
Epoch 11: loss = 37978.4296875
Epoch 12: loss = 37978.4296875
Epoch 13: loss = 37978.4296875
Early stopping at epoch 13 with loss 37978.4296875
Reconstruction for fluence = 1.4187266741165963 photons/pixel
Epoch 0: loss = 135114.484375
Epoch 1: loss = 50859.5859375
Epoch 2: loss = 50859.5859375
Epoch 3: loss = 50859.5859375
Epoch 4: loss = 50859.5859375
Epoch 5: loss = 50859.5859375
Epoch 6: loss = 50859.5859375
Epoch 7: loss = 50859.5859375
Epoch 8: loss = 50859.5859375
Epoch 9: loss = 50859.5859375
Early stopping at epoch 9 with loss 50859.5859375
Reconstruction for fluence = 1.898807824465263 photons/pixel
Epoch 0: loss = 176224.3125
Epoch 1: loss = 67588.2890625
Epoch 2: loss = 67588.2890625
Epoch 3: loss = 67588.2890625
Epoch 4: loss = 67588.2890625
Epoch 5: loss = 67588.28125
Epoch 6: loss = 67588.28125
Epoch 7: loss = 67588.28125
Epoch 8: loss = 67588.28125
Epoch 9: loss = 67588.28125
Epoch 10: loss = 67588.28125
Epoch 11: loss = 67588.28125
Epoch 12: loss = 67588.28125
Epoch 13: loss = 67588.28125
Early stopping at epoch 13 with loss 67588.28125
Reconstruction for fluence = 2.541343036702639 photons/pixel
Epoch 0: loss = 229110.5625
Epoch 1: loss = 89773.796875
Epoch 2: loss = 89773.78125
Epoch 3: loss = 89773.78125
Epoch 4: loss = 89773.78125
Epoch 5: loss = 89773.78125
Epoch 6: loss = 89773.78125
Epoch 7: loss = 89773.78125
Epoch 8: loss = 89773.78125
Epoch 9: loss = 89773.78125
Epoch 10: loss = 89773.78125
Early stopping at epoch 10 with loss 89773.78125
Reconstruction for fluence = 3.4013049382792526 photons/pixel
Epoch 0: loss = 295423.84375
Epoch 1: loss = 117825.640625
Epoch 2: loss = 117574.4140625
Epoch 3: loss = 117574.359375
Epoch 4: loss = 117574.359375
Epoch 5: loss = 117574.359375
Epoch 6: loss = 117574.359375
Epoch 7: loss = 117574.359375
Epoch 8: loss = 117574.359375
Epoch 9: loss = 117574.359375
Epoch 10: loss = 117574.359375
Epoch 11: loss = 117574.359375
Early stopping at epoch 11 with loss 117574.359375
Reconstruction for fluence = 4.55226827550731 photons/pixel
Epoch 0: loss = 379030.96875
Epoch 1: loss = 154535.28125
Epoch 2: loss = 154103.6875
Epoch 3: loss = 154103.671875
Epoch 4: loss = 154103.671875
Epoch 5: loss = 154103.671875
Epoch 6: loss = 154103.671875
Epoch 7: loss = 154103.671875
Epoch 8: loss = 154103.671875
Epoch 9: loss = 154103.671875
Epoch 10: loss = 154103.65625
Epoch 11: loss = 154103.65625
Epoch 12: loss = 154103.671875
Epoch 13: loss = 154103.671875
Epoch 14: loss = 154103.671875
Epoch 15: loss = 154103.671875
Epoch 16: loss = 154103.671875
Epoch 17: loss = 154103.671875
Epoch 18: loss = 154103.671875
Early stopping at epoch 18 with loss 154103.65625
Reconstruction for fluence = 6.09270466136868 photons/pixel
Epoch 0: loss = 482804.25
Epoch 1: loss = 201085.125
Epoch 2: loss = 201085.125
Epoch 3: loss = 201085.125
Epoch 4: loss = 201085.125
Epoch 5: loss = 201085.125
Epoch 6: loss = 201085.125
Epoch 7: loss = 201085.125
Epoch 8: loss = 201085.125
Epoch 9: loss = 201085.125
Early stopping at epoch 9 with loss 201085.125
Reconstruction for fluence = 8.15440739518517 photons/pixel
Epoch 0: loss = 608639.375
Epoch 1: loss = 259124.3125
Epoch 2: loss = 259124.28125
Epoch 3: loss = 259124.28125
Epoch 4: loss = 259124.28125
Epoch 5: loss = 259124.265625
Epoch 6: loss = 259124.28125
Epoch 7: loss = 259124.28125
Epoch 8: loss = 259124.28125
Epoch 9: loss = 259124.28125
Epoch 10: loss = 259124.28125
Epoch 11: loss = 259124.28125
Epoch 12: loss = 259124.28125
Epoch 13: loss = 259124.28125
Early stopping at epoch 13 with loss 259124.265625
Reconstruction for fluence = 10.913767146512738 photons/pixel
Epoch 0: loss = 759294.125
Epoch 1: loss = 329825.8125
Epoch 2: loss = 329825.8125
Epoch 3: loss = 329825.8125
Epoch 4: loss = 329825.8125
Epoch 5: loss = 329825.8125
Epoch 6: loss = 329825.8125
Epoch 7: loss = 329825.8125
Epoch 8: loss = 329825.8125
Epoch 9: loss = 329825.8125
Early stopping at epoch 9 with loss 329825.8125
Reconstruction for fluence = 14.606863203649889 photons/pixel
Epoch 0: loss = 935432.4375
Epoch 1: loss = 415244.625
Epoch 2: loss = 415244.625
Epoch 3: loss = 415244.59375
Epoch 4: loss = 415244.59375
Epoch 5: loss = 415244.5625
Epoch 6: loss = 415244.59375
Epoch 7: loss = 415244.59375
Epoch 8: loss = 415244.59375
Epoch 9: loss = 415244.59375
Epoch 10: loss = 415244.59375
Epoch 11: loss = 415244.59375
Epoch 12: loss = 415244.59375
Epoch 13: loss = 415244.59375
Early stopping at epoch 13 with loss 415244.5625
Reconstruction for fluence = 19.549661430912614 photons/pixel
Epoch 0: loss = 1136046.125
Epoch 1: loss = 509856.8125
Epoch 2: loss = 509856.8125
Epoch 3: loss = 509856.78125
Epoch 4: loss = 509856.78125
Epoch 5: loss = 509856.78125
Epoch 6: loss = 509856.78125
Epoch 7: loss = 509856.78125
Epoch 8: loss = 509856.78125
Epoch 9: loss = 509856.78125
Epoch 10: loss = 509856.78125
Epoch 11: loss = 509856.78125
Early stopping at epoch 11 with loss 509856.78125
Reconstruction for fluence = 26.165046987488235 photons/pixel
Epoch 0: loss = 1355887.75
Epoch 1: loss = 616257.375
Epoch 2: loss = 616257.375
Epoch 3: loss = 616257.375
Epoch 4: loss = 616257.3125
Epoch 5: loss = 616257.3125
Epoch 6: loss = 616257.3125
Epoch 7: loss = 616257.3125
Epoch 8: loss = 616257.3125
Epoch 9: loss = 616257.3125
Epoch 10: loss = 616257.3125
Epoch 11: loss = 616257.3125
Epoch 12: loss = 616257.3125
Early stopping at epoch 12 with loss 616257.3125
Reconstruction for fluence = 35.01900461431713 photons/pixel
Epoch 0: loss = 1589364.0
Epoch 1: loss = 722842.625
Epoch 2: loss = 722842.375
Epoch 3: loss = 722842.3125
Epoch 4: loss = 722842.375
Epoch 5: loss = 722842.3125
Epoch 6: loss = 722842.3125
Epoch 7: loss = 722842.3125
Epoch 8: loss = 722842.375
Epoch 9: loss = 722842.375
Epoch 10: loss = 722842.375
Epoch 11: loss = 722842.3125
Early stopping at epoch 11 with loss 722842.3125
Reconstruction for fluence = 46.86904192314193 photons/pixel
Epoch 0: loss = 1831125.25
Epoch 1: loss = 820755.1875
Epoch 2: loss = 820755.125
Epoch 3: loss = 820755.125
Epoch 4: loss = 820755.125
Epoch 5: loss = 820755.0625
Epoch 6: loss = 820755.125
Epoch 7: loss = 820755.125
Epoch 8: loss = 820755.125
Epoch 9: loss = 820755.125
Epoch 10: loss = 820755.125
Epoch 11: loss = 820755.125
Epoch 12: loss = 820755.125
Epoch 13: loss = 820755.125
Early stopping at epoch 13 with loss 820755.0625
Reconstruction for fluence = 62.7289985819625 photons/pixel
Epoch 0: loss = 2076979.75
Epoch 1: loss = 900155.0
Epoch 2: loss = 900155.0
Epoch 3: loss = 900155.0
Epoch 4: loss = 900155.0
Epoch 5: loss = 900155.0
Epoch 6: loss = 900155.0
Epoch 7: loss = 900155.0
Epoch 8: loss = 900155.0
Epoch 9: loss = 900155.0
Early stopping at epoch 9 with loss 900155.0
Reconstruction for fluence = 83.9557861999512 photons/pixel
Epoch 0: loss = 2328560.5
Epoch 1: loss = 952599.5625
Epoch 2: loss = 952599.5
Epoch 3: loss = 952599.5
Epoch 4: loss = 952599.5
Epoch 5: loss = 952599.5
Epoch 6: loss = 952599.5
Epoch 7: loss = 952599.5
Epoch 8: loss = 952599.5
Epoch 9: loss = 952599.5
Epoch 10: loss = 952599.5
Early stopping at epoch 10 with loss 952599.5
Reconstruction for fluence = 112.36548001387516 photons/pixel
Epoch 0: loss = 2607267.0
Epoch 1: loss = 980051.875
Epoch 2: loss = 980051.875
Epoch 3: loss = 980051.875
Epoch 4: loss = 980051.875
Epoch 5: loss = 980051.875
Epoch 6: loss = 980051.9375
Epoch 7: loss = 980051.9375
Epoch 8: loss = 980051.9375
Epoch 9: loss = 980051.9375
Early stopping at epoch 9 with loss 980051.875
Reconstruction for fluence = 150.388694695541 photons/pixel
Epoch 0: loss = 2955395.0
Epoch 1: loss = 987542.0
Epoch 2: loss = 987541.875
Epoch 3: loss = 987541.875
Epoch 4: loss = 987541.875
Epoch 5: loss = 987541.875
Epoch 6: loss = 987541.875
Epoch 7: loss = 987541.875
Epoch 8: loss = 987541.875
Epoch 9: loss = 987541.875
Epoch 10: loss = 987541.875
Early stopping at epoch 10 with loss 987541.875
Reconstruction for fluence = 201.27853758499384 photons/pixel
Epoch 0: loss = 3425238.5
Epoch 1: loss = 993937.375
Epoch 2: loss = 993937.25
Epoch 3: loss = 993937.25
Epoch 4: loss = 993937.25
Epoch 5: loss = 993937.25
Epoch 6: loss = 993937.25
Epoch 7: loss = 993937.25
Epoch 8: loss = 993937.25
Epoch 9: loss = 993937.25
Epoch 10: loss = 993937.25
Early stopping at epoch 10 with loss 993937.25
Reconstruction for fluence = 269.3889309590175 photons/pixel
Epoch 0: loss = 4088480.0
Epoch 1: loss = 1010678.875
Epoch 2: loss = 1010678.75
Epoch 3: loss = 1010678.75
Epoch 4: loss = 1010678.75
Epoch 5: loss = 1010678.75
Epoch 6: loss = 1010678.75
Epoch 7: loss = 1010678.75
Epoch 8: loss = 1010678.75
Epoch 9: loss = 1010678.75
Epoch 10: loss = 1010678.75
Early stopping at epoch 10 with loss 1010678.75
Reconstruction for fluence = 360.54711542505055 photons/pixel
Epoch 0: loss = 5025099.0
Epoch 1: loss = 1053653.0
Epoch 2: loss = 1053653.0
Epoch 3: loss = 1053653.0
Epoch 4: loss = 1053653.0
Epoch 5: loss = 1053653.0
Epoch 6: loss = 1053653.0
Epoch 7: loss = 1053653.0
Epoch 8: loss = 1053653.0
Epoch 9: loss = 1053653.0
Early stopping at epoch 9 with loss 1053653.0
Reconstruction for fluence = 482.55220427412786 photons/pixel
Epoch 0: loss = 6329369.0
Epoch 1: loss = 1123657.25
Epoch 2: loss = 1123657.25
Epoch 3: loss = 1123657.25
Epoch 4: loss = 1123657.25
Epoch 5: loss = 1123657.25
Epoch 6: loss = 1123657.25
Epoch 7: loss = 1123657.25
Epoch 8: loss = 1123657.25
Epoch 9: loss = 1123657.25
Early stopping at epoch 9 with loss 1123657.25
Reconstruction for fluence = 645.8424430196991 photons/pixel
Epoch 0: loss = 8117051.0
Epoch 1: loss = 1222211.0
Epoch 2: loss = 1222210.875
Epoch 3: loss = 1222210.875
Epoch 4: loss = 1222210.875
Epoch 5: loss = 1222211.0
Epoch 6: loss = 1222211.0
Epoch 7: loss = 1222211.0
Epoch 8: loss = 1222210.75
Epoch 9: loss = 1222210.75
Epoch 10: loss = 1222210.875
Epoch 11: loss = 1222210.75
Epoch 12: loss = 1222210.75
Epoch 13: loss = 1222210.75
Epoch 14: loss = 1222210.75
Epoch 15: loss = 1222210.75
Epoch 16: loss = 1222210.75
Early stopping at epoch 16 with loss 1222210.75
Reconstruction for fluence = 864.3882620598279 photons/pixel
Epoch 0: loss = 10521918.0
Epoch 1: loss = 1343936.75
Epoch 2: loss = 1343936.75
Epoch 3: loss = 1343936.75
Epoch 4: loss = 1343936.75
Epoch 5: loss = 1343936.625
Epoch 6: loss = 1343936.75
Epoch 7: loss = 1343936.75
Epoch 8: loss = 1343936.75
Epoch 9: loss = 1343936.75
Epoch 10: loss = 1343936.75
Epoch 11: loss = 1343936.75
Epoch 12: loss = 1343936.75
Epoch 13: loss = 1343936.75
Early stopping at epoch 13 with loss 1343936.625
Reconstruction for fluence = 1156.8875283162834 photons/pixel
Epoch 0: loss = 13769070.0
Epoch 1: loss = 1485550.75
Epoch 2: loss = 1485550.625
Epoch 3: loss = 1485550.625
Epoch 4: loss = 1485550.625
Epoch 5: loss = 1485550.625
Epoch 6: loss = 1485550.625
Epoch 7: loss = 1485550.625
Epoch 8: loss = 1485550.625
Epoch 9: loss = 1485550.625
Epoch 10: loss = 1485550.625
Early stopping at epoch 10 with loss 1485550.625
Reconstruction for fluence = 1548.365256585499 photons/pixel
Epoch 0: loss = 18120288.0
Epoch 1: loss = 1646346.75
Epoch 2: loss = 1646346.75
Epoch 3: loss = 1646346.5
Epoch 4: loss = 1646346.5
Epoch 5: loss = 1646346.5
Epoch 6: loss = 1646346.5
Epoch 7: loss = 1646346.5
Epoch 8: loss = 1646346.5
Epoch 9: loss = 1646346.5
Epoch 10: loss = 1646346.5
Epoch 11: loss = 1646346.5
Early stopping at epoch 11 with loss 1646346.5
Reconstruction for fluence = 2072.3146452190294 photons/pixel
Epoch 0: loss = 23952482.0
Epoch 1: loss = 1825695.25
Epoch 2: loss = 1825694.75
Epoch 3: loss = 1825694.75
Epoch 4: loss = 1825694.75
Epoch 5: loss = 1825694.75
Epoch 6: loss = 1825694.75
Epoch 7: loss = 1825694.75
Epoch 8: loss = 1825694.75
Epoch 9: loss = 1825694.75
Epoch 10: loss = 1825694.75
Early stopping at epoch 10 with loss 1825694.75
Reconstruction for fluence = 2773.5626141984176 photons/pixel
Epoch 0: loss = 31778012.0
Epoch 1: loss = 2026278.0
Epoch 2: loss = 2026277.5
Epoch 3: loss = 2026277.375
Epoch 4: loss = 2026277.25
Epoch 5: loss = 2026277.25
Epoch 6: loss = 2026277.375
Epoch 7: loss = 2026277.25
Epoch 8: loss = 2026277.25
Epoch 9: loss = 2026277.375
Epoch 10: loss = 2026277.25
Epoch 11: loss = 2026277.375
Epoch 12: loss = 2026277.25
Early stopping at epoch 12 with loss 2026277.25
Reconstruction for fluence = 3712.105009066365 photons/pixel
Epoch 0: loss = 42238552.0
Epoch 1: loss = 2243455.5
Epoch 2: loss = 2243454.75
Epoch 3: loss = 2243454.75
Epoch 4: loss = 2243454.5
Epoch 5: loss = 2243454.5
Epoch 6: loss = 2243454.5
Epoch 7: loss = 2243454.5
Epoch 8: loss = 2243454.5
Epoch 9: loss = 2243454.5
Epoch 10: loss = 2243454.5
Epoch 11: loss = 2243454.5
Epoch 12: loss = 2243454.5
Early stopping at epoch 12 with loss 2243454.5
Reconstruction for fluence = 4968.2395947343875 photons/pixel
Epoch 0: loss = 56253880.0
Epoch 1: loss = 2474142.0
Epoch 2: loss = 2474140.25
Epoch 3: loss = 2474140.25
Epoch 4: loss = 2474140.25
Epoch 5: loss = 2474140.25
Epoch 6: loss = 2474140.25
Epoch 7: loss = 2474140.25
Epoch 8: loss = 2474140.25
Epoch 9: loss = 2474140.25
Epoch 10: loss = 2474140.25
Early stopping at epoch 10 with loss 2474140.25
Reconstruction for fluence = 6649.435996665059 photons/pixel
Epoch 0: loss = 74989336.0
Epoch 1: loss = 2716800.0
Epoch 2: loss = 2716798.5
Epoch 3: loss = 2716798.25
Epoch 4: loss = 2716798.5
Epoch 5: loss = 2716798.5
Epoch 6: loss = 2716798.5
Epoch 7: loss = 2716798.5
Epoch 8: loss = 2716798.5
Epoch 9: loss = 2716798.5
Epoch 10: loss = 2716798.5
Epoch 11: loss = 2716798.5
Early stopping at epoch 11 with loss 2716798.25
Reconstruction for fluence = 8899.530352885242 photons/pixel
Epoch 0: loss = 100082208.0
Epoch 1: loss = 2971379.5
Epoch 2: loss = 2971377.5
Epoch 3: loss = 2971377.0
Epoch 4: loss = 2971377.0
Epoch 5: loss = 2971377.0
Epoch 6: loss = 2971377.0
Epoch 7: loss = 2971377.0
Epoch 8: loss = 2971377.0
Epoch 9: loss = 2971377.0
Epoch 10: loss = 2971377.0
Epoch 11: loss = 2971377.0
Early stopping at epoch 11 with loss 2971377.0
Reconstruction for fluence = 11911.03133283008 photons/pixel
Epoch 0: loss = 133672336.0
Epoch 1: loss = 3236119.0
Epoch 2: loss = 3236115.0
Epoch 3: loss = 3236115.0
Epoch 4: loss = 3236115.0
Epoch 5: loss = 3236115.0
Epoch 6: loss = 3236115.0
Epoch 7: loss = 3236115.0
Epoch 8: loss = 3236115.0
Epoch 9: loss = 3236115.0
Epoch 10: loss = 3236115.0
Early stopping at epoch 10 with loss 3236115.0
Reconstruction for fluence = 15941.590374559997 photons/pixel
Epoch 0: loss = 178628720.0
Epoch 1: loss = 3493822.5
Epoch 2: loss = 3493796.5
Epoch 3: loss = 3493796.5
Epoch 4: loss = 3493796.5
Epoch 5: loss = 3493796.5
Epoch 6: loss = 3493796.5
Epoch 7: loss = 3493796.5
Epoch 8: loss = 3493796.5
Epoch 9: loss = 3493796.5
Epoch 10: loss = 3493796.5
Early stopping at epoch 10 with loss 3493796.5
Reconstruction for fluence = 21336.04526501411 photons/pixel
Epoch 0: loss = 238825952.0
Epoch 1: loss = 3752754.25
Epoch 2: loss = 3752708.0
Epoch 3: loss = 3752708.0
Epoch 4: loss = 3752708.0
Epoch 5: loss = 3752708.0
Epoch 6: loss = 3752708.0
Epoch 7: loss = 3752708.0
Epoch 8: loss = 3752708.0
Epoch 9: loss = 3752708.0
Epoch 10: loss = 3752708.0
Early stopping at epoch 10 with loss 3752708.0
Reconstruction for fluence = 28555.923019901118 photons/pixel
Epoch 0: loss = 319342592.0
Epoch 1: loss = 3992520.5
Epoch 2: loss = 3992457.75
Epoch 3: loss = 3992457.5
Epoch 4: loss = 3992457.5
Epoch 5: loss = 3992457.5
Epoch 6: loss = 3992457.5
Epoch 7: loss = 3992457.5
Epoch 8: loss = 3992457.5
Epoch 9: loss = 3992457.5
Epoch 10: loss = 3992457.5
Epoch 11: loss = 3992457.5
Early stopping at epoch 11 with loss 3992457.5
Reconstruction for fluence = 38218.92620633123 photons/pixel
Epoch 0: loss = 427102336.0
Epoch 1: loss = 4211011.5
Epoch 2: loss = 4210974.5
Epoch 3: loss = 4210974.5
Epoch 4: loss = 4210974.5
Epoch 5: loss = 4210974.0
Epoch 6: loss = 4210974.0
Epoch 7: loss = 4210974.0
Epoch 8: loss = 4210974.0
Epoch 9: loss = 4210974.0
Epoch 10: loss = 4210974.0
Epoch 11: loss = 4210974.0
Epoch 12: loss = 4210974.0
Epoch 13: loss = 4210974.0
Early stopping at epoch 13 with loss 4210974.0
Reconstruction for fluence = 51151.78099293145 photons/pixel
Epoch 0: loss = 571323712.0
Epoch 1: loss = 4403455.0
Epoch 2: loss = 4403425.5
Epoch 3: loss = 4403425.0
Epoch 4: loss = 4403425.0
Epoch 5: loss = 4403425.0
Epoch 6: loss = 4403425.0
Epoch 7: loss = 4403425.0
Epoch 8: loss = 4403425.0
Epoch 9: loss = 4403425.0
Epoch 10: loss = 4403425.0
Epoch 11: loss = 4403425.0
Early stopping at epoch 11 with loss 4403425.0
Reconstruction for fluence = 68460.96838574672 photons/pixel
Epoch 0: loss = 764378368.0
Epoch 1: loss = 4571180.0
Epoch 2: loss = 4571139.0
Epoch 3: loss = 4571138.5
Epoch 4: loss = 4571138.5
Epoch 5: loss = 4571138.5
Epoch 6: loss = 4571138.5
Epoch 7: loss = 4571138.5
Epoch 8: loss = 4571138.5
Epoch 9: loss = 4571139.0
Epoch 10: loss = 4571139.0
Epoch 11: loss = 4571139.0
Early stopping at epoch 11 with loss 4571138.5
Reconstruction for fluence = 91627.3901188675 photons/pixel
Epoch 0: loss = 1022741184.0
Epoch 1: loss = 4701169.5
Epoch 2: loss = 4701119.0
Epoch 3: loss = 4701119.0
Epoch 4: loss = 4701119.0
Epoch 5: loss = 4701119.0
Epoch 6: loss = 4701119.0
Epoch 7: loss = 4701118.5
Epoch 8: loss = 4701118.5
Epoch 9: loss = 4701118.5
Epoch 10: loss = 4701118.5
Epoch 11: loss = 4701118.5
Epoch 12: loss = 4701118.5
Epoch 13: loss = 4701118.0
Epoch 14: loss = 4701118.0
Epoch 15: loss = 4701118.0
Epoch 16: loss = 4701118.0
Epoch 17: loss = 4701118.0
Epoch 18: loss = 4701118.0
Epoch 19: loss = 4701118.0
Epoch 20: loss = 4701118.0
Epoch 21: loss = 4701118.0
Early stopping at epoch 21 with loss 4701118.0
Reconstruction for fluence = 122633.06841775644 photons/pixel
Epoch 0: loss = 1368482560.0
Epoch 1: loss = 4799358.0
Epoch 2: loss = 4799258.0
Epoch 3: loss = 4799257.0
Epoch 4: loss = 4799257.0
Epoch 5: loss = 4799257.0
Epoch 6: loss = 4799256.5
Epoch 7: loss = 4799256.5
Epoch 8: loss = 4799256.5
Epoch 9: loss = 4799256.5
Epoch 10: loss = 4799256.5
Epoch 11: loss = 4799256.5
Epoch 12: loss = 4799256.5
Epoch 13: loss = 4799256.5
Epoch 14: loss = 4799256.5
Early stopping at epoch 14 with loss 4799256.5
Reconstruction for fluence = 164130.71953751298 photons/pixel
Epoch 0: loss = 1831279488.0
Epoch 1: loss = 4863649.0
Epoch 2: loss = 4863527.0
Epoch 3: loss = 4863527.0
Epoch 4: loss = 4863527.0
Epoch 5: loss = 4863526.5
Epoch 6: loss = 4863527.0
Epoch 7: loss = 4863527.0
Epoch 8: loss = 4863526.5
Epoch 9: loss = 4863526.5
Epoch 10: loss = 4863526.5
Epoch 11: loss = 4863526.5
Epoch 12: loss = 4863526.5
Epoch 13: loss = 4863526.5
Early stopping at epoch 13 with loss 4863526.5
Reconstruction for fluence = 219670.7090793235 photons/pixel
Epoch 0: loss = 2450680320.0
Epoch 1: loss = 4902662.0
Epoch 2: loss = 4902132.5
Epoch 3: loss = 4902132.5
Epoch 4: loss = 4902132.5
Epoch 5: loss = 4902132.5
Epoch 6: loss = 4902132.5
Epoch 7: loss = 4902132.5
Epoch 8: loss = 4902132.5
Epoch 9: loss = 4902132.5
Epoch 10: loss = 4902132.5
Early stopping at epoch 10 with loss 4902132.5
Reconstruction for fluence = 294004.8064334714 photons/pixel
Epoch 0: loss = 3279912192.0
Epoch 1: loss = 4909512.0
Epoch 2: loss = 4909300.0
Epoch 3: loss = 4909300.0
Epoch 4: loss = 4909300.0
Epoch 5: loss = 4909300.0
Epoch 6: loss = 4909300.0
Epoch 7: loss = 4909300.0
Epoch 8: loss = 4909300.0
Epoch 9: loss = 4909300.0
Epoch 10: loss = 4909300.0
Early stopping at epoch 10 with loss 4909300.0
Reconstruction for fluence = 393492.7263095853 photons/pixel
Epoch 0: loss = 4389722112.0
Epoch 1: loss = 4889734.0
Epoch 2: loss = 4889445.0
Epoch 3: loss = 4889445.0
Epoch 4: loss = 4889445.0
Epoch 5: loss = 4889445.0
Epoch 6: loss = 4889445.0
Epoch 7: loss = 4889445.0
Epoch 8: loss = 4889445.0
Epoch 9: loss = 4889445.0
Epoch 10: loss = 4889445.0
Early stopping at epoch 10 with loss 4889445.0
Reconstruction for fluence = 526646.2393484281 photons/pixel
Epoch 0: loss = 5874741760.0
Epoch 1: loss = 4866332.0
Epoch 2: loss = 4855296.5
Epoch 3: loss = 4855296.0
Epoch 4: loss = 4855296.0
Epoch 5: loss = 4855296.0
Epoch 6: loss = 4855296.5
Epoch 7: loss = 4855296.5
Epoch 8: loss = 4855296.5
Epoch 9: loss = 4855296.5
Epoch 10: loss = 4855296.0
Epoch 11: loss = 4855296.0
Early stopping at epoch 11 with loss 4855296.0
Reconstruction for fluence = 704857.4036451917 photons/pixel
Epoch 0: loss = 7862410240.0
Epoch 1: loss = 4817140.0
Epoch 2: loss = 4809714.0
Epoch 3: loss = 4809714.0
Epoch 4: loss = 4809714.0
Epoch 5: loss = 4809713.5
Epoch 6: loss = 4809713.5
Epoch 7: loss = 4809714.0
Epoch 8: loss = 4809714.0
Epoch 9: loss = 4809714.0
Epoch 10: loss = 4809714.0
Epoch 11: loss = 4809714.0
Epoch 12: loss = 4809714.0
Epoch 13: loss = 4809714.0
Early stopping at epoch 13 with loss 4809713.5
Reconstruction for fluence = 943373.2216299793 photons/pixel
Epoch 0: loss = 10522834944.0
Epoch 1: loss = 4754445.0
Epoch 2: loss = 4750389.0
Epoch 3: loss = 4750387.0
Epoch 4: loss = 4750387.0
Epoch 5: loss = 4750387.0
Epoch 6: loss = 4750386.5
Epoch 7: loss = 4750386.5
Epoch 8: loss = 4750386.5
Epoch 9: loss = 4750386.5
Epoch 10: loss = 4750386.5
Epoch 11: loss = 4750386.5
Epoch 12: loss = 4750386.5
Epoch 13: loss = 4750386.5
Epoch 14: loss = 4750386.5
Early stopping at epoch 14 with loss 4750386.5
Reconstruction for fluence = 1262600.1098748576 photons/pixel
Epoch 0: loss = 14083168256.0
Epoch 1: loss = 4686938.0
Epoch 2: loss = 4685880.0
Epoch 3: loss = 4685879.0
Epoch 4: loss = 4685879.0
Epoch 5: loss = 4685879.0
Epoch 6: loss = 4685878.5
Epoch 7: loss = 4685878.5
Epoch 8: loss = 4685878.5
Epoch 9: loss = 4685878.5
Epoch 10: loss = 4685879.0
Epoch 11: loss = 4685879.0
Epoch 12: loss = 4685879.0
Epoch 13: loss = 4685878.5
Epoch 14: loss = 4685878.5
Early stopping at epoch 14 with loss 4685878.5
Reconstruction for fluence = 1689849.7868124621 photons/pixel
Epoch 0: loss = 18848731136.0
Epoch 1: loss = 4661942.0
Epoch 2: loss = 4623839.0
Epoch 3: loss = 4623839.0
Epoch 4: loss = 4623839.0
Epoch 5: loss = 4623839.0
Epoch 6: loss = 4623839.0
Epoch 7: loss = 4623838.5
Epoch 8: loss = 4623838.5
Epoch 9: loss = 4623838.5
Epoch 10: loss = 4623838.5
Epoch 11: loss = 4623838.5
Epoch 12: loss = 4623838.5
Epoch 13: loss = 4623838.5
Epoch 14: loss = 4623838.5
Epoch 15: loss = 4623838.5
Early stopping at epoch 15 with loss 4623838.5
Reconstruction for fluence = 2261675.949222864 photons/pixel
Epoch 0: loss = 25226729472.0
Epoch 1: loss = 4631479.0
Epoch 2: loss = 4559666.0
Epoch 3: loss = 4559667.0
Epoch 4: loss = 4559667.0
Epoch 5: loss = 4559667.0
Epoch 6: loss = 4559667.0
Epoch 7: loss = 4559666.5
Epoch 8: loss = 4559666.5
Epoch 9: loss = 4559666.5
Epoch 10: loss = 4559667.0
Early stopping at epoch 10 with loss 4559666.0
Reconstruction for fluence = 3027001.653763468 photons/pixel
Epoch 0: loss = 33762904064.0
Epoch 1: loss = 4590870.0
Epoch 2: loss = 4505324.5
Epoch 3: loss = 4505324.0
Epoch 4: loss = 4505324.0
Epoch 5: loss = 4505324.0
Epoch 6: loss = 4505324.0
Epoch 7: loss = 4505324.0
Epoch 8: loss = 4505324.0
Epoch 9: loss = 4505324.0
Epoch 10: loss = 4505324.0
Epoch 11: loss = 4505324.0
Early stopping at epoch 11 with loss 4505324.0
Reconstruction for fluence = 4051304.9692353783 photons/pixel
Epoch 0: loss = 45187657728.0
Epoch 1: loss = 4595231.5
Epoch 2: loss = 4450751.0
Epoch 3: loss = 4450751.0
Epoch 4: loss = 4450751.0
Epoch 5: loss = 4450750.5
Epoch 6: loss = 4450751.0
Epoch 7: loss = 4450751.0
Epoch 8: loss = 4450750.5
Epoch 9: loss = 4450751.0
Epoch 10: loss = 4450750.5
Epoch 11: loss = 4450750.5
Epoch 12: loss = 4450751.0
Epoch 13: loss = 4450751.0
Early stopping at epoch 13 with loss 4450750.5
Reconstruction for fluence = 5422221.006501592 photons/pixel
Epoch 0: loss = 60477902848.0
Epoch 1: loss = 136113280.0
Epoch 2: loss = 4404095.0
Epoch 3: loss = 4404062.5
Epoch 4: loss = 4404062.5
Epoch 5: loss = 4404062.5
Epoch 6: loss = 4404062.0
Epoch 7: loss = 4404062.5
Epoch 8: loss = 4404062.5
Epoch 9: loss = 4404062.5
Epoch 10: loss = 4404062.5
Epoch 11: loss = 4404062.5
Epoch 12: loss = 4404062.5
Epoch 13: loss = 4404062.0
Epoch 14: loss = 4404062.5
Early stopping at epoch 14 with loss 4404062.0
Reconstruction for fluence = 7257039.61232423 photons/pixel
Epoch 0: loss = 80942948352.0
Epoch 1: loss = 5306385.0
Epoch 2: loss = 4364466.0
Epoch 3: loss = 4364466.0
Epoch 4: loss = 4364466.0
Epoch 5: loss = 4364466.0
Epoch 6: loss = 4364466.0
Epoch 7: loss = 4364466.0
Epoch 8: loss = 4364466.0
Epoch 9: loss = 4364466.0
Epoch 10: loss = 4364466.0
Early stopping at epoch 10 with loss 4364466.0
Reconstruction for fluence = 9712740.198471166 photons/pixel
Epoch 0: loss = 108332195840.0
Epoch 1: loss = 5799474.0
Epoch 2: loss = 4332550.0
Epoch 3: loss = 4332549.5
Epoch 4: loss = 4332549.5
Epoch 5: loss = 4332549.5
Epoch 6: loss = 4332549.5
Epoch 7: loss = 4332549.5
Epoch 8: loss = 4332549.5
Epoch 9: loss = 4332549.5
Epoch 10: loss = 4332549.5
Epoch 11: loss = 4332549.5
Early stopping at epoch 11 with loss 4332549.5
Reconstruction for fluence = 12999422.244132474 photons/pixel
Epoch 0: loss = 144990388224.0
Epoch 1: loss = 8258375.5
Epoch 2: loss = 4299287.5
Epoch 3: loss = 4299287.0
Epoch 4: loss = 4299287.0
Epoch 5: loss = 4299286.5
Epoch 6: loss = 4299286.5
Epoch 7: loss = 4299286.5
Epoch 8: loss = 4299286.5
Epoch 9: loss = 4299286.5
Epoch 10: loss = 4299286.5
Epoch 11: loss = 4299286.5
Epoch 12: loss = 4299286.5
Epoch 13: loss = 4299287.0
Early stopping at epoch 13 with loss 4299286.5
Reconstruction for fluence = 17398280.529303692 photons/pixel
Epoch 0: loss = 194052947968.0
Epoch 1: loss = 37477708.0
Epoch 2: loss = 4276565.0
Epoch 3: loss = 4276559.0
Epoch 4: loss = 4276558.5
Epoch 5: loss = 4276558.5
Epoch 6: loss = 4276558.5
Epoch 7: loss = 4276558.0
Epoch 8: loss = 4276558.0
Epoch 9: loss = 4276558.0
Epoch 10: loss = 4276558.0
Epoch 11: loss = 4276558.5
Epoch 12: loss = 4276558.5
Epoch 13: loss = 4276558.0
Epoch 14: loss = 4276558.0
Epoch 15: loss = 4276558.0
Early stopping at epoch 15 with loss 4276558.0
Reconstruction for fluence = 23285662.984981965 photons/pixel
Epoch 0: loss = 259719053312.0
Epoch 1: loss = 10955560.0
Epoch 2: loss = 4256712.5
Epoch 3: loss = 4256712.5
Epoch 4: loss = 4256712.0
Epoch 5: loss = 4256712.0
Epoch 6: loss = 4256712.0
Epoch 7: loss = 4256712.0
Epoch 8: loss = 4256712.0
Epoch 9: loss = 4256712.0
Epoch 10: loss = 4256712.0
Epoch 11: loss = 4256712.0
Epoch 12: loss = 4256712.0
Early stopping at epoch 12 with loss 4256712.0
Reconstruction for fluence = 31165269.449294366 photons/pixel
Epoch 0: loss = 347604090880.0
Epoch 1: loss = 160652912.0
Epoch 2: loss = 4244180.0
Epoch 3: loss = 4244143.0
Epoch 4: loss = 4244141.0
Epoch 5: loss = 4244141.0
Epoch 6: loss = 4244140.5
Epoch 7: loss = 4244141.0
Epoch 8: loss = 4244141.0
Epoch 9: loss = 4244141.0
Epoch 10: loss = 4244141.0
Epoch 11: loss = 4244141.0
Epoch 12: loss = 4244141.0
Epoch 13: loss = 4244141.0
Epoch 14: loss = 4244140.5
Early stopping at epoch 14 with loss 4244140.5
Reconstruction for fluence = 41711246.12056533 photons/pixel
Epoch 0: loss = 465228529664.0
Epoch 1: loss = 240230624.0
Epoch 2: loss = 4226680.0
Epoch 3: loss = 4226613.5
Epoch 4: loss = 4226613.5
Epoch 5: loss = 4226613.5
Epoch 6: loss = 4226613.5
Epoch 7: loss = 4226613.5
Epoch 8: loss = 4226613.5
Epoch 9: loss = 4226613.0
Epoch 10: loss = 4226613.0
Epoch 11: loss = 4226613.5
Epoch 12: loss = 4226613.5
Epoch 13: loss = 4226613.5
Epoch 14: loss = 4226613.5
Epoch 15: loss = 4226613.5
Epoch 16: loss = 4226613.5
Epoch 17: loss = 4226613.0
Early stopping at epoch 17 with loss 4226613.0
Reconstruction for fluence = 55825862.688627005 photons/pixel
Epoch 0: loss = 622658453504.0
Epoch 1: loss = 185868255232.0
Epoch 2: loss = 82151620608.0
Epoch 3: loss = 937605988352.0
Epoch 4: loss = 6575560.5
Epoch 5: loss = 4220848.5
Epoch 6: loss = 4220848.0
Epoch 7: loss = 4220847.0
Epoch 8: loss = 4220847.0
Epoch 9: loss = 4220847.0
Epoch 10: loss = 4220847.0
Epoch 11: loss = 4220847.0
Epoch 12: loss = 4220847.0
Epoch 13: loss = 4220847.0
Epoch 14: loss = 4220847.0
Epoch 15: loss = 4220847.0
Early stopping at epoch 15 with loss 4220847.0
Reconstruction for fluence = 74716706.75868097 photons/pixel
Epoch 0: loss = 833357873152.0
Epoch 1: loss = 590469120.0
Epoch 2: loss = 4213981.0
Epoch 3: loss = 4213368.0
Epoch 4: loss = 4213367.5
Epoch 5: loss = 4213367.5
Epoch 6: loss = 4213367.5
Epoch 7: loss = 4213367.5
Epoch 8: loss = 4213367.5
Epoch 9: loss = 4213367.5
Epoch 10: loss = 4213367.5
Epoch 11: loss = 4213367.5
Epoch 12: loss = 4213368.0
Early stopping at epoch 12 with loss 4213367.5
Reconstruction for fluence = 100000000.0 photons/pixel
Epoch 0: loss = 1115354169344.0
Epoch 1: loss = 1012280192.0
Epoch 2: loss = 4205209.0
Epoch 3: loss = 4204138.5
Epoch 4: loss = 4204138.5
Epoch 5: loss = 4204138.5
Epoch 6: loss = 4204138.5
Epoch 7: loss = 4204138.0
Epoch 8: loss = 4204138.0
Epoch 9: loss = 4204138.0
Epoch 10: loss = 4204138.0
Epoch 11: loss = 4204138.0
Epoch 12: loss = 4204138.0
Epoch 13: loss = 4204138.0
Epoch 14: loss = 4204138.0
Epoch 15: loss = 4204138.0
Early stopping at epoch 15 with loss 4204138.0
Tensors initialization on device cuda
Multiprobe = None

('MSE', 'PoissonNLL') RECONSTRUCTIONS

Reconstruction for fluence = 0.01 photons/pixel
Epoch 0: loss = 1089.216552734375
Epoch 1: loss = 360.8166198730469
Epoch 2: loss = 360.81591796875
Epoch 3: loss = 360.8155517578125
Epoch 4: loss = 360.81512451171875
Epoch 5: loss = 360.81488037109375
Epoch 6: loss = 360.81475830078125
Epoch 7: loss = 360.81451416015625
Epoch 8: loss = 360.81451416015625
Epoch 9: loss = 360.81451416015625
Epoch 10: loss = 360.814453125
Epoch 11: loss = 360.814453125
Epoch 12: loss = 360.814453125
Epoch 13: loss = 360.814453125
Epoch 14: loss = 360.8144226074219
Epoch 0: loss = 0.0003267213178332895
Epoch 1: loss = 0.00032668671337887645
Epoch 2: loss = 0.00032665213802829385
Epoch 3: loss = 0.0003266176499892026
Epoch 4: loss = 0.00032658319105394185
Epoch 5: loss = 0.000326548790326342
Epoch 6: loss = 0.00032651444780640304
Epoch 7: loss = 0.000326480163494125
Epoch 8: loss = 0.00032644590828567743
Early stopping at epoch 8 with loss 0.0003267213178332895
Reconstruction for fluence = 0.01338388753173757 photons/pixel
Epoch 0: loss = 1462.79638671875
Epoch 1: loss = 490.72357177734375
Epoch 2: loss = 490.71673583984375
Epoch 3: loss = 490.7151184082031
Epoch 4: loss = 490.7144775390625
Epoch 5: loss = 490.7144775390625
Epoch 6: loss = 490.71441650390625
Epoch 7: loss = 490.71441650390625
Epoch 8: loss = 490.71441650390625
Epoch 9: loss = 490.71441650390625
Epoch 10: loss = 490.71441650390625
Epoch 11: loss = 490.71441650390625
Epoch 12: loss = 490.71441650390625
Early stopping at epoch 12 with loss 490.7144775390625
Epoch 0: loss = 0.0004375641292426735
Epoch 1: loss = 0.00043750752229243517
Epoch 2: loss = 0.00043745103175751865
Epoch 3: loss = 0.00043739465763792396
Epoch 4: loss = 0.00043733837082982063
Epoch 5: loss = 0.00043728220043703914
Epoch 6: loss = 0.00043722614645957947
Epoch 7: loss = 0.0004371702088974416
Epoch 8: loss = 0.0004371143295429647
Early stopping at epoch 8 with loss 0.0004375641292426735
Reconstruction for fluence = 0.01791284454622004 photons/pixel
Epoch 0: loss = 1963.024658203125
Epoch 1: loss = 667.5599975585938
Epoch 2: loss = 667.5576171875
Epoch 3: loss = 667.55712890625
Epoch 4: loss = 667.5565795898438
Epoch 5: loss = 667.556396484375
Epoch 6: loss = 667.5562744140625
Epoch 7: loss = 667.55615234375
Epoch 8: loss = 667.5560302734375
Epoch 9: loss = 667.5557861328125
Epoch 10: loss = 667.5557861328125
Epoch 11: loss = 667.5557861328125
Epoch 12: loss = 667.5557861328125
Epoch 13: loss = 667.5556640625
Epoch 14: loss = 667.5551147460938
Epoch 0: loss = 0.0005849487497471273
Epoch 1: loss = 0.0005848569562658668
Epoch 2: loss = 0.0005847653956152499
Epoch 3: loss = 0.0005846740095876157
Epoch 4: loss = 0.0005845828563906252
Epoch 5: loss = 0.0005844918778166175
Epoch 6: loss = 0.0005844011320732534
Epoch 7: loss = 0.000584310560952872
Epoch 8: loss = 0.0005842202808707952
Early stopping at epoch 8 with loss 0.0005849487497471273
Reconstruction for fluence = 0.023974349678010775 photons/pixel
Epoch 0: loss = 2549.740234375
Epoch 1: loss = 816.4142456054688
Epoch 2: loss = 816.4080200195312
Epoch 3: loss = 816.4068603515625
Epoch 4: loss = 816.40673828125
Epoch 5: loss = 816.4066772460938
Epoch 6: loss = 816.406494140625
Epoch 7: loss = 816.404541015625
Epoch 8: loss = 816.4044189453125
Epoch 9: loss = 816.4044189453125
Epoch 10: loss = 816.4043579101562
Epoch 11: loss = 816.404296875
Epoch 12: loss = 816.404296875
Epoch 13: loss = 816.404296875
Epoch 14: loss = 816.404296875
Epoch 0: loss = 0.000707892409991473
Epoch 1: loss = 0.0007077519549056888
Epoch 2: loss = 0.000707611907273531
Epoch 3: loss = 0.0007074722088873386
Epoch 4: loss = 0.0007073329761624336
Epoch 5: loss = 0.0007071940926834941
Epoch 6: loss = 0.0007070557330735028
Epoch 7: loss = 0.0007069176062941551
Epoch 8: loss = 0.0007067800033837557
Early stopping at epoch 8 with loss 0.000707892409991473
Reconstruction for fluence = 0.032086999973704504 photons/pixel
Epoch 0: loss = 3483.70751953125
Epoch 1: loss = 1179.92578125
Epoch 2: loss = 1179.922607421875
Epoch 3: loss = 1179.9208984375
Epoch 4: loss = 1179.9208984375
Epoch 5: loss = 1179.9208984375
Epoch 6: loss = 1179.9207763671875
Epoch 7: loss = 1179.9207763671875
Epoch 8: loss = 1179.9207763671875
Epoch 9: loss = 1179.920654296875
Epoch 10: loss = 1179.920654296875
Epoch 11: loss = 1179.920654296875
Epoch 12: loss = 1179.920654296875
Epoch 13: loss = 1179.920654296875
Epoch 14: loss = 1179.920654296875
Epoch 0: loss = 0.000992653425782919
Epoch 1: loss = 0.0009924323530867696
Epoch 2: loss = 0.0009922118624672294
Epoch 3: loss = 0.000991992186754942
Epoch 4: loss = 0.0009917732095345855
Epoch 5: loss = 0.0009915548143908381
Epoch 6: loss = 0.0009913372341543436
Epoch 7: loss = 0.00099112035240978
Epoch 8: loss = 0.0009909041691571474
Early stopping at epoch 8 with loss 0.000992653425782919
Reconstruction for fluence = 0.042944879887892744 photons/pixel
Epoch 0: loss = 4649.4970703125
Epoch 1: loss = 1581.2144775390625
Epoch 2: loss = 1581.2144775390625
Epoch 3: loss = 1581.2142333984375
Epoch 4: loss = 1581.214111328125
Epoch 5: loss = 1581.213623046875
Epoch 6: loss = 1581.213623046875
Epoch 7: loss = 1581.213623046875
Epoch 8: loss = 1581.213623046875
Epoch 9: loss = 1581.213623046875
Epoch 10: loss = 1581.213623046875
Epoch 11: loss = 1581.213623046875
Epoch 12: loss = 1581.213623046875
Epoch 13: loss = 1581.213623046875
Early stopping at epoch 13 with loss 1581.213623046875
Epoch 0: loss = 0.0012916389387100935
Epoch 1: loss = 0.0012913142563775182
Epoch 2: loss = 0.0012909907381981611
Epoch 3: loss = 0.0012906682677567005
Epoch 4: loss = 0.0012903469614684582
Epoch 5: loss = 0.001290026819333434
Epoch 6: loss = 0.0012897078413516283
Epoch 7: loss = 0.0012893900275230408
Epoch 8: loss = 0.0012890731450170279
Early stopping at epoch 8 with loss 0.0012916389387100935
Reconstruction for fluence = 0.05747694424835352 photons/pixel
Epoch 0: loss = 6140.404296875
Epoch 1: loss = 2056.19580078125
Epoch 2: loss = 2056.19580078125
Epoch 3: loss = 2056.195556640625
Epoch 4: loss = 2056.195556640625
Epoch 5: loss = 2056.195556640625
Epoch 6: loss = 2056.1953125
Epoch 7: loss = 2056.1953125
Epoch 8: loss = 2056.1953125
Epoch 9: loss = 2056.1953125
Epoch 10: loss = 2056.1953125
Epoch 11: loss = 2056.1953125
Epoch 12: loss = 2056.1953125
Epoch 13: loss = 2056.1953125
Epoch 14: loss = 2056.1953125
Early stopping at epoch 14 with loss 2056.1953125
Epoch 0: loss = 0.001634352607652545
Epoch 1: loss = 0.0016338800778612494
Epoch 2: loss = 0.001633409527130425
Epoch 3: loss = 0.0016329409554600716
Epoch 4: loss = 0.0016324741300195456
Epoch 5: loss = 0.0016320091672241688
Epoch 6: loss = 0.0016315460670739412
Epoch 7: loss = 0.001631084713153541
Epoch 8: loss = 0.0016306252218782902
Early stopping at epoch 8 with loss 0.001634352607652545
Reconstruction for fluence = 0.07692649574879142 photons/pixel
Epoch 0: loss = 8142.96826171875
Epoch 1: loss = 2708.43310546875
Epoch 2: loss = 2708.43310546875
Epoch 3: loss = 2708.432861328125
Epoch 4: loss = 2708.432861328125
Epoch 5: loss = 2708.432861328125
Epoch 6: loss = 2708.4326171875
Epoch 7: loss = 2708.4326171875
Epoch 8: loss = 2708.4326171875
Epoch 9: loss = 2708.4326171875
Epoch 10: loss = 2708.4326171875
Epoch 11: loss = 2708.4326171875
Epoch 12: loss = 2708.4326171875
Epoch 13: loss = 2708.4326171875
Epoch 14: loss = 2708.4326171875
Early stopping at epoch 14 with loss 2708.4326171875
Epoch 0: loss = 0.0020870722364634275
Epoch 1: loss = 0.0020863867830485106
Epoch 2: loss = 0.0020857045892626047
Epoch 3: loss = 0.0020850254222750664
Epoch 4: loss = 0.0020843492820858955
Epoch 5: loss = 0.002083676168695092
Epoch 6: loss = 0.0020830060821026564
Epoch 7: loss = 0.002082339022308588
Epoch 8: loss = 0.002081674989312887
Early stopping at epoch 8 with loss 0.0020870722364634275
Reconstruction for fluence = 0.10295755673125127 photons/pixel
Epoch 0: loss = 10970.9375
Epoch 1: loss = 3768.478271484375
Epoch 2: loss = 3768.47802734375
Epoch 3: loss = 3768.47802734375
Epoch 4: loss = 3768.47802734375
Epoch 5: loss = 3768.47802734375
Epoch 6: loss = 3768.47802734375
Epoch 7: loss = 3768.47802734375
Epoch 8: loss = 3768.47802734375
Epoch 9: loss = 3768.47802734375
Epoch 10: loss = 3768.47802734375
Early stopping at epoch 10 with loss 3768.47802734375
Epoch 0: loss = 0.0027775203343480825
Epoch 1: loss = 0.002776556648313999
Epoch 2: loss = 0.0027755973860621452
Epoch 3: loss = 0.0027746427804231644
Epoch 4: loss = 0.0027736921329051256
Epoch 5: loss = 0.00277274614199996
Epoch 6: loss = 0.0027718045748770237
Epoch 7: loss = 0.0027708671987056732
Epoch 8: loss = 0.0027699340134859085
Early stopping at epoch 8 with loss 0.0027775203343480825
Reconstruction for fluence = 0.13779723598335575 photons/pixel
Epoch 0: loss = 14750.7890625
Epoch 1: loss = 5221.5234375
Epoch 2: loss = 5221.5234375
Epoch 3: loss = 5221.5234375
Epoch 4: loss = 5221.52294921875
Epoch 5: loss = 5221.5234375
Epoch 6: loss = 5221.5234375
Epoch 7: loss = 5221.52294921875
Epoch 8: loss = 5221.52294921875
Epoch 9: loss = 5221.52294921875
Epoch 10: loss = 5221.5224609375
Epoch 11: loss = 5221.5224609375
Epoch 12: loss = 5221.52294921875
Epoch 13: loss = 5221.52294921875
Epoch 14: loss = 5221.52294921875
Epoch 0: loss = 0.003684984752908349
Epoch 1: loss = 0.0036836015060544014
Epoch 2: loss = 0.0036822259426116943
Epoch 3: loss = 0.003680857364088297
Epoch 4: loss = 0.0036794955376535654
Epoch 5: loss = 0.0036781406961381435
Epoch 6: loss = 0.0036767926067113876
Epoch 7: loss = 0.003675451036542654
Epoch 8: loss = 0.00367411645129323
Early stopping at epoch 8 with loss 0.003684984752908349
Reconstruction for fluence = 0.18442627085855348 photons/pixel
Epoch 0: loss = 19470.240234375
Epoch 1: loss = 6838.853515625
Epoch 2: loss = 6838.853515625
Epoch 3: loss = 6838.85302734375
Epoch 4: loss = 6838.8525390625
Epoch 5: loss = 6838.8525390625
Epoch 6: loss = 6838.85302734375
Epoch 7: loss = 6838.85302734375
Epoch 8: loss = 6838.85302734375
Epoch 9: loss = 6838.85302734375
Epoch 10: loss = 6838.85302734375
Epoch 11: loss = 6838.85302734375
Epoch 12: loss = 6838.85302734375
Early stopping at epoch 12 with loss 6838.8525390625
Epoch 0: loss = 0.0046225860714912415
Epoch 1: loss = 0.004620696883648634
Epoch 2: loss = 0.00461881747469306
Epoch 3: loss = 0.004616948775947094
Epoch 4: loss = 0.0046150898560881615
Epoch 5: loss = 0.00461324118077755
Epoch 6: loss = 0.004611402750015259
Epoch 7: loss = 0.004609573632478714
Epoch 8: loss = 0.004607754293829203
Early stopping at epoch 8 with loss 0.0046225860714912415
Reconstruction for fluence = 0.24683404670686498 photons/pixel
Epoch 0: loss = 25676.859375
Epoch 1: loss = 8951.505859375
Epoch 2: loss = 8951.50390625
Epoch 3: loss = 8951.50390625
Epoch 4: loss = 8951.50390625
Epoch 5: loss = 8951.50390625
Epoch 6: loss = 8951.50390625
Epoch 7: loss = 8951.50390625
Epoch 8: loss = 8951.50390625
Epoch 9: loss = 8951.50390625
Epoch 10: loss = 8951.50390625
Early stopping at epoch 10 with loss 8951.50390625
Epoch 0: loss = 0.00578444916754961
Epoch 1: loss = 0.005781875923275948
Epoch 2: loss = 0.005779318045824766
Epoch 3: loss = 0.005776776000857353
Epoch 4: loss = 0.005774249788373709
Epoch 5: loss = 0.0057717375457286835
Epoch 6: loss = 0.005769240204244852
Epoch 7: loss = 0.005766757298260927
Epoch 8: loss = 0.005764288362115622
Early stopping at epoch 8 with loss 0.00578444916754961
Reconstruction for fluence = 0.33035991201283393 photons/pixel
Epoch 0: loss = 34138.515625
Epoch 1: loss = 12087.666015625
Epoch 2: loss = 12087.6650390625
Epoch 3: loss = 12087.6640625
Epoch 4: loss = 12087.6640625
Epoch 5: loss = 12087.6640625
Epoch 6: loss = 12087.6640625
Epoch 7: loss = 12087.6640625
Epoch 8: loss = 12087.6640625
Epoch 9: loss = 12087.6640625
Epoch 10: loss = 12087.6640625
Epoch 11: loss = 12087.6640625
Early stopping at epoch 11 with loss 12087.6640625
Epoch 0: loss = 0.007432789076119661
Epoch 1: loss = 0.00742920208722353
Epoch 2: loss = 0.0074256407096982
Epoch 3: loss = 0.007422103546559811
Epoch 4: loss = 0.0074185896664857864
Epoch 5: loss = 0.007415100000798702
Epoch 6: loss = 0.007411631755530834
Epoch 7: loss = 0.0074081867933273315
Epoch 8: loss = 0.00740476232022047
Early stopping at epoch 8 with loss 0.007432789076119661
Reconstruction for fluence = 0.4421499907374489 photons/pixel
Epoch 0: loss = 45077.859375
Epoch 1: loss = 16052.654296875
Epoch 2: loss = 16052.654296875
Epoch 3: loss = 16052.654296875
Epoch 4: loss = 16052.654296875
Epoch 5: loss = 16052.654296875
Epoch 6: loss = 16052.6533203125
Epoch 7: loss = 16052.654296875
Epoch 8: loss = 16052.6533203125
Epoch 9: loss = 16052.6533203125
Epoch 10: loss = 16052.6533203125
Epoch 11: loss = 16052.6533203125
Epoch 12: loss = 16052.6533203125
Epoch 13: loss = 16052.654296875
Epoch 14: loss = 16052.654296875
Early stopping at epoch 14 with loss 16052.6533203125
Epoch 0: loss = 0.00935258436948061
Epoch 1: loss = 0.009347754530608654
Epoch 2: loss = 0.009342962875962257
Epoch 3: loss = 0.00933820754289627
Epoch 4: loss = 0.00933348573744297
Epoch 5: loss = 0.009328797459602356
Epoch 6: loss = 0.009324141778051853
Epoch 7: loss = 0.009319516830146313
Epoch 8: loss = 0.009314922615885735
Early stopping at epoch 8 with loss 0.00935258436948061
Reconstruction for fluence = 0.5917685748188825 photons/pixel
Epoch 0: loss = 59512.3046875
Epoch 1: loss = 21391.17578125
Epoch 2: loss = 21391.17578125
Epoch 3: loss = 21391.17578125
Epoch 4: loss = 21391.17578125
Epoch 5: loss = 21391.173828125
Epoch 6: loss = 21391.173828125
Epoch 7: loss = 21391.173828125
Epoch 8: loss = 21391.173828125
Epoch 9: loss = 21391.173828125
Epoch 10: loss = 21391.173828125
Epoch 11: loss = 21391.173828125
Epoch 12: loss = 21391.173828125
Epoch 13: loss = 21391.173828125
Early stopping at epoch 13 with loss 21391.173828125
Epoch 0: loss = 0.01179354265332222
Epoch 1: loss = 0.011786997318267822
Epoch 2: loss = 0.011780507862567902
Epoch 3: loss = 0.011774071492254734
Epoch 4: loss = 0.011767682619392872
Epoch 5: loss = 0.011761343106627464
Epoch 6: loss = 0.011755048297345638
Epoch 7: loss = 0.011748799122869968
Epoch 8: loss = 0.011742590926587582
Early stopping at epoch 8 with loss 0.01179354265332222
Reconstruction for fluence = 0.7920164050192552 photons/pixel
Epoch 0: loss = 78593.359375
Epoch 1: loss = 28797.5546875
Epoch 2: loss = 28797.5546875
Epoch 3: loss = 28797.5546875
Epoch 4: loss = 28797.5546875
Epoch 5: loss = 28797.5546875
Epoch 6: loss = 28797.5546875
Epoch 7: loss = 28797.5546875
Epoch 8: loss = 28797.5546875
Epoch 9: loss = 28797.5546875
Early stopping at epoch 9 with loss 28797.5546875
Epoch 0: loss = 0.014932594262063503
Epoch 1: loss = 0.009244431741535664
Epoch 2: loss = 0.009244431741535664
Epoch 3: loss = 0.009244431741535664
Epoch 4: loss = 0.009244431741535664
Epoch 5: loss = 0.009244431741535664
Epoch 6: loss = 0.009244431741535664
Epoch 7: loss = 0.009244431741535664
Epoch 8: loss = 0.009244431741535664
Epoch 9: loss = 0.009244431741535664
Early stopping at epoch 9 with loss 0.009244431741535664
Reconstruction for fluence = 1.0600258488068823 photons/pixel
Epoch 0: loss = 103077.84375
Epoch 1: loss = 38086.484375
Epoch 2: loss = 38086.484375
Epoch 3: loss = 38086.484375
Epoch 4: loss = 38086.484375
Epoch 5: loss = 38086.484375
Epoch 6: loss = 38086.484375
Epoch 7: loss = 38086.484375
Epoch 8: loss = 38086.484375
Epoch 9: loss = 38086.484375
Early stopping at epoch 9 with loss 38086.484375
Epoch 0: loss = 0.01859382539987564
Epoch 1: loss = 0.0116561409085989
Epoch 2: loss = 0.0116561409085989
Epoch 3: loss = 0.0116561409085989
Epoch 4: loss = 0.0116561409085989
Epoch 5: loss = 0.0116561409085989
Epoch 6: loss = 0.0116561409085989
Epoch 7: loss = 0.0116561409085989
Epoch 8: loss = 0.0116561409085989
Epoch 9: loss = 0.0116561409085989
Early stopping at epoch 9 with loss 0.0116561409085989
Reconstruction for fluence = 1.4187266741165963 photons/pixel
Epoch 0: loss = 135255.625
Epoch 1: loss = 51064.3203125
Epoch 2: loss = 51064.3125
Epoch 3: loss = 51064.3125
Epoch 4: loss = 51064.3125
Epoch 5: loss = 51064.3125
Epoch 6: loss = 51064.3125
Epoch 7: loss = 51064.3125
Epoch 8: loss = 51064.3125
Epoch 9: loss = 51064.3125
Epoch 10: loss = 51064.3125
Early stopping at epoch 10 with loss 51064.3125
Epoch 0: loss = 0.023320307955145836
Epoch 1: loss = 0.014833731576800346
Epoch 2: loss = 0.014833731576800346
Epoch 3: loss = 0.014833731576800346
Epoch 4: loss = 0.014833731576800346
Epoch 5: loss = 0.014833731576800346
Epoch 6: loss = 0.014833731576800346
Epoch 7: loss = 0.014833731576800346
Epoch 8: loss = 0.014833731576800346
Epoch 9: loss = 0.014833731576800346
Early stopping at epoch 9 with loss 0.014833731576800346
Reconstruction for fluence = 1.898807824465263 photons/pixel
Epoch 0: loss = 176206.03125
Epoch 1: loss = 67481.234375
Epoch 2: loss = 67481.234375
Epoch 3: loss = 67481.2265625
Epoch 4: loss = 67481.2265625
Epoch 5: loss = 67481.2265625
Epoch 6: loss = 67481.2265625
Epoch 7: loss = 67481.2265625
Epoch 8: loss = 67481.2265625
Epoch 9: loss = 67481.2265625
Epoch 10: loss = 67481.2265625
Epoch 11: loss = 67481.2265625
Early stopping at epoch 11 with loss 67481.2265625
Epoch 0: loss = 0.0287263635545969
Epoch 1: loss = 0.01856321468949318
Epoch 2: loss = 0.01856321468949318
Epoch 3: loss = 0.01856321468949318
Epoch 4: loss = 0.01856321468949318
Epoch 5: loss = 0.01856321468949318
Epoch 6: loss = 0.01856321468949318
Epoch 7: loss = 0.01856321468949318
Epoch 8: loss = 0.01856321468949318
Epoch 9: loss = 0.01856321468949318
Early stopping at epoch 9 with loss 0.01856321468949318
Reconstruction for fluence = 2.541343036702639 photons/pixel
Epoch 0: loss = 229036.609375
Epoch 1: loss = 89623.796875
Epoch 2: loss = 89623.796875
Epoch 3: loss = 89623.796875
Epoch 4: loss = 89623.796875
Epoch 5: loss = 89623.796875
Epoch 6: loss = 89623.796875
Epoch 7: loss = 89623.796875
Epoch 8: loss = 89623.796875
Epoch 9: loss = 89623.796875
Early stopping at epoch 9 with loss 89623.796875
Epoch 0: loss = 0.0354815348982811
Epoch 1: loss = 0.02334306389093399
Epoch 2: loss = 0.02334306389093399
Epoch 3: loss = 0.02334306389093399
Epoch 4: loss = 0.02334306389093399
Epoch 5: loss = 0.02334306389093399
Epoch 6: loss = 0.02334306389093399
Epoch 7: loss = 0.02334306389093399
Epoch 8: loss = 0.02334306389093399
Epoch 9: loss = 0.02334306389093399
Early stopping at epoch 9 with loss 0.02334306389093399
Reconstruction for fluence = 3.4013049382792526 photons/pixel
Epoch 0: loss = 295427.1875
Epoch 1: loss = 117813.515625
Epoch 2: loss = 117499.65625
Epoch 3: loss = 117499.65625
Epoch 4: loss = 117499.65625
Epoch 5: loss = 117499.65625
Epoch 6: loss = 117499.65625
Epoch 7: loss = 117499.65625
Epoch 8: loss = 117499.65625
Epoch 9: loss = 117499.65625
Epoch 10: loss = 117499.65625
Early stopping at epoch 10 with loss 117499.65625
Epoch 0: loss = 0.043186333030462265
Epoch 1: loss = 0.028966818004846573
Epoch 2: loss = 0.028966818004846573
Epoch 3: loss = 0.028966818004846573
Epoch 4: loss = 0.028966818004846573
Epoch 5: loss = 0.028966818004846573
Epoch 6: loss = 0.028966818004846573
Epoch 7: loss = 0.028966818004846573
Epoch 8: loss = 0.028966818004846573
Epoch 9: loss = 0.028966818004846573
Early stopping at epoch 9 with loss 0.028966818004846573
Reconstruction for fluence = 4.55226827550731 photons/pixel
Epoch 0: loss = 378927.6875
Epoch 1: loss = 154359.078125
Epoch 2: loss = 154164.796875
Epoch 3: loss = 154025.890625
Epoch 4: loss = 153538.484375
Epoch 5: loss = 153518.03125
Epoch 6: loss = 153518.015625
Epoch 7: loss = 153518.015625
Epoch 8: loss = 153518.015625
Epoch 9: loss = 153518.015625
Epoch 10: loss = 153518.015625
Epoch 11: loss = 153518.015625
Epoch 12: loss = 153518.0
Epoch 13: loss = 153518.0
Epoch 14: loss = 153518.0
Epoch 0: loss = 0.052249349653720856
Epoch 1: loss = 0.03580232709646225
Epoch 2: loss = 0.03580232709646225
Epoch 3: loss = 0.03580232709646225
Epoch 4: loss = 0.03580232709646225
Epoch 5: loss = 0.03580232709646225
Epoch 6: loss = 0.03580232709646225
Epoch 7: loss = 0.03580232709646225
Epoch 8: loss = 0.03580232709646225
Epoch 9: loss = 0.03580232709646225
Early stopping at epoch 9 with loss 0.03580232709646225
Reconstruction for fluence = 6.09270466136868 photons/pixel
Epoch 0: loss = 482492.09375
Epoch 1: loss = 200047.75
Epoch 2: loss = 200047.75
Epoch 3: loss = 200047.75
Epoch 4: loss = 200047.734375
Epoch 5: loss = 200047.734375
Epoch 6: loss = 200047.734375
Epoch 7: loss = 200047.734375
Epoch 8: loss = 200047.734375
Epoch 9: loss = 200047.75
Epoch 10: loss = 200047.75
Epoch 11: loss = 200047.75
Epoch 12: loss = 200047.734375
Early stopping at epoch 12 with loss 200047.734375
Epoch 0: loss = 0.06273580342531204
Epoch 1: loss = 0.04405853897333145
Epoch 2: loss = 0.04405853897333145
Epoch 3: loss = 0.04405853897333145
Epoch 4: loss = 0.04405853897333145
Epoch 5: loss = 0.04405853897333145
Epoch 6: loss = 0.04405853897333145
Epoch 7: loss = 0.04405853897333145
Epoch 8: loss = 0.04405853897333145
Epoch 9: loss = 0.04405853897333145
Early stopping at epoch 9 with loss 0.04405853897333145
Reconstruction for fluence = 8.15440739518517 photons/pixel
Epoch 0: loss = 608917.75
Epoch 1: loss = 259122.375
Epoch 2: loss = 259122.359375
Epoch 3: loss = 259122.359375
Epoch 4: loss = 259122.375
Epoch 5: loss = 259122.375
Epoch 6: loss = 259122.375
Epoch 7: loss = 259122.375
Epoch 8: loss = 259122.375
Epoch 9: loss = 259122.375
Epoch 10: loss = 259122.375
Early stopping at epoch 10 with loss 259122.359375
Epoch 0: loss = 0.07496090233325958
Epoch 1: loss = 0.054049085825681686
Epoch 2: loss = 0.054049085825681686
Epoch 3: loss = 0.054049085825681686
Epoch 4: loss = 0.054049085825681686
Epoch 5: loss = 0.054049085825681686
Epoch 6: loss = 0.054049085825681686
Epoch 7: loss = 0.054049085825681686
Epoch 8: loss = 0.054049085825681686
Epoch 9: loss = 0.054049085825681686
Early stopping at epoch 9 with loss 0.054049085825681686
Reconstruction for fluence = 10.913767146512738 photons/pixel
Epoch 0: loss = 759218.0
Epoch 1: loss = 329604.71875
Epoch 2: loss = 329604.71875
Epoch 3: loss = 329604.71875
Epoch 4: loss = 329604.6875
Epoch 5: loss = 329604.6875
Epoch 6: loss = 329604.6875
Epoch 7: loss = 329604.6875
Epoch 8: loss = 329604.6875
Epoch 9: loss = 329604.6875
Epoch 10: loss = 329604.6875
Epoch 11: loss = 329604.6875
Epoch 12: loss = 329604.6875
Early stopping at epoch 12 with loss 329604.6875
Epoch 0: loss = 0.08791554719209671
Epoch 1: loss = 0.06522941589355469
Epoch 2: loss = 0.06522941589355469
Epoch 3: loss = 0.06522941589355469
Epoch 4: loss = 0.06522941589355469
Epoch 5: loss = 0.06522941589355469
Epoch 6: loss = 0.06522941589355469
Epoch 7: loss = 0.06522941589355469
Epoch 8: loss = 0.06522941589355469
Epoch 9: loss = 0.06522941589355469
Early stopping at epoch 9 with loss 0.06522941589355469
Reconstruction for fluence = 14.606863203649889 photons/pixel
Epoch 0: loss = 935378.5
Epoch 1: loss = 414959.875
Epoch 2: loss = 414959.875
Epoch 3: loss = 414959.875
Epoch 4: loss = 414959.875
Epoch 5: loss = 414959.875
Epoch 6: loss = 414959.875
Epoch 7: loss = 414959.875
Epoch 8: loss = 414959.875
Epoch 9: loss = 414959.875
Early stopping at epoch 9 with loss 414959.875
Epoch 0: loss = 0.10216708481311798
Epoch 1: loss = 0.07812775671482086
Epoch 2: loss = 0.0781266838312149
Epoch 3: loss = 0.0781266838312149
Epoch 4: loss = 0.0781266838312149
Epoch 5: loss = 0.0781266838312149
Epoch 6: loss = 0.0781266838312149
Epoch 7: loss = 0.0781266838312149
Epoch 8: loss = 0.0781266838312149
Epoch 9: loss = 0.0781266838312149
Early stopping at epoch 9 with loss 0.07812775671482086
Reconstruction for fluence = 19.549661430912614 photons/pixel
Epoch 0: loss = 1135701.0
Epoch 1: loss = 511188.75
Epoch 2: loss = 511188.75
Epoch 3: loss = 511188.71875
Epoch 4: loss = 511188.71875
Epoch 5: loss = 511188.71875
Epoch 6: loss = 511188.71875
Epoch 7: loss = 511188.71875
Epoch 8: loss = 511188.71875
Epoch 9: loss = 511188.71875
Epoch 10: loss = 511188.71875
Epoch 11: loss = 511188.71875
Early stopping at epoch 11 with loss 511188.71875
Epoch 0: loss = 0.11660982668399811
Epoch 1: loss = 0.09202201664447784
Epoch 2: loss = 0.09202156960964203
Epoch 3: loss = 0.09202156960964203
Epoch 4: loss = 0.09202156960964203
Epoch 5: loss = 0.09202156960964203
Epoch 6: loss = 0.09202156960964203
Epoch 7: loss = 0.09202156960964203
Epoch 8: loss = 0.09202156960964203
Epoch 9: loss = 0.09202156960964203
Early stopping at epoch 9 with loss 0.09202201664447784
Reconstruction for fluence = 26.165046987488235 photons/pixel
Epoch 0: loss = 1355929.625
Epoch 1: loss = 616313.9375
Epoch 2: loss = 616313.875
Epoch 3: loss = 616313.875
Epoch 4: loss = 616313.875
Epoch 5: loss = 616313.875
Epoch 6: loss = 616313.875
Epoch 7: loss = 616313.875
Epoch 8: loss = 616313.875
Epoch 9: loss = 616313.875
Epoch 10: loss = 616313.875
Early stopping at epoch 10 with loss 616313.875
Epoch 0: loss = 0.13066338002681732
Epoch 1: loss = 0.10640325397253036
Epoch 2: loss = 0.1064007431268692
Epoch 3: loss = 0.1064007431268692
Epoch 4: loss = 0.1064007431268692
Epoch 5: loss = 0.1064007431268692
Epoch 6: loss = 0.1064007431268692
Epoch 7: loss = 0.1064007431268692
Epoch 8: loss = 0.1064007431268692
Epoch 9: loss = 0.1064007431268692
Early stopping at epoch 9 with loss 0.10640325397253036
Reconstruction for fluence = 35.01900461431713 photons/pixel
Epoch 0: loss = 1590480.5
Epoch 1: loss = 722524.8125
Epoch 2: loss = 722524.8125
Epoch 3: loss = 722524.8125
Epoch 4: loss = 722524.75
Epoch 5: loss = 722524.75
Epoch 6: loss = 722524.75
Epoch 7: loss = 722524.75
Epoch 8: loss = 722524.75
Epoch 9: loss = 722524.75
Epoch 10: loss = 722524.75
Epoch 11: loss = 722524.75
Epoch 12: loss = 722524.75
Early stopping at epoch 12 with loss 722524.75
Epoch 0: loss = 0.1430695652961731
Epoch 1: loss = 0.12001609802246094
Epoch 2: loss = 0.12001578509807587
Epoch 3: loss = 0.12001578509807587
Epoch 4: loss = 0.12001578509807587
Epoch 5: loss = 0.12001578509807587
Epoch 6: loss = 0.12001578509807587
Epoch 7: loss = 0.12001578509807587
Epoch 8: loss = 0.12001578509807587
Epoch 9: loss = 0.12001578509807587
Early stopping at epoch 9 with loss 0.12001609802246094
Reconstruction for fluence = 46.86904192314193 photons/pixel
Epoch 0: loss = 1831504.5
Epoch 1: loss = 821452.3125
Epoch 2: loss = 821452.25
Epoch 3: loss = 821452.25
Epoch 4: loss = 821452.25
Epoch 5: loss = 821452.25
Epoch 6: loss = 821452.25
Epoch 7: loss = 821452.25
Epoch 8: loss = 821452.25
Epoch 9: loss = 821452.25
Epoch 10: loss = 821452.25
Early stopping at epoch 10 with loss 821452.25
Epoch 0: loss = 0.1519874632358551
Epoch 1: loss = 0.13085398077964783
Epoch 2: loss = 0.13085313141345978
Epoch 3: loss = 0.13085313141345978
Epoch 4: loss = 0.13085313141345978
Epoch 5: loss = 0.13085313141345978
Epoch 6: loss = 0.13085313141345978
Epoch 7: loss = 0.13085313141345978
Epoch 8: loss = 0.13085313141345978
Epoch 9: loss = 0.13085313141345978
Early stopping at epoch 9 with loss 0.13085398077964783
Reconstruction for fluence = 62.7289985819625 photons/pixel
Epoch 0: loss = 2076350.375
Epoch 1: loss = 899900.125
Epoch 2: loss = 899900.125
Epoch 3: loss = 899900.125
Epoch 4: loss = 899900.125
Epoch 5: loss = 899900.125
Epoch 6: loss = 899900.125
Epoch 7: loss = 899900.0625
Epoch 8: loss = 899900.125
Epoch 9: loss = 899900.125
Epoch 10: loss = 899900.125
Epoch 11: loss = 899900.125
Epoch 12: loss = 899900.125
Epoch 13: loss = 899900.125
Epoch 14: loss = 899900.125
Epoch 0: loss = 0.15354108810424805
Epoch 1: loss = 0.13475796580314636
Epoch 2: loss = 0.1347576230764389
Epoch 3: loss = 0.1347576230764389
Epoch 4: loss = 0.1347576230764389
Epoch 5: loss = 0.1347576230764389
Epoch 6: loss = 0.1347576230764389
Epoch 7: loss = 0.1347576230764389
Epoch 8: loss = 0.1347576230764389
Epoch 9: loss = 0.1347576230764389
Early stopping at epoch 9 with loss 0.13475796580314636
Reconstruction for fluence = 83.9557861999512 photons/pixel
Epoch 0: loss = 2329327.75
Epoch 1: loss = 953966.25
Epoch 2: loss = 953966.125
Epoch 3: loss = 953966.125
Epoch 4: loss = 953966.125
Epoch 5: loss = 953966.125
Epoch 6: loss = 953966.125
Epoch 7: loss = 953966.125
Epoch 8: loss = 953966.125
Epoch 9: loss = 953966.125
Epoch 10: loss = 953966.125
Early stopping at epoch 10 with loss 953966.125
Epoch 0: loss = 0.14329004287719727
Epoch 1: loss = 0.12664127349853516
Epoch 2: loss = 0.1266409456729889
Epoch 3: loss = 0.1266409456729889
Epoch 4: loss = 0.1266409456729889
Epoch 5: loss = 0.1266409456729889
Epoch 6: loss = 0.1266409456729889
Epoch 7: loss = 0.1266409456729889
Epoch 8: loss = 0.1266409456729889
Epoch 9: loss = 0.1266409456729889
Early stopping at epoch 9 with loss 0.12664127349853516
Reconstruction for fluence = 112.36548001387516 photons/pixel
Epoch 0: loss = 2610758.0
Epoch 1: loss = 979693.25
Epoch 2: loss = 979693.25
Epoch 3: loss = 979693.25
Epoch 4: loss = 979693.25
Epoch 5: loss = 979693.25
Epoch 6: loss = 979693.25
Epoch 7: loss = 979693.25
Epoch 8: loss = 979693.25
Epoch 9: loss = 979693.25
Early stopping at epoch 9 with loss 979693.25
Epoch 0: loss = 0.11301451921463013
Epoch 1: loss = 0.09781795740127563
Epoch 2: loss = 0.09781791269779205
Epoch 3: loss = 0.09781791269779205
Epoch 4: loss = 0.09781791269779205
Epoch 5: loss = 0.09781791269779205
Epoch 6: loss = 0.09781791269779205
Epoch 7: loss = 0.09781791269779205
Epoch 8: loss = 0.09781791269779205
Epoch 9: loss = 0.09781791269779205
Early stopping at epoch 9 with loss 0.09781795740127563
Reconstruction for fluence = 150.388694695541 photons/pixel
Epoch 0: loss = 2961217.5
Epoch 1: loss = 989853.9375
Epoch 2: loss = 989853.875
Epoch 3: loss = 989853.875
Epoch 4: loss = 989853.875
Epoch 5: loss = 989853.875
Epoch 6: loss = 989853.875
Epoch 7: loss = 989853.875
Epoch 8: loss = 989853.875
Epoch 9: loss = 989853.875
Epoch 10: loss = 989853.875
Early stopping at epoch 10 with loss 989853.875
Epoch 0: loss = 0.04983878880739212
Epoch 1: loss = 0.03502851352095604
Epoch 2: loss = 0.03502848744392395
Epoch 3: loss = 0.03502848744392395
Epoch 4: loss = 0.03502848744392395
Epoch 5: loss = 0.03502848744392395
Epoch 6: loss = 0.03502848744392395
Epoch 7: loss = 0.03502848744392395
Epoch 8: loss = 0.03502848744392395
Epoch 9: loss = 0.03502848744392395
Early stopping at epoch 9 with loss 0.03502851352095604
Reconstruction for fluence = 201.27853758499384 photons/pixel
Epoch 0: loss = 3427069.75
Epoch 1: loss = 992673.3125
Epoch 2: loss = 992673.3125
Epoch 3: loss = 992673.3125
Epoch 4: loss = 992673.3125
Epoch 5: loss = 992673.3125
Epoch 6: loss = 992673.3125
Epoch 7: loss = 992673.3125
Epoch 8: loss = 992673.3125
Epoch 9: loss = 992673.3125
Early stopping at epoch 9 with loss 992673.3125
Epoch 0: loss = -0.0668482631444931
Epoch 1: loss = -0.08229739964008331
Epoch 2: loss = -0.08229750394821167
Epoch 3: loss = -0.08229750394821167
Epoch 4: loss = -0.08229750394821167
Epoch 5: loss = -0.08229750394821167
Epoch 6: loss = -0.08229750394821167
Epoch 7: loss = -0.08229750394821167
Epoch 8: loss = -0.08229750394821167
Epoch 9: loss = -0.08229750394821167
Early stopping at epoch 9 with loss -0.08229739964008331
Reconstruction for fluence = 269.3889309590175 photons/pixel
Epoch 0: loss = 4090836.25
Epoch 1: loss = 1011655.375
Epoch 2: loss = 1011655.375
Epoch 3: loss = 1011655.375
Epoch 4: loss = 1011655.375
Epoch 5: loss = 1011655.375
Epoch 6: loss = 1011655.375
Epoch 7: loss = 1011655.375
Epoch 8: loss = 1011655.375
Epoch 9: loss = 1011655.375
Early stopping at epoch 9 with loss 1011655.375
Epoch 0: loss = -0.26514899730682373
Epoch 1: loss = -0.28223729133605957
Epoch 2: loss = -0.282237708568573
Epoch 3: loss = -0.2822377681732178
Epoch 4: loss = -0.2822377681732178
Epoch 5: loss = -0.2822377681732178
Epoch 6: loss = -0.28223782777786255
Epoch 7: loss = -0.28223782777786255
Epoch 8: loss = -0.28223782777786255
Epoch 9: loss = -0.28223782777786255
Early stopping at epoch 9 with loss -0.28223729133605957
Reconstruction for fluence = 360.54711542505055 photons/pixel
Epoch 0: loss = 5021642.0
Epoch 1: loss = 1053671.125
Epoch 2: loss = 1053671.0
Epoch 3: loss = 1053671.0
Epoch 4: loss = 1053671.0
Epoch 5: loss = 1053671.0
Epoch 6: loss = 1053671.0
Epoch 7: loss = 1053671.0
Epoch 8: loss = 1053671.0
Epoch 9: loss = 1053671.0
Epoch 10: loss = 1053671.0
Early stopping at epoch 10 with loss 1053671.0
Epoch 0: loss = -0.5897125005722046
Epoch 1: loss = -0.6090841293334961
Epoch 2: loss = -0.6090842485427856
Epoch 3: loss = -0.6090842485427856
Epoch 4: loss = -0.6090842485427856
Epoch 5: loss = -0.6090843677520752
Epoch 6: loss = -0.6090843677520752
Epoch 7: loss = -0.6090843677520752
Epoch 8: loss = -0.6090843677520752
Epoch 9: loss = -0.6090843677520752
Early stopping at epoch 9 with loss -0.6090841293334961
Reconstruction for fluence = 482.55220427412786 photons/pixel
Epoch 0: loss = 6329846.0
Epoch 1: loss = 1123528.0
Epoch 2: loss = 1123528.0
Epoch 3: loss = 1123528.0
Epoch 4: loss = 1123528.0
Epoch 5: loss = 1123528.0
Epoch 6: loss = 1123528.0
Epoch 7: loss = 1123528.0
Epoch 8: loss = 1123528.0
Epoch 9: loss = 1123527.875
Epoch 10: loss = 1123527.875
Epoch 11: loss = 1123528.0
Epoch 12: loss = 1123528.0
Epoch 13: loss = 1123528.0
Epoch 14: loss = 1123528.0
Epoch 0: loss = -1.1021288633346558
Epoch 1: loss = -1.1240310668945312
Epoch 2: loss = -1.1240310668945312
Epoch 3: loss = -1.1240313053131104
Epoch 4: loss = -1.1240313053131104
Epoch 5: loss = -1.1240313053131104
Epoch 6: loss = -1.1240311861038208
Epoch 7: loss = -1.1240311861038208
Epoch 8: loss = -1.1240311861038208
Epoch 9: loss = -1.1240311861038208
Early stopping at epoch 9 with loss -1.1240310668945312
Reconstruction for fluence = 645.8424430196991 photons/pixel
Epoch 0: loss = 8120156.0
Epoch 1: loss = 1222900.75
Epoch 2: loss = 1222900.5
Epoch 3: loss = 1222900.5
Epoch 4: loss = 1222900.5
Epoch 5: loss = 1222900.375
Epoch 6: loss = 1222900.375
Epoch 7: loss = 1222900.375
Epoch 8: loss = 1222900.375
Epoch 9: loss = 1222900.375
Epoch 10: loss = 1222900.375
Epoch 11: loss = 1222900.375
Epoch 12: loss = 1222900.375
Epoch 13: loss = 1222900.375
Early stopping at epoch 13 with loss 1222900.375
Epoch 0: loss = -1.8925975561141968
Epoch 1: loss = -1.9173898696899414
Epoch 2: loss = -1.9173898696899414
Epoch 3: loss = -1.9173898696899414
Epoch 4: loss = -1.9173898696899414
Epoch 5: loss = -1.9173898696899414
Epoch 6: loss = -1.9173898696899414
Epoch 7: loss = -1.9173898696899414
Epoch 8: loss = -1.9173898696899414
Epoch 9: loss = -1.9173898696899414
Early stopping at epoch 9 with loss -1.9173898696899414
Reconstruction for fluence = 864.3882620598279 photons/pixel
Epoch 0: loss = 10524242.0
Epoch 1: loss = 1343083.5
Epoch 2: loss = 1343083.5
Epoch 3: loss = 1343083.5
Epoch 4: loss = 1343083.5
Epoch 5: loss = 1343083.375
Epoch 6: loss = 1343083.375
Epoch 7: loss = 1343083.375
Epoch 8: loss = 1343083.375
Epoch 9: loss = 1343083.375
Epoch 10: loss = 1343083.375
Epoch 11: loss = 1343083.375
Epoch 12: loss = 1343083.375
Epoch 13: loss = 1343083.375
Early stopping at epoch 13 with loss 1343083.375
Epoch 0: loss = -3.0933117866516113
Epoch 1: loss = -3.121053695678711
Epoch 2: loss = -3.121053695678711
Epoch 3: loss = -3.121053695678711
Epoch 4: loss = -3.121053695678711
Epoch 5: loss = -3.121053695678711
Epoch 6: loss = -3.121053695678711
Epoch 7: loss = -3.121053695678711
Epoch 8: loss = -3.121053695678711
Epoch 9: loss = -3.121053695678711
Early stopping at epoch 9 with loss -3.121053695678711
Reconstruction for fluence = 1156.8875283162834 photons/pixel
Epoch 0: loss = 13777986.0
Epoch 1: loss = 1487120.125
Epoch 2: loss = 1487120.0
Epoch 3: loss = 1487119.875
Epoch 4: loss = 1487119.875
Epoch 5: loss = 1487119.875
Epoch 6: loss = 1487119.875
Epoch 7: loss = 1487119.875
Epoch 8: loss = 1487119.875
Epoch 9: loss = 1487119.875
Epoch 10: loss = 1487119.875
Epoch 11: loss = 1487119.875
Early stopping at epoch 11 with loss 1487119.875
Epoch 0: loss = -4.882656574249268
Epoch 1: loss = -4.913496971130371
Epoch 2: loss = -4.913496971130371
Epoch 3: loss = -4.9134979248046875
Epoch 4: loss = -4.9134979248046875
Epoch 5: loss = -4.9134979248046875
Epoch 6: loss = -4.9134979248046875
Epoch 7: loss = -4.9134979248046875
Epoch 8: loss = -4.9134979248046875
Epoch 9: loss = -4.9134979248046875
Early stopping at epoch 9 with loss -4.913496971130371
Reconstruction for fluence = 1548.365256585499 photons/pixel
Epoch 0: loss = 18130718.0
Epoch 1: loss = 1646267.25
Epoch 2: loss = 1646267.0
Epoch 3: loss = 1646267.0
Epoch 4: loss = 1646267.0
Epoch 5: loss = 1646267.0
Epoch 6: loss = 1646267.0
Epoch 7: loss = 1646267.0
Epoch 8: loss = 1646267.0
Epoch 9: loss = 1646267.0
Epoch 10: loss = 1646267.0
Early stopping at epoch 10 with loss 1646267.0
Epoch 0: loss = -7.537580490112305
Epoch 1: loss = -7.571244239807129
Epoch 2: loss = -7.571245193481445
Epoch 3: loss = -7.571245193481445
Epoch 4: loss = -7.571245193481445
Epoch 5: loss = -7.571244716644287
Epoch 6: loss = -7.571244716644287
Epoch 7: loss = -7.571244716644287
Epoch 8: loss = -7.571244716644287
Epoch 9: loss = -7.571244716644287
Early stopping at epoch 9 with loss -7.571244239807129
Reconstruction for fluence = 2072.3146452190294 photons/pixel
Epoch 0: loss = 23964500.0
Epoch 1: loss = 1827088.25
Epoch 2: loss = 1827087.75
Epoch 3: loss = 1827087.75
Epoch 4: loss = 1827087.75
Epoch 5: loss = 1827087.75
Epoch 6: loss = 1827087.75
Epoch 7: loss = 1827087.75
Epoch 8: loss = 1827087.75
Epoch 9: loss = 1827087.75
Epoch 10: loss = 1827087.75
Early stopping at epoch 10 with loss 1827087.75
Epoch 0: loss = -11.424955368041992
Epoch 1: loss = -11.461544036865234
Epoch 2: loss = -11.461544036865234
Epoch 3: loss = -11.461544036865234
Epoch 4: loss = -11.46154499053955
Epoch 5: loss = -11.461545944213867
Epoch 6: loss = -11.461545944213867
Epoch 7: loss = -11.461545944213867
Epoch 8: loss = -11.461545944213867
Epoch 9: loss = -11.461545944213867
Early stopping at epoch 9 with loss -11.461544036865234
Reconstruction for fluence = 2773.5626141984176 photons/pixel
Epoch 0: loss = 31781980.0
Epoch 1: loss = 2025007.25
Epoch 2: loss = 2025006.625
Epoch 3: loss = 2025006.625
Epoch 4: loss = 2025006.625
Epoch 5: loss = 2025006.75
Epoch 6: loss = 2025006.75
Epoch 7: loss = 2025006.75
Epoch 8: loss = 2025006.75
Epoch 9: loss = 2025006.75
Epoch 10: loss = 2025006.75
Early stopping at epoch 10 with loss 2025006.625
Epoch 0: loss = -17.07549285888672
Epoch 1: loss = -17.11456871032715
Epoch 2: loss = -17.11456871032715
Epoch 3: loss = -17.11456871032715
Epoch 4: loss = -17.11456871032715
Epoch 5: loss = -17.11457061767578
Epoch 6: loss = -17.11457061767578
Epoch 7: loss = -17.11457061767578
Epoch 8: loss = -17.11456871032715
Epoch 9: loss = -17.11456871032715
Early stopping at epoch 9 with loss -17.11456871032715
Reconstruction for fluence = 3712.105009066365 photons/pixel
Epoch 0: loss = 42241964.0
Epoch 1: loss = 2242059.25
Epoch 2: loss = 2242058.5
Epoch 3: loss = 2242058.25
Epoch 4: loss = 2242058.25
Epoch 5: loss = 2242058.25
Epoch 6: loss = 2242058.25
Epoch 7: loss = 2242058.25
Epoch 8: loss = 2242058.25
Epoch 9: loss = 2242058.25
Epoch 10: loss = 2242058.25
Epoch 11: loss = 2242058.25
Early stopping at epoch 11 with loss 2242058.25
Epoch 0: loss = -25.24373435974121
Epoch 1: loss = -25.285110473632812
Epoch 2: loss = -25.285110473632812
Epoch 3: loss = -25.285110473632812
Epoch 4: loss = -25.285112380981445
Epoch 5: loss = -25.285112380981445
Epoch 6: loss = -25.285110473632812
Epoch 7: loss = -25.285110473632812
Epoch 8: loss = -25.285110473632812
Epoch 9: loss = -25.285110473632812
Early stopping at epoch 9 with loss -25.285110473632812
Reconstruction for fluence = 4968.2395947343875 photons/pixel
Epoch 0: loss = 56227424.0
Epoch 1: loss = 2471914.0
Epoch 2: loss = 2471912.5
Epoch 3: loss = 2471912.5
Epoch 4: loss = 2471912.5
Epoch 5: loss = 2471912.5
Epoch 6: loss = 2471912.5
Epoch 7: loss = 2471912.5
Epoch 8: loss = 2471912.5
Epoch 9: loss = 2471912.5
Epoch 10: loss = 2471912.5
Early stopping at epoch 10 with loss 2471912.5
Epoch 0: loss = -36.99217987060547
Epoch 1: loss = -37.035247802734375
Epoch 2: loss = -37.035247802734375
Epoch 3: loss = -37.035247802734375
Epoch 4: loss = -37.035247802734375
Epoch 5: loss = -37.035247802734375
Epoch 6: loss = -37.035247802734375
Epoch 7: loss = -37.035247802734375
Epoch 8: loss = -37.035247802734375
Epoch 9: loss = -37.035247802734375
Early stopping at epoch 9 with loss -37.035247802734375
Reconstruction for fluence = 6649.435996665059 photons/pixel
Epoch 0: loss = 74986696.0
Epoch 1: loss = 2717437.75
Epoch 2: loss = 2717435.75
Epoch 3: loss = 2717435.75
Epoch 4: loss = 2717435.5
Epoch 5: loss = 2717435.5
Epoch 6: loss = 2717435.75
Epoch 7: loss = 2717435.5
Epoch 8: loss = 2717435.5
Epoch 9: loss = 2717435.75
Epoch 10: loss = 2717435.75
Epoch 11: loss = 2717435.75
Epoch 12: loss = 2717435.75
Early stopping at epoch 12 with loss 2717435.5
Epoch 0: loss = -53.770851135253906
Epoch 1: loss = -53.81504821777344
Epoch 2: loss = -53.81504821777344
Epoch 3: loss = -53.81504821777344
Epoch 4: loss = -53.81504821777344
Epoch 5: loss = -53.81504821777344
Epoch 6: loss = -53.81504821777344
Epoch 7: loss = -53.81504821777344
Epoch 8: loss = -53.81504821777344
Epoch 9: loss = -53.8150520324707
Early stopping at epoch 9 with loss -53.81504821777344
Reconstruction for fluence = 8899.530352885242 photons/pixel
Epoch 0: loss = 100078792.0
Epoch 1: loss = 2973104.5
Epoch 2: loss = 2973102.5
Epoch 3: loss = 2973102.0
Epoch 4: loss = 2973102.0
Epoch 5: loss = 2973102.0
Epoch 6: loss = 2973102.0
Epoch 7: loss = 2973102.0
Epoch 8: loss = 2973102.0
Epoch 9: loss = 2973102.0
Epoch 10: loss = 2973102.0
Epoch 11: loss = 2973102.0
Early stopping at epoch 11 with loss 2973102.0
Epoch 0: loss = -77.68099975585938
Epoch 1: loss = -77.72560119628906
Epoch 2: loss = -77.72560119628906
Epoch 3: loss = -77.72560119628906
Epoch 4: loss = -77.72560119628906
Epoch 5: loss = -77.72560119628906
Epoch 6: loss = -77.72560119628906
Epoch 7: loss = -77.72560119628906
Epoch 8: loss = -77.72560119628906
Epoch 9: loss = -77.72560119628906
Early stopping at epoch 9 with loss -77.72560119628906
Reconstruction for fluence = 11911.03133283008 photons/pixel
Epoch 0: loss = 133676240.0
Epoch 1: loss = 3233063.0
Epoch 2: loss = 3233058.75
Epoch 3: loss = 3233058.75
Epoch 4: loss = 3233058.5
Epoch 5: loss = 3233058.5
Epoch 6: loss = 3233058.5
Epoch 7: loss = 3233058.75
Epoch 8: loss = 3233058.75
Epoch 9: loss = 3233058.75
Epoch 10: loss = 3233058.5
Epoch 11: loss = 3233058.5
Epoch 12: loss = 3233058.5
Early stopping at epoch 12 with loss 3233058.5
Epoch 0: loss = -111.61216735839844
Epoch 1: loss = -111.65644836425781
Epoch 2: loss = -111.65644836425781
Epoch 3: loss = -111.65644836425781
Epoch 4: loss = -111.65644836425781
Epoch 5: loss = -111.65644836425781
Epoch 6: loss = -111.65644836425781
Epoch 7: loss = -111.65644836425781
Epoch 8: loss = -111.65644836425781
Epoch 9: loss = -111.65644836425781
Early stopping at epoch 9 with loss -111.65644836425781
Reconstruction for fluence = 15941.590374559997 photons/pixel
Epoch 0: loss = 178646016.0
Epoch 1: loss = 3496572.25
Epoch 2: loss = 3496566.5
Epoch 3: loss = 3496566.25
Epoch 4: loss = 3496566.25
Epoch 5: loss = 3496566.25
Epoch 6: loss = 3496566.25
Epoch 7: loss = 3496566.25
Epoch 8: loss = 3496566.25
Epoch 9: loss = 3496566.25
Epoch 10: loss = 3496566.25
Epoch 11: loss = 3496566.25
Early stopping at epoch 11 with loss 3496566.25
Epoch 0: loss = -159.5889892578125
Epoch 1: loss = -159.63206481933594
Epoch 2: loss = -159.63206481933594
Epoch 3: loss = -159.63206481933594
Epoch 4: loss = -159.63206481933594
Epoch 5: loss = -159.63206481933594
Epoch 6: loss = -159.63206481933594
Epoch 7: loss = -159.63206481933594
Epoch 8: loss = -159.63206481933594
Epoch 9: loss = -159.63206481933594
Early stopping at epoch 9 with loss -159.63206481933594
Reconstruction for fluence = 21336.04526501411 photons/pixel
Epoch 0: loss = 238795744.0
Epoch 1: loss = 3753046.0
Epoch 2: loss = 3753037.0
Epoch 3: loss = 3753037.0
Epoch 4: loss = 3753036.75
Epoch 5: loss = 3753036.75
Epoch 6: loss = 3753036.75
Epoch 7: loss = 3753036.5
Epoch 8: loss = 3753036.5
Epoch 9: loss = 3753036.5
Epoch 10: loss = 3753036.5
Epoch 11: loss = 3753036.5
Epoch 12: loss = 3753036.5
Epoch 13: loss = 3753036.5
Epoch 14: loss = 3753036.5
Epoch 0: loss = -227.30296325683594
Epoch 1: loss = -227.34402465820312
Epoch 2: loss = -227.34402465820312
Epoch 3: loss = -227.34402465820312
Epoch 4: loss = -227.34402465820312
Epoch 5: loss = -227.34402465820312
Epoch 6: loss = -227.34402465820312
Epoch 7: loss = -227.34402465820312
Epoch 8: loss = -227.34402465820312
Epoch 9: loss = -227.34402465820312
Early stopping at epoch 9 with loss -227.34402465820312
Reconstruction for fluence = 28555.923019901118 photons/pixel
Epoch 0: loss = 319318208.0
Epoch 1: loss = 3990374.25
Epoch 2: loss = 3990311.25
Epoch 3: loss = 3990311.25
Epoch 4: loss = 3990311.0
Epoch 5: loss = 3990311.0
Epoch 6: loss = 3990311.0
Epoch 7: loss = 3990311.0
Epoch 8: loss = 3990311.0
Epoch 9: loss = 3990311.0
Epoch 10: loss = 3990311.0
Epoch 11: loss = 3990311.0
Epoch 12: loss = 3990311.0
Early stopping at epoch 12 with loss 3990311.0
Epoch 0: loss = -322.50140380859375
Epoch 1: loss = -322.539794921875
Epoch 2: loss = -322.539794921875
Epoch 3: loss = -322.539794921875
Epoch 4: loss = -322.539794921875
Epoch 5: loss = -322.539794921875
Epoch 6: loss = -322.539794921875
Epoch 7: loss = -322.539794921875
Epoch 8: loss = -322.539794921875
Epoch 9: loss = -322.539794921875
Early stopping at epoch 9 with loss -322.539794921875
Reconstruction for fluence = 38218.92620633123 photons/pixel
Epoch 0: loss = 427081408.0
Epoch 1: loss = 4212004.5
Epoch 2: loss = 4211977.5
Epoch 3: loss = 4211977.0
Epoch 4: loss = 4211977.0
Epoch 5: loss = 4211977.0
Epoch 6: loss = 4211977.0
Epoch 7: loss = 4211977.0
Epoch 8: loss = 4211977.0
Epoch 9: loss = 4211977.0
Epoch 10: loss = 4211977.0
Epoch 11: loss = 4211977.0
Early stopping at epoch 11 with loss 4211977.0
Epoch 0: loss = -456.15252685546875
Epoch 1: loss = -456.18768310546875
Epoch 2: loss = -456.18768310546875
Epoch 3: loss = -456.18768310546875
Epoch 4: loss = -456.1876525878906
Epoch 5: loss = -456.18768310546875
Epoch 6: loss = -456.18768310546875
Epoch 7: loss = -456.18768310546875
Epoch 8: loss = -456.18768310546875
Epoch 9: loss = -456.18768310546875
Early stopping at epoch 9 with loss -456.18768310546875
Reconstruction for fluence = 51151.78099293145 photons/pixel
Epoch 0: loss = 571337152.0
Epoch 1: loss = 4408399.0
Epoch 2: loss = 4408303.0
Epoch 3: loss = 4408302.5
Epoch 4: loss = 4408302.5
Epoch 5: loss = 4408302.5
Epoch 6: loss = 4408302.5
Epoch 7: loss = 4408302.5
Epoch 8: loss = 4408302.5
Epoch 9: loss = 4408302.5
Epoch 10: loss = 4408302.5
Epoch 11: loss = 4408302.5
Early stopping at epoch 11 with loss 4408302.5
Epoch 0: loss = -643.2843627929688
Epoch 1: loss = -643.31591796875
Epoch 2: loss = -643.31591796875
Epoch 3: loss = -643.3158569335938
Epoch 4: loss = -643.3158569335938
Epoch 5: loss = -643.31591796875
Epoch 6: loss = -643.31591796875
Epoch 7: loss = -643.31591796875
Epoch 8: loss = -643.31591796875
Epoch 9: loss = -643.31591796875
Early stopping at epoch 9 with loss -643.31591796875
Reconstruction for fluence = 68460.96838574672 photons/pixel
Epoch 0: loss = 764330112.0
Epoch 1: loss = 4569983.5
Epoch 2: loss = 4569943.0
Epoch 3: loss = 4569943.0
Epoch 4: loss = 4569943.0
Epoch 5: loss = 4569943.0
Epoch 6: loss = 4569943.0
Epoch 7: loss = 4569943.0
Epoch 8: loss = 4569943.0
Epoch 9: loss = 4569943.0
Epoch 10: loss = 4569943.0
Early stopping at epoch 10 with loss 4569943.0
Epoch 0: loss = -904.84765625
Epoch 1: loss = -904.8753662109375
Epoch 2: loss = -904.8753662109375
Epoch 3: loss = -904.8753662109375
Epoch 4: loss = -904.8753662109375
Epoch 5: loss = -904.8753662109375
Epoch 6: loss = -904.8753662109375
Epoch 7: loss = -904.8753662109375
Epoch 8: loss = -904.8753662109375
Epoch 9: loss = -904.8753662109375
Early stopping at epoch 9 with loss -904.8753662109375
Reconstruction for fluence = 91627.3901188675 photons/pixel
Epoch 0: loss = 1022713984.0
Epoch 1: loss = 4702610.0
Epoch 2: loss = 4702550.0
Epoch 3: loss = 4702549.0
Epoch 4: loss = 4702548.5
Epoch 5: loss = 4702548.5
Epoch 6: loss = 4702548.5
Epoch 7: loss = 4702549.0
Epoch 8: loss = 4702549.0
Epoch 9: loss = 4702549.0
Epoch 10: loss = 4702549.0
Epoch 11: loss = 4702549.0
Epoch 12: loss = 4702549.0
Early stopping at epoch 12 with loss 4702548.5
Epoch 0: loss = -1269.7113037109375
Epoch 1: loss = -1269.73486328125
Epoch 2: loss = -1269.73486328125
Epoch 3: loss = -1269.7349853515625
Epoch 4: loss = -1269.7349853515625
Epoch 5: loss = -1269.73486328125
Epoch 6: loss = -1269.73486328125
Epoch 7: loss = -1269.73486328125
Epoch 8: loss = -1269.73486328125
Epoch 9: loss = -1269.73486328125
Early stopping at epoch 9 with loss -1269.73486328125
Reconstruction for fluence = 122633.06841775644 photons/pixel
Epoch 0: loss = 1368470016.0
Epoch 1: loss = 4801116.0
Epoch 2: loss = 4801036.0
Epoch 3: loss = 4801024.5
Epoch 4: loss = 4801024.5
Epoch 5: loss = 4801024.0
Epoch 6: loss = 4801024.0
Epoch 7: loss = 4801024.0
Epoch 8: loss = 4801024.0
Epoch 9: loss = 4801024.0
Epoch 10: loss = 4801024.0
Epoch 11: loss = 4801024.0
Epoch 12: loss = 4801024.0
Epoch 13: loss = 4801024.0
Early stopping at epoch 13 with loss 4801024.0
Epoch 0: loss = -1778.010009765625
Epoch 1: loss = -1778.030029296875
Epoch 2: loss = -1778.030029296875
Epoch 3: loss = -1778.030029296875
Epoch 4: loss = -1778.030029296875
Epoch 5: loss = -1778.030029296875
Epoch 6: loss = -1778.030029296875
Epoch 7: loss = -1778.030029296875
Epoch 8: loss = -1778.030029296875
Epoch 9: loss = -1778.030029296875
Early stopping at epoch 9 with loss -1778.030029296875
Reconstruction for fluence = 164130.71953751298 photons/pixel
Epoch 0: loss = 1831298176.0
Epoch 1: loss = 4866968.5
Epoch 2: loss = 4866572.0
Epoch 3: loss = 4866572.0
Epoch 4: loss = 4866572.0
Epoch 5: loss = 4866572.0
Epoch 6: loss = 4866572.0
Epoch 7: loss = 4866572.0
Epoch 8: loss = 4866572.0
Epoch 9: loss = 4866572.0
Epoch 10: loss = 4866572.0
Early stopping at epoch 10 with loss 4866572.0
Epoch 0: loss = -2484.681396484375
Epoch 1: loss = -2484.69775390625
Epoch 2: loss = -2484.69775390625
Epoch 3: loss = -2484.69775390625
Epoch 4: loss = -2484.69775390625
Epoch 5: loss = -2484.69775390625
Epoch 6: loss = -2484.69775390625
Epoch 7: loss = -2484.69775390625
Epoch 8: loss = -2484.69775390625
Epoch 9: loss = -2484.69775390625
Early stopping at epoch 9 with loss -2484.69775390625
Reconstruction for fluence = 219670.7090793235 photons/pixel
Epoch 0: loss = 2450771968.0
Epoch 1: loss = 4901847.5
Epoch 2: loss = 4901319.0
Epoch 3: loss = 4901319.0
Epoch 4: loss = 4901319.0
Epoch 5: loss = 4901319.0
Epoch 6: loss = 4901319.0
Epoch 7: loss = 4901319.0
Epoch 8: loss = 4901319.0
Epoch 9: loss = 4901319.0
Epoch 10: loss = 4901319.0
Early stopping at epoch 10 with loss 4901319.0
Epoch 0: loss = -3466.04052734375
Epoch 1: loss = -3466.0537109375
Epoch 2: loss = -3466.0537109375
Epoch 3: loss = -3466.0537109375
Epoch 4: loss = -3466.0537109375
Epoch 5: loss = -3466.0537109375
Epoch 6: loss = -3466.0537109375
Epoch 7: loss = -3466.0537109375
Epoch 8: loss = -3466.0537109375
Epoch 9: loss = -3466.0537109375
Early stopping at epoch 9 with loss -3466.0537109375
Reconstruction for fluence = 294004.8064334714 photons/pixel
Epoch 0: loss = 3279859200.0
Epoch 1: loss = 4907597.5
Epoch 2: loss = 4907381.0
Epoch 3: loss = 4907381.0
Epoch 4: loss = 4907381.0
Epoch 5: loss = 4907381.0
Epoch 6: loss = 4907381.0
Epoch 7: loss = 4907381.0
Epoch 8: loss = 4907381.0
Epoch 9: loss = 4907381.0
Epoch 10: loss = 4907381.0
Early stopping at epoch 10 with loss 4907381.0
Epoch 0: loss = -4827.2529296875
Epoch 1: loss = -4827.2626953125
Epoch 2: loss = -4827.2626953125
Epoch 3: loss = -4827.2626953125
Epoch 4: loss = -4827.2626953125
Epoch 5: loss = -4827.2626953125
Epoch 6: loss = -4827.2626953125
Epoch 7: loss = -4827.2626953125
Epoch 8: loss = -4827.2626953125
Epoch 9: loss = -4827.2626953125
Early stopping at epoch 9 with loss -4827.2626953125
Reconstruction for fluence = 393492.7263095853 photons/pixel
Epoch 0: loss = 4389550592.0
Epoch 1: loss = 421417920.0
Epoch 2: loss = 8666306.0
Epoch 3: loss = 4889847.0
Epoch 4: loss = 4889846.0
Epoch 5: loss = 4889846.0
Epoch 6: loss = 4889846.0
Epoch 7: loss = 4889846.0
Epoch 8: loss = 4889846.0
Epoch 9: loss = 4889846.0
Epoch 10: loss = 4889846.0
Epoch 11: loss = 4889846.0
Epoch 12: loss = 4889846.0
Early stopping at epoch 12 with loss 4889846.0
Epoch 0: loss = -6712.66162109375
Epoch 1: loss = -6712.6689453125
Epoch 2: loss = -6712.6689453125
Epoch 3: loss = -6712.6689453125
Epoch 4: loss = -6712.6689453125
Epoch 5: loss = -6712.6689453125
Epoch 6: loss = -6712.6689453125
Epoch 7: loss = -6712.6689453125
Epoch 8: loss = -6712.6689453125
Epoch 9: loss = -6712.6689453125
Early stopping at epoch 9 with loss -6712.6689453125
Reconstruction for fluence = 526646.2393484281 photons/pixel
Epoch 0: loss = 5874630656.0
Epoch 1: loss = 4853500.0
Epoch 2: loss = 4853010.0
Epoch 3: loss = 4853010.0
Epoch 4: loss = 4853010.0
Epoch 5: loss = 4853010.0
Epoch 6: loss = 4853010.0
Epoch 7: loss = 4853010.0
Epoch 8: loss = 4853010.0
Epoch 9: loss = 4853010.0
Epoch 10: loss = 4853010.0
Early stopping at epoch 10 with loss 4853010.0
Epoch 0: loss = -9321.4091796875
Epoch 1: loss = -9321.4150390625
Epoch 2: loss = -9321.4150390625
Epoch 3: loss = -9321.4150390625
Epoch 4: loss = -9321.4150390625
Epoch 5: loss = -9321.4150390625
Epoch 6: loss = -9321.4150390625
Epoch 7: loss = -9321.4150390625
Epoch 8: loss = -9321.4150390625
Epoch 9: loss = -9321.4150390625
Early stopping at epoch 9 with loss -9321.4150390625
Reconstruction for fluence = 704857.4036451917 photons/pixel
Epoch 0: loss = 7862451200.0
Epoch 1: loss = 4811905.0
Epoch 2: loss = 4805976.0
Epoch 3: loss = 4805976.0
Epoch 4: loss = 4805976.0
Epoch 5: loss = 4805976.0
Epoch 6: loss = 4805976.0
Epoch 7: loss = 4805976.0
Epoch 8: loss = 4805976.0
Epoch 9: loss = 4805976.0
Epoch 10: loss = 4805976.0
Early stopping at epoch 10 with loss 4805976.0
Epoch 0: loss = -12927.01171875
Epoch 1: loss = -12927.015625
Epoch 2: loss = -12927.015625
Epoch 3: loss = -12927.015625
Epoch 4: loss = -12927.015625
Epoch 5: loss = -12927.015625
Epoch 6: loss = -12927.015625
Epoch 7: loss = -12927.015625
Epoch 8: loss = -12927.015625
Epoch 9: loss = -12927.015625
Early stopping at epoch 9 with loss -12927.015625
Reconstruction for fluence = 943373.2216299793 photons/pixel
Epoch 0: loss = 10522855424.0
Epoch 1: loss = 4751479.0
Epoch 2: loss = 4747421.0
Epoch 3: loss = 4747421.0
Epoch 4: loss = 4747420.5
Epoch 5: loss = 4747420.5
Epoch 6: loss = 4747420.5
Epoch 7: loss = 4747420.5
Epoch 8: loss = 4747421.0
Epoch 9: loss = 4747421.0
Epoch 10: loss = 4747420.5
Epoch 11: loss = 4747420.5
Epoch 12: loss = 4747420.5
Early stopping at epoch 12 with loss 4747420.5
Epoch 0: loss = -17905.486328125
Epoch 1: loss = -17905.48828125
Epoch 2: loss = -17905.48828125
Epoch 3: loss = -17905.48828125
Epoch 4: loss = -17905.48828125
Epoch 5: loss = -17905.48828125
Epoch 6: loss = -17905.48828125
Epoch 7: loss = -17905.48828125
Epoch 8: loss = -17905.48828125
Epoch 9: loss = -17905.48828125
Early stopping at epoch 9 with loss -17905.48828125
Reconstruction for fluence = 1262600.1098748576 photons/pixel
Epoch 0: loss = 14083217408.0
Epoch 1: loss = 4686677.0
Epoch 2: loss = 4685633.0
Epoch 3: loss = 4685633.0
Epoch 4: loss = 4685633.0
Epoch 5: loss = 4685633.0
Epoch 6: loss = 4685633.0
Epoch 7: loss = 4685633.0
Epoch 8: loss = 4685633.0
Epoch 9: loss = 4685633.0
Epoch 10: loss = 4685633.0
Early stopping at epoch 10 with loss 4685633.0
Epoch 0: loss = -24773.359375
Epoch 1: loss = -24773.36328125
Epoch 2: loss = -24773.36328125
Epoch 3: loss = -24773.36328125
Epoch 4: loss = -24773.36328125
Epoch 5: loss = -24773.36328125
Epoch 6: loss = -24773.36328125
Epoch 7: loss = -24773.36328125
Epoch 8: loss = -24773.36328125
Epoch 9: loss = -24773.36328125
Early stopping at epoch 9 with loss -24773.36328125
Reconstruction for fluence = 1689849.7868124621 photons/pixel
Epoch 0: loss = 18848667648.0
Epoch 1: loss = 4660300.0
Epoch 2: loss = 4620520.0
Epoch 3: loss = 4620520.0
Epoch 4: loss = 4620520.0
Epoch 5: loss = 4620520.0
Epoch 6: loss = 4620520.0
Epoch 7: loss = 4620520.0
Epoch 8: loss = 4620520.5
Epoch 9: loss = 4620520.5
Epoch 10: loss = 4620520.5
Early stopping at epoch 10 with loss 4620520.0
Epoch 0: loss = -34238.4921875
Epoch 1: loss = -34238.5
Epoch 2: loss = -34238.5
Epoch 3: loss = -34238.5
Epoch 4: loss = -34238.5
Epoch 5: loss = -34238.5
Epoch 6: loss = -34238.5
Epoch 7: loss = -34238.5
Epoch 8: loss = -34238.5
Epoch 9: loss = -34238.5
Early stopping at epoch 9 with loss -34238.5
Reconstruction for fluence = 2261675.949222864 photons/pixel
Epoch 0: loss = 25226698752.0
Epoch 1: loss = 4619072.5
Epoch 2: loss = 4558448.0
Epoch 3: loss = 4558448.0
Epoch 4: loss = 4558448.0
Epoch 5: loss = 4558448.0
Epoch 6: loss = 4558448.0
Epoch 7: loss = 4558448.0
Epoch 8: loss = 4558448.0
Epoch 9: loss = 4558448.0
Epoch 10: loss = 4558448.0
Early stopping at epoch 10 with loss 4558448.0
Epoch 0: loss = -47272.89453125
Epoch 1: loss = -47272.8984375
Epoch 2: loss = -47272.8984375
Epoch 3: loss = -47272.8984375
Epoch 4: loss = -47272.8984375
Epoch 5: loss = -47272.8984375
Epoch 6: loss = -47272.8984375
Epoch 7: loss = -47272.8984375
Epoch 8: loss = -47272.8984375
Epoch 9: loss = -47272.8984375
Early stopping at epoch 9 with loss -47272.8984375
Reconstruction for fluence = 3027001.653763468 photons/pixel
Epoch 0: loss = 33762826240.0
Epoch 1: loss = 4594400.0
Epoch 2: loss = 4502769.5
Epoch 3: loss = 4502768.0
Epoch 4: loss = 4502767.0
Epoch 5: loss = 4502767.0
Epoch 6: loss = 4502767.0
Epoch 7: loss = 4502767.0
Epoch 8: loss = 4502767.5
Epoch 9: loss = 4502767.5
Epoch 10: loss = 4502767.0
Epoch 11: loss = 4502767.0
Epoch 12: loss = 4502767.0
Early stopping at epoch 12 with loss 4502767.0
Epoch 0: loss = -65207.8203125
Epoch 1: loss = -65207.8203125
Epoch 2: loss = -65207.8203125
Epoch 3: loss = -65207.8203125
Epoch 4: loss = -65207.8203125
Epoch 5: loss = -65207.8203125
Epoch 6: loss = -65207.8203125
Epoch 7: loss = -65207.8203125
Epoch 8: loss = -65207.8203125
Early stopping at epoch 8 with loss -65207.8203125
Reconstruction for fluence = 4051304.9692353783 photons/pixel
Epoch 0: loss = 45187227648.0
Epoch 1: loss = 4587163.0
Epoch 2: loss = 4448774.0
Epoch 3: loss = 4448774.0
Epoch 4: loss = 4448774.5
Epoch 5: loss = 4448774.0
Epoch 6: loss = 4448774.0
Epoch 7: loss = 4448774.0
Epoch 8: loss = 4448774.0
Epoch 9: loss = 4448774.0
Epoch 10: loss = 4448774.0
Early stopping at epoch 10 with loss 4448774.0
Epoch 0: loss = -89868.3046875
Epoch 1: loss = -89868.3046875
Epoch 2: loss = -89868.3046875
Epoch 3: loss = -89868.3046875
Epoch 4: loss = -89868.3046875
Epoch 5: loss = -89868.3046875
Epoch 6: loss = -89868.3046875
Epoch 7: loss = -89868.3046875
Epoch 8: loss = -89868.3046875
Early stopping at epoch 8 with loss -89868.3046875
Reconstruction for fluence = 5422221.006501592 photons/pixel
Epoch 0: loss = 60478009344.0
Epoch 1: loss = 164164224.0
Epoch 2: loss = 4405622.0
Epoch 3: loss = 4405584.0
Epoch 4: loss = 4405584.0
Epoch 5: loss = 4405583.5
Epoch 6: loss = 4405583.5
Epoch 7: loss = 4405583.5
Epoch 8: loss = 4405583.5
Epoch 9: loss = 4405583.5
Epoch 10: loss = 4405583.5
Epoch 11: loss = 4405583.5
Epoch 12: loss = 4405583.5
Epoch 13: loss = 4405583.5
Early stopping at epoch 13 with loss 4405583.5
Epoch 0: loss = -123751.078125
Epoch 1: loss = -123751.078125
Epoch 2: loss = -123751.078125
Epoch 3: loss = -123751.078125
Epoch 4: loss = -123751.078125
Epoch 5: loss = -123751.078125
Epoch 6: loss = -123751.078125
Epoch 7: loss = -123751.078125
Epoch 8: loss = -123751.078125
Early stopping at epoch 8 with loss -123751.078125
Reconstruction for fluence = 7257039.61232423 photons/pixel
Epoch 0: loss = 80942465024.0
Epoch 1: loss = 5307651.0
Epoch 2: loss = 4366061.5
Epoch 3: loss = 4366061.5
Epoch 4: loss = 4366061.5
Epoch 5: loss = 4366061.5
Epoch 6: loss = 4366061.5
Epoch 7: loss = 4366061.5
Epoch 8: loss = 4366061.5
Epoch 9: loss = 4366061.5
Epoch 10: loss = 4366061.5
Early stopping at epoch 10 with loss 4366061.5
Epoch 0: loss = -170274.859375
Epoch 1: loss = -170274.859375
Epoch 2: loss = -170274.859375
Epoch 3: loss = -170274.859375
Epoch 4: loss = -170274.859375
Epoch 5: loss = -170274.859375
Epoch 6: loss = -170274.859375
Epoch 7: loss = -170274.859375
Epoch 8: loss = -170274.859375
Early stopping at epoch 8 with loss -170274.859375
Reconstruction for fluence = 9712740.198471166 photons/pixel
Epoch 0: loss = 108332859392.0
Epoch 1: loss = 5922414.0
Epoch 2: loss = 4331574.5
Epoch 3: loss = 4331574.5
Epoch 4: loss = 4331574.5
Epoch 5: loss = 4331574.0
Epoch 6: loss = 4331574.0
Epoch 7: loss = 4331574.0
Epoch 8: loss = 4331574.0
Epoch 9: loss = 4331574.0
Epoch 10: loss = 4331574.0
Epoch 11: loss = 4331574.0
Epoch 12: loss = 4331574.0
Epoch 13: loss = 4331574.0
Early stopping at epoch 13 with loss 4331574.0
Epoch 0: loss = -234113.96875
Epoch 1: loss = -234113.96875
Epoch 2: loss = -234113.96875
Epoch 3: loss = -234113.96875
Epoch 4: loss = -234113.96875
Epoch 5: loss = -234113.96875
Epoch 6: loss = -234113.96875
Epoch 7: loss = -234113.96875
Epoch 8: loss = -234113.96875
Early stopping at epoch 8 with loss -234113.96875
Reconstruction for fluence = 12999422.244132474 photons/pixel
Epoch 0: loss = 144990339072.0
Epoch 1: loss = 439769024.0
Epoch 2: loss = 4302293.0
Epoch 3: loss = 4302239.0
Epoch 4: loss = 4302239.0
Epoch 5: loss = 4302238.5
Epoch 6: loss = 4302239.0
Epoch 7: loss = 4302239.0
Epoch 8: loss = 4302239.0
Epoch 9: loss = 4302239.0
Epoch 10: loss = 4302239.0
Epoch 11: loss = 4302239.0
Epoch 12: loss = 4302239.0
Epoch 13: loss = 4302239.0
Early stopping at epoch 13 with loss 4302238.5
Epoch 0: loss = -321660.8125
Epoch 1: loss = -321660.8125
Epoch 2: loss = -321660.8125
Epoch 3: loss = -321660.8125
Epoch 4: loss = -321660.8125
Epoch 5: loss = -321660.8125
Epoch 6: loss = -321660.8125
Epoch 7: loss = -321660.8125
Epoch 8: loss = -321660.8125
Early stopping at epoch 8 with loss -321660.8125
Reconstruction for fluence = 17398280.529303692 photons/pixel
Epoch 0: loss = 194053881856.0
Epoch 1: loss = 11113000.0
Epoch 2: loss = 4277025.0
Epoch 3: loss = 4277024.0
Epoch 4: loss = 4277024.0
Epoch 5: loss = 4277024.0
Epoch 6: loss = 4277024.0
Epoch 7: loss = 4277024.0
Epoch 8: loss = 4277024.0
Epoch 9: loss = 4277024.0
Epoch 10: loss = 4277024.0
Epoch 11: loss = 4277024.0
Early stopping at epoch 11 with loss 4277024.0
Epoch 0: loss = -441649.3125
Epoch 1: loss = -441649.3125
Epoch 2: loss = -441649.3125
Epoch 3: loss = -441649.3125
Epoch 4: loss = -441649.3125
Epoch 5: loss = -441649.3125
Epoch 6: loss = -441649.3125
Epoch 7: loss = -441649.3125
Epoch 8: loss = -441649.3125
Early stopping at epoch 8 with loss -441649.3125
Reconstruction for fluence = 23285662.984981965 photons/pixel
Epoch 0: loss = 259718266880.0
Epoch 1: loss = 10711552.0
Epoch 2: loss = 4258774.0
Epoch 3: loss = 4258772.0
Epoch 4: loss = 4258772.0
Epoch 5: loss = 4258772.0
Epoch 6: loss = 4258771.5
Epoch 7: loss = 4258771.5
Epoch 8: loss = 4258772.0
Epoch 9: loss = 4258772.0
Epoch 10: loss = 4258772.0
Epoch 11: loss = 4258772.0
Epoch 12: loss = 4258772.0
Epoch 13: loss = 4258772.0
Epoch 14: loss = 4258772.0
Early stopping at epoch 14 with loss 4258771.5
Epoch 0: loss = -606012.8125
Epoch 1: loss = -606012.8125
Epoch 2: loss = -606012.8125
Epoch 3: loss = -606012.8125
Epoch 4: loss = -606012.8125
Epoch 5: loss = -606012.8125
Epoch 6: loss = -606012.8125
Epoch 7: loss = -606012.8125
Epoch 8: loss = -606012.8125
Early stopping at epoch 8 with loss -606012.8125
Reconstruction for fluence = 31165269.449294366 photons/pixel
Epoch 0: loss = 347604615168.0
Epoch 1: loss = 164001280.0
Epoch 2: loss = 4244571.5
Epoch 3: loss = 4244482.0
Epoch 4: loss = 4244481.0
Epoch 5: loss = 4244480.5
Epoch 6: loss = 4244480.5
Epoch 7: loss = 4244480.5
Epoch 8: loss = 4244480.5
Epoch 9: loss = 4244480.5
Epoch 10: loss = 4244481.0
Epoch 11: loss = 4244481.0
Epoch 12: loss = 4244480.5
Epoch 13: loss = 4244481.0
Early stopping at epoch 13 with loss 4244480.5
Epoch 0: loss = -831036.9375
Epoch 1: loss = -831036.9375
Epoch 2: loss = -831036.9375
Epoch 3: loss = -831036.9375
Epoch 4: loss = -831036.875
Epoch 5: loss = -831036.875
Epoch 6: loss = -831036.875
Epoch 7: loss = -831036.875
Epoch 8: loss = -831036.875
Early stopping at epoch 8 with loss -831036.9375
Reconstruction for fluence = 41711246.12056533 photons/pixel
Epoch 0: loss = 465229938688.0
Epoch 1: loss = 412805376.0
Epoch 2: loss = 4231480.5
Epoch 3: loss = 4231288.0
Epoch 4: loss = 4231287.5
Epoch 5: loss = 4231287.0
Epoch 6: loss = 4231287.0
Epoch 7: loss = 4231287.0
Epoch 8: loss = 4231287.0
Epoch 9: loss = 4231287.5
Epoch 10: loss = 4231287.0
Epoch 11: loss = 4231287.0
Epoch 12: loss = 4231287.0
Epoch 13: loss = 4231287.0
Early stopping at epoch 13 with loss 4231287.0
Epoch 0: loss = -1138964.625
Epoch 1: loss = -1138964.625
Epoch 2: loss = -1138964.625
Epoch 3: loss = -1138964.625
Epoch 4: loss = -1138964.625
Epoch 5: loss = -1138964.625
Epoch 6: loss = -1138964.625
Epoch 7: loss = -1138964.625
Epoch 8: loss = -1138964.625
Early stopping at epoch 8 with loss -1138964.625
Reconstruction for fluence = 55825862.688627005 photons/pixel
Epoch 0: loss = 622657798144.0
Epoch 1: loss = 495082560.0
Epoch 2: loss = 4219629.0
Epoch 3: loss = 4219277.0
Epoch 4: loss = 4219275.5
Epoch 5: loss = 4219275.0
Epoch 6: loss = 4219275.0
Epoch 7: loss = 4219275.5
Epoch 8: loss = 4219275.5
Epoch 9: loss = 4219275.0
Epoch 10: loss = 4219275.5
Epoch 11: loss = 4219275.0
Epoch 12: loss = 4219275.0
Epoch 13: loss = 4219275.0
Early stopping at epoch 13 with loss 4219275.0
Epoch 0: loss = -1560131.0
Epoch 1: loss = -1560131.0
Epoch 2: loss = -1560131.0
Epoch 3: loss = -1560131.0
Epoch 4: loss = -1560131.0
Epoch 5: loss = -1560131.0
Epoch 6: loss = -1560131.0
Epoch 7: loss = -1560131.0
Epoch 8: loss = -1560131.0
Early stopping at epoch 8 with loss -1560131.0
Reconstruction for fluence = 74716706.75868097 photons/pixel
Epoch 0: loss = 833358790656.0
Epoch 1: loss = 488174848.0
Epoch 2: loss = 4212364.5
Epoch 3: loss = 4211120.0
Epoch 4: loss = 4211119.5
Epoch 5: loss = 4211119.5
Epoch 6: loss = 4211119.5
Epoch 7: loss = 4211120.0
Epoch 8: loss = 4211120.0
Epoch 9: loss = 4211120.0
Epoch 10: loss = 4211120.0
Epoch 11: loss = 4211120.0
Epoch 12: loss = 4211120.0
Early stopping at epoch 12 with loss 4211119.5
Epoch 0: loss = -2135909.25
Epoch 1: loss = -2135909.25
Epoch 2: loss = -2135909.25
Epoch 3: loss = -2135909.25
Epoch 4: loss = -2135909.25
Epoch 5: loss = -2135909.25
Epoch 6: loss = -2135909.25
Epoch 7: loss = -2135909.25
Epoch 8: loss = -2135909.25
Early stopping at epoch 8 with loss -2135909.25
Reconstruction for fluence = 100000000.0 photons/pixel
Epoch 0: loss = 1115356659712.0
Epoch 1: loss = 995377664.0
Epoch 2: loss = 4206275.0
Epoch 3: loss = 4204986.0
Epoch 4: loss = 4204985.5
Epoch 5: loss = 4204985.0
Epoch 6: loss = 4204985.5
Epoch 7: loss = 4204985.0
Epoch 8: loss = 4204985.0
Epoch 9: loss = 4204985.0
Epoch 10: loss = 4204985.0
Epoch 11: loss = 4204985.0
Epoch 12: loss = 4204985.0
Epoch 13: loss = 4204985.0
Early stopping at epoch 13 with loss 4204985.0
Epoch 0: loss = -2922724.0
Epoch 1: loss = -2922724.0
Epoch 2: loss = -2922724.0
Epoch 3: loss = -2922724.0
Epoch 4: loss = -2922724.0
Epoch 5: loss = -2922724.0
Epoch 6: loss = -2922724.0
Epoch 7: loss = -2922724.0
Epoch 8: loss = -2922724.0
Early stopping at epoch 8 with loss -2922724.0
Simulation for n_fluences=80 completed!
