Running simulation for steps_size=29 and n_fluences=20
Steps size: 29
Tensors initialization on device cuda
Multiprobe = None

('MSE', None) RECONSTRUCTIONS

Reconstruction for fluence = 0.09999999999999999 photons/pixel
Epoch 0: loss = 0.19224797189235687
Epoch 1: loss = 0.05918334797024727
Epoch 2: loss = 0.053582239896059036
Epoch 3: loss = 0.05221321061253548
Epoch 4: loss = 0.051494769752025604
Epoch 5: loss = 0.05111178383231163
Epoch 6: loss = 0.05084500089287758
Epoch 7: loss = 0.05060429498553276
Epoch 8: loss = 0.05040566995739937
Epoch 9: loss = 0.05032537877559662
Epoch 10: loss = 0.05011899769306183
Epoch 11: loss = 0.04995697736740112
Epoch 12: loss = 0.049896519631147385
Epoch 13: loss = 0.049848783761262894
Epoch 14: loss = 0.049831315875053406
Epoch 15: loss = 0.04982370138168335
Epoch 16: loss = 0.04982110485434532
Epoch 17: loss = 0.04982007294893265
Epoch 18: loss = 0.0498189739882946
Early stopping at epoch 18 with loss 0.049848783761262894
Reconstruction for fluence = 0.23357214690901223 photons/pixel
Epoch 0: loss = 0.7253507971763611
Epoch 1: loss = 0.13456381857395172
Epoch 2: loss = 0.11904001235961914
Epoch 3: loss = 0.11551979929208755
Epoch 4: loss = 0.11409372836351395
Epoch 5: loss = 0.11338832974433899
Epoch 6: loss = 0.11311981827020645
Epoch 7: loss = 0.1130141019821167
Epoch 8: loss = 0.1129596009850502
Epoch 9: loss = 0.11285077035427094
Epoch 10: loss = 0.11272639781236649
Epoch 11: loss = 0.1126660481095314
Epoch 12: loss = 0.11261868476867676
Epoch 13: loss = 0.112566739320755
Epoch 14: loss = 0.11248990148305893
Epoch 15: loss = 0.11241678148508072
Epoch 16: loss = 0.11239104717969894
Epoch 17: loss = 0.11238017678260803
Epoch 18: loss = 0.11236532777547836
Epoch 19: loss = 0.11220595985651016
Epoch 20: loss = 0.11212330311536789
Epoch 21: loss = 0.11210285127162933
Epoch 22: loss = 0.11209487915039062
Epoch 23: loss = 0.11209025979042053
Epoch 24: loss = 0.11208680272102356
Epoch 25: loss = 0.11208375543355942
Epoch 26: loss = 0.11208126693964005
Early stopping at epoch 26 with loss 0.11210285127162933
Reconstruction for fluence = 0.5455594781168519 photons/pixel
Epoch 0: loss = 3.290236711502075
Epoch 1: loss = 0.32560625672340393
Epoch 2: loss = 0.2862793207168579
Epoch 3: loss = 0.2789002060890198
Epoch 4: loss = 0.2768396735191345
Epoch 5: loss = 0.27593860030174255
Epoch 6: loss = 0.275590181350708
Epoch 7: loss = 0.27538907527923584
Epoch 8: loss = 0.27523571252822876
Epoch 9: loss = 0.2751380205154419
Epoch 10: loss = 0.2751007080078125
Epoch 11: loss = 0.2750842571258545
Epoch 12: loss = 0.27508190274238586
Epoch 13: loss = 0.2750750482082367
Epoch 14: loss = 0.27507224678993225
Epoch 15: loss = 0.2750714123249054
Early stopping at epoch 15 with loss 0.2751007080078125
Reconstruction for fluence = 1.2742749857031335 photons/pixel
Epoch 0: loss = 16.22269058227539
Epoch 1: loss = 0.7743745446205139
Epoch 2: loss = 0.6473317742347717
Epoch 3: loss = 0.6242084503173828
Epoch 4: loss = 0.6180775165557861
Epoch 5: loss = 0.6160454154014587
Epoch 6: loss = 0.6151836514472961
Epoch 7: loss = 0.6146741509437561
Epoch 8: loss = 0.6142950057983398
Epoch 9: loss = 0.6140594482421875
Epoch 10: loss = 0.6138511300086975
Epoch 11: loss = 0.61374431848526
Epoch 12: loss = 0.6137124300003052
Epoch 13: loss = 0.6136972904205322
Epoch 14: loss = 0.6136887073516846
Epoch 15: loss = 0.6136831641197205
Epoch 16: loss = 0.6136809587478638
Early stopping at epoch 16 with loss 0.61374431848526
Reconstruction for fluence = 2.976351441631318 photons/pixel
Epoch 0: loss = 84.91665649414062
Epoch 1: loss = 1.8700013160705566
Epoch 2: loss = 1.4821020364761353
Epoch 3: loss = 1.4122978448867798
Epoch 4: loss = 1.3916863203048706
Epoch 5: loss = 1.384981393814087
Epoch 6: loss = 1.3829407691955566
Epoch 7: loss = 1.3820644617080688
Epoch 8: loss = 1.3814506530761719
Epoch 9: loss = 1.3811497688293457
Epoch 10: loss = 1.3809231519699097
Epoch 11: loss = 1.380771517753601
Epoch 12: loss = 1.3806380033493042
Epoch 13: loss = 1.3805291652679443
Epoch 14: loss = 1.3804519176483154
Epoch 15: loss = 1.3803948163986206
Epoch 16: loss = 1.380354404449463
Epoch 17: loss = 1.3803346157073975
Epoch 18: loss = 1.3803257942199707
Epoch 19: loss = 1.3803220987319946
Epoch 20: loss = 1.3803211450576782
Early stopping at epoch 20 with loss 1.3803948163986206
Reconstruction for fluence = 6.9519279617756045 photons/pixel
Epoch 0: loss = 452.48907470703125
Epoch 1: loss = 4.872642993927002
Epoch 2: loss = 3.3814995288848877
Epoch 3: loss = 3.069894552230835
Epoch 4: loss = 2.9863362312316895
Epoch 5: loss = 2.956641674041748
Epoch 6: loss = 2.9480137825012207
Epoch 7: loss = 2.9443013668060303
Epoch 8: loss = 2.942312717437744
Epoch 9: loss = 2.9411723613739014
Epoch 10: loss = 2.94059681892395
Epoch 11: loss = 2.94028902053833
Epoch 12: loss = 2.9401514530181885
Epoch 13: loss = 2.9400219917297363
Epoch 14: loss = 2.939946174621582
Epoch 15: loss = 2.939903736114502
Epoch 16: loss = 2.9398841857910156
Epoch 17: loss = 2.9398796558380127
Epoch 18: loss = 2.9398796558380127
Epoch 19: loss = 2.9398796558380127
Epoch 20: loss = 2.9398765563964844
Early stopping at epoch 20 with loss 2.939903736114502
Reconstruction for fluence = 16.23776739188721 photons/pixel
Epoch 0: loss = 2437.472900390625
Epoch 1: loss = 15.14365005493164
Epoch 2: loss = 8.863072395324707
Epoch 3: loss = 7.61566686630249
Epoch 4: loss = 7.26171875
Epoch 5: loss = 7.151655673980713
Epoch 6: loss = 7.115234375
Epoch 7: loss = 7.0965423583984375
Epoch 8: loss = 7.083995342254639
Epoch 9: loss = 7.076046466827393
Epoch 10: loss = 7.069509506225586
Epoch 11: loss = 7.0636773109436035
Epoch 12: loss = 7.0582146644592285
Epoch 13: loss = 7.053091049194336
Epoch 14: loss = 7.047495365142822
Epoch 15: loss = 7.043018817901611
Epoch 16: loss = 7.0402703285217285
Epoch 17: loss = 7.038621425628662
Epoch 18: loss = 7.037347793579102
Epoch 19: loss = 7.03590726852417
Epoch 20: loss = 7.034975528717041
Epoch 21: loss = 7.034639358520508
Epoch 22: loss = 7.03452205657959
Epoch 23: loss = 7.034453868865967
Epoch 24: loss = 7.034406661987305
Epoch 25: loss = 7.034406661987305
Epoch 26: loss = 7.034387588500977
Epoch 27: loss = 7.034368991851807
Epoch 28: loss = 7.034368991851807
Epoch 29: loss = 7.034368991851807
Early stopping at epoch 29 with loss 7.034406661987305
Reconstruction for fluence = 37.926901907322495 photons/pixel
Epoch 0: loss = 13241.7939453125
Epoch 1: loss = 46.82917404174805
Epoch 2: loss = 22.242109298706055
Epoch 3: loss = 17.12561798095703
Epoch 4: loss = 15.659074783325195
Epoch 5: loss = 15.167323112487793
Epoch 6: loss = 14.97945499420166
Epoch 7: loss = 14.883329391479492
Epoch 8: loss = 14.824111938476562
Epoch 9: loss = 14.768763542175293
Epoch 10: loss = 14.69887638092041
Epoch 11: loss = 14.6696138381958
Epoch 12: loss = 14.659961700439453
Epoch 13: loss = 14.65122127532959
Epoch 14: loss = 14.646794319152832
Epoch 15: loss = 14.64377498626709
Epoch 16: loss = 14.64157772064209
Epoch 17: loss = 14.640533447265625
Epoch 18: loss = 14.6392183303833
Epoch 19: loss = 14.63841724395752
Epoch 20: loss = 14.637812614440918
Epoch 21: loss = 14.637451171875
Epoch 22: loss = 14.63742446899414
Epoch 23: loss = 14.63730239868164
Epoch 24: loss = 14.637210845947266
Epoch 25: loss = 14.637152671813965
Epoch 26: loss = 14.637030601501465
Epoch 27: loss = 14.636990547180176
Epoch 28: loss = 14.636962890625
Epoch 29: loss = 14.636921882629395
Epoch 30: loss = 14.63689136505127
Epoch 31: loss = 14.636884689331055
Epoch 32: loss = 14.63686466217041
Epoch 33: loss = 14.636857986450195
Epoch 34: loss = 14.636857986450195
Early stopping at epoch 34 with loss 14.636921882629395
Reconstruction for fluence = 88.58667904100822 photons/pixel
Epoch 0: loss = 72199.140625
Epoch 1: loss = 199.2068634033203
Epoch 2: loss = 77.63206481933594
Epoch 3: loss = 47.90265655517578
Epoch 4: loss = 39.68434143066406
Epoch 5: loss = 36.86661911010742
Epoch 6: loss = 35.92860794067383
Epoch 7: loss = 35.493656158447266
Epoch 8: loss = 35.13169479370117
Epoch 9: loss = 34.79222869873047
Epoch 10: loss = 34.51676940917969
Epoch 11: loss = 34.41059494018555
Epoch 12: loss = 34.347625732421875
Epoch 13: loss = 34.28371810913086
Epoch 14: loss = 34.24412536621094
Epoch 15: loss = 34.21915054321289
Epoch 16: loss = 34.20335388183594
Epoch 17: loss = 34.1937141418457
Epoch 18: loss = 34.18507766723633
Epoch 19: loss = 34.17793273925781
Epoch 20: loss = 34.17170333862305
Epoch 21: loss = 34.16657257080078
Epoch 22: loss = 34.16322708129883
Epoch 23: loss = 34.159297943115234
Epoch 24: loss = 34.15565490722656
Epoch 25: loss = 34.15208053588867
Epoch 26: loss = 34.14856719970703
Epoch 27: loss = 34.14563751220703
Epoch 28: loss = 34.14247131347656
Epoch 29: loss = 34.139163970947266
Epoch 30: loss = 34.13623046875
Epoch 31: loss = 34.13362503051758
Epoch 32: loss = 34.13180160522461
Epoch 33: loss = 34.13008499145508
Epoch 34: loss = 34.128501892089844
Epoch 35: loss = 34.12697982788086
Epoch 36: loss = 34.12548065185547
Epoch 37: loss = 34.12412643432617
Epoch 38: loss = 34.12287902832031
Epoch 39: loss = 34.1214485168457
Epoch 40: loss = 34.1195068359375
Epoch 41: loss = 34.11559295654297
Epoch 42: loss = 34.10767364501953
Epoch 43: loss = 34.093994140625
Epoch 44: loss = 34.07529830932617
Epoch 45: loss = 34.05167770385742
Epoch 46: loss = 34.02720260620117
Epoch 47: loss = 34.00028610229492
Epoch 48: loss = 33.97882080078125
Epoch 49: loss = 33.96527099609375
Epoch 50: loss = 33.95767593383789
Epoch 51: loss = 33.95398712158203
Epoch 52: loss = 33.95225143432617
Epoch 53: loss = 33.951148986816406
Epoch 54: loss = 33.95051193237305
Epoch 55: loss = 33.95000076293945
Epoch 56: loss = 33.94964599609375
Epoch 57: loss = 33.94942092895508
Epoch 58: loss = 33.949317932128906
Epoch 59: loss = 33.94929504394531
Epoch 60: loss = 33.94926834106445
Epoch 61: loss = 33.94923782348633
Epoch 62: loss = 33.94923782348633
Epoch 63: loss = 33.94919967651367
Epoch 64: loss = 33.94919967651367
Epoch 65: loss = 33.94916534423828
Epoch 66: loss = 33.94915008544922
Epoch 67: loss = 33.94910430908203
Epoch 68: loss = 33.94910430908203
Early stopping at epoch 68 with loss 33.94919967651367
Reconstruction for fluence = 206.9138081114788 photons/pixel
Epoch 0: loss = 393314.5
Epoch 1: loss = 915.3873901367188
Epoch 2: loss = 291.140380859375
Epoch 3: loss = 140.41310119628906
Epoch 4: loss = 99.65848541259766
Epoch 5: loss = 87.22769165039062
Epoch 6: loss = 82.75516510009766
Epoch 7: loss = 80.54899597167969
Epoch 8: loss = 78.87284088134766
Epoch 9: loss = 77.2847900390625
Epoch 10: loss = 76.44912719726562
Epoch 11: loss = 76.0277328491211
Epoch 12: loss = 75.80224609375
Epoch 13: loss = 75.6153335571289
Epoch 14: loss = 75.41243743896484
Epoch 15: loss = 75.2125015258789
Epoch 16: loss = 74.81543731689453
Epoch 17: loss = 74.2131118774414
Epoch 18: loss = 73.48545837402344
Epoch 19: loss = 72.53189849853516
Epoch 20: loss = 71.63575744628906
Epoch 21: loss = 71.26449584960938
Epoch 22: loss = 71.1158218383789
Epoch 23: loss = 71.03495788574219
Epoch 24: loss = 70.98204040527344
Epoch 25: loss = 70.94351959228516
Epoch 26: loss = 70.91287994384766
Epoch 27: loss = 70.89582061767578
Epoch 28: loss = 70.88275909423828
Epoch 29: loss = 70.87184143066406
Epoch 30: loss = 70.86280059814453
Epoch 31: loss = 70.85597229003906
Epoch 32: loss = 70.85150909423828
Epoch 33: loss = 70.84839630126953
Epoch 34: loss = 70.8458023071289
Epoch 35: loss = 70.8434066772461
Epoch 36: loss = 70.8414077758789
Epoch 37: loss = 70.83991241455078
Epoch 38: loss = 70.83963775634766
Epoch 39: loss = 70.8388442993164
Epoch 40: loss = 70.83831024169922
Epoch 41: loss = 70.8375244140625
Epoch 42: loss = 70.8370132446289
Epoch 43: loss = 70.8363037109375
Epoch 44: loss = 70.83573150634766
Epoch 45: loss = 70.83565521240234
Epoch 46: loss = 70.83522033691406
Epoch 47: loss = 70.83494567871094
Epoch 48: loss = 70.8348617553711
Epoch 49: loss = 70.8348617553711
Epoch 50: loss = 70.83475494384766
Epoch 51: loss = 70.83463287353516
Epoch 52: loss = 70.83451080322266
Epoch 53: loss = 70.8343505859375
Epoch 54: loss = 70.83429718017578
Epoch 55: loss = 70.83403778076172
Epoch 56: loss = 70.83384704589844
Epoch 57: loss = 70.8338394165039
Epoch 58: loss = 70.83377075195312
Epoch 59: loss = 70.83358001708984
Epoch 60: loss = 70.83348083496094
Epoch 61: loss = 70.83342742919922
Epoch 62: loss = 70.83323669433594
Epoch 63: loss = 70.8332290649414
Epoch 64: loss = 70.83318328857422
Epoch 65: loss = 70.83316040039062
Epoch 66: loss = 70.8331298828125
Epoch 67: loss = 70.83304595947266
Epoch 68: loss = 70.83293914794922
Epoch 69: loss = 70.83293914794922
Epoch 70: loss = 70.83291625976562
Epoch 71: loss = 70.83282470703125
Epoch 72: loss = 70.83280181884766
Epoch 73: loss = 70.83269500732422
Epoch 74: loss = 70.83267211914062
Epoch 75: loss = 70.83263397216797
Epoch 76: loss = 70.8326416015625
Epoch 77: loss = 70.83260345458984
Epoch 78: loss = 70.83253479003906
Epoch 79: loss = 70.83247375488281
Epoch 80: loss = 70.83243560791016
Epoch 81: loss = 70.83243560791016
Epoch 82: loss = 70.83243560791016
Epoch 83: loss = 70.8323974609375
Epoch 84: loss = 70.8323974609375
Epoch 85: loss = 70.8323974609375
Epoch 86: loss = 70.8323745727539
Epoch 87: loss = 70.8323745727539
Epoch 88: loss = 70.83232116699219
Early stopping at epoch 88 with loss 70.8323974609375
Reconstruction for fluence = 483.2930238571752 photons/pixel
Epoch 0: loss = 2144417.0
Epoch 1: loss = 4668.39697265625
Epoch 2: loss = 1353.5653076171875
Epoch 3: loss = 568.7653198242188
Epoch 4: loss = 345.8440856933594
Epoch 5: loss = 269.95465087890625
Epoch 6: loss = 242.73809814453125
Epoch 7: loss = 227.41424560546875
Epoch 8: loss = 218.81871032714844
Epoch 9: loss = 214.0707550048828
Epoch 10: loss = 211.11412048339844
Epoch 11: loss = 209.58897399902344
Epoch 12: loss = 208.6254119873047
Epoch 13: loss = 207.82945251464844
Epoch 14: loss = 207.0916290283203
Epoch 15: loss = 206.3046417236328
Epoch 16: loss = 205.68556213378906
Epoch 17: loss = 205.29188537597656
Epoch 18: loss = 204.9748077392578
Epoch 19: loss = 204.7162322998047
Epoch 20: loss = 204.50076293945312
Epoch 21: loss = 204.3517608642578
Epoch 22: loss = 204.263916015625
Epoch 23: loss = 204.1998748779297
Epoch 24: loss = 204.1441650390625
Epoch 25: loss = 204.1021728515625
Epoch 26: loss = 204.0656280517578
Epoch 27: loss = 204.03854370117188
Epoch 28: loss = 204.01495361328125
Epoch 29: loss = 203.9969024658203
Epoch 30: loss = 203.9804229736328
Epoch 31: loss = 203.96446228027344
Epoch 32: loss = 203.95054626464844
Epoch 33: loss = 203.93545532226562
Epoch 34: loss = 203.91549682617188
Epoch 35: loss = 203.87754821777344
Epoch 36: loss = 203.75531005859375
Epoch 37: loss = 203.15066528320312
Epoch 38: loss = 200.29896545410156
Epoch 39: loss = 183.5883026123047
Epoch 40: loss = 176.51646423339844
Epoch 41: loss = 173.2865753173828
Epoch 42: loss = 171.87185668945312
Epoch 43: loss = 171.1504364013672
Epoch 44: loss = 170.67286682128906
Epoch 45: loss = 170.3925323486328
Epoch 46: loss = 170.2118682861328
Epoch 47: loss = 170.10372924804688
Epoch 48: loss = 170.019287109375
Epoch 49: loss = 169.95361328125
Epoch 50: loss = 169.90138244628906
Epoch 51: loss = 169.86952209472656
Epoch 52: loss = 169.82864379882812
Epoch 53: loss = 169.806884765625
Epoch 54: loss = 169.792236328125
Epoch 55: loss = 169.7786407470703
Epoch 56: loss = 169.76754760742188
Epoch 57: loss = 169.75875854492188
Epoch 58: loss = 169.7522735595703
Epoch 59: loss = 169.74647521972656
Epoch 60: loss = 169.74136352539062
Epoch 61: loss = 169.73681640625
Epoch 62: loss = 169.7328338623047
Epoch 63: loss = 169.7294464111328
Epoch 64: loss = 169.7262420654297
Epoch 65: loss = 169.72531127929688
Epoch 66: loss = 169.72482299804688
Epoch 67: loss = 169.72227478027344
Epoch 68: loss = 169.7213592529297
Epoch 69: loss = 169.7193603515625
Epoch 70: loss = 169.7190704345703
Epoch 71: loss = 169.7189483642578
Epoch 72: loss = 169.71742248535156
Epoch 73: loss = 169.716552734375
Epoch 74: loss = 169.71591186523438
Epoch 75: loss = 169.7156982421875
Epoch 76: loss = 169.71543884277344
Epoch 77: loss = 169.71470642089844
Epoch 78: loss = 169.7145233154297
Epoch 79: loss = 169.7139129638672
Epoch 80: loss = 169.7139129638672
Epoch 81: loss = 169.7138671875
Epoch 82: loss = 169.71372985839844
Epoch 83: loss = 169.7135772705078
Epoch 84: loss = 169.7133026123047
Epoch 85: loss = 169.71337890625
Epoch 86: loss = 169.7130584716797
Epoch 87: loss = 169.71255493164062
Epoch 88: loss = 169.71234130859375
Epoch 89: loss = 169.7118377685547
Epoch 90: loss = 169.71153259277344
Epoch 91: loss = 169.71153259277344
Epoch 92: loss = 169.7113800048828
Epoch 93: loss = 169.71099853515625
Epoch 94: loss = 169.71099853515625
Epoch 95: loss = 169.71066284179688
Epoch 96: loss = 169.7104034423828
Epoch 97: loss = 169.7102813720703
Epoch 98: loss = 169.7100372314453
Epoch 99: loss = 169.7100372314453
Epoch 100: loss = 169.7099151611328
Epoch 101: loss = 169.7100372314453
Epoch 102: loss = 169.7097930908203
Epoch 103: loss = 169.70982360839844
Epoch 104: loss = 169.7097625732422
Epoch 105: loss = 169.70968627929688
Epoch 106: loss = 169.7096710205078
Epoch 107: loss = 169.7095489501953
Epoch 108: loss = 169.70953369140625
Epoch 109: loss = 169.7093505859375
Epoch 110: loss = 169.7094268798828
Epoch 111: loss = 169.7093048095703
Epoch 112: loss = 169.7093048095703
Epoch 113: loss = 169.7093048095703
Epoch 114: loss = 169.7093048095703
Early stopping at epoch 114 with loss 169.7093505859375
Reconstruction for fluence = 1128.8378916846884 photons/pixel
Epoch 0: loss = 11704187.0
Epoch 1: loss = 24269.6328125
Epoch 2: loss = 6351.47998046875
Epoch 3: loss = 2486.51171875
Epoch 4: loss = 1273.26953125
Epoch 5: loss = 919.0430908203125
Epoch 6: loss = 776.6089477539062
Epoch 7: loss = 706.271484375
Epoch 8: loss = 659.8966064453125
Epoch 9: loss = 631.739501953125
Epoch 10: loss = 614.1337280273438
Epoch 11: loss = 603.1790161132812
Epoch 12: loss = 595.385986328125
Epoch 13: loss = 585.5686645507812
Epoch 14: loss = 573.0465087890625
Epoch 15: loss = 560.2247314453125
Epoch 16: loss = 550.8575439453125
Epoch 17: loss = 545.1678466796875
Epoch 18: loss = 539.6685791015625
Epoch 19: loss = 530.2134399414062
Epoch 20: loss = 516.6480102539062
Epoch 21: loss = 505.9118347167969
Epoch 22: loss = 482.34130859375
Epoch 23: loss = 456.8391418457031
Epoch 24: loss = 441.7755432128906
Epoch 25: loss = 434.0604553222656
Epoch 26: loss = 428.53948974609375
Epoch 27: loss = 425.30645751953125
Epoch 28: loss = 423.17144775390625
Epoch 29: loss = 421.6587219238281
Epoch 30: loss = 420.61163330078125
Epoch 31: loss = 419.7893981933594
Epoch 32: loss = 419.2483825683594
Epoch 33: loss = 418.87969970703125
Epoch 34: loss = 418.5821838378906
Epoch 35: loss = 418.3634338378906
Epoch 36: loss = 418.1949768066406
Epoch 37: loss = 418.064697265625
Epoch 38: loss = 417.9578552246094
Epoch 39: loss = 417.8330078125
Epoch 40: loss = 417.7130126953125
Epoch 41: loss = 417.6144104003906
Epoch 42: loss = 417.5523986816406
Epoch 43: loss = 417.5108947753906
Epoch 44: loss = 417.4710998535156
Epoch 45: loss = 417.4284973144531
Epoch 46: loss = 417.3931884765625
Epoch 47: loss = 417.3605651855469
Epoch 48: loss = 417.3334045410156
Epoch 49: loss = 417.30462646484375
Epoch 50: loss = 417.2733459472656
Epoch 51: loss = 417.2392883300781
Epoch 52: loss = 417.2005920410156
Epoch 53: loss = 417.16448974609375
Epoch 54: loss = 417.1291198730469
Epoch 55: loss = 417.0971374511719
Epoch 56: loss = 417.06890869140625
Epoch 57: loss = 417.04193115234375
Epoch 58: loss = 417.0161437988281
Epoch 59: loss = 416.9935302734375
Epoch 60: loss = 416.97161865234375
Epoch 61: loss = 416.94921875
Epoch 62: loss = 416.9278869628906
Epoch 63: loss = 416.90667724609375
Epoch 64: loss = 416.88641357421875
Epoch 65: loss = 416.8668518066406
Epoch 66: loss = 416.84600830078125
Epoch 67: loss = 416.8348693847656
Epoch 68: loss = 416.8141174316406
Epoch 69: loss = 416.7970275878906
Epoch 70: loss = 416.7820739746094
Epoch 71: loss = 416.76568603515625
Epoch 72: loss = 416.7505798339844
Epoch 73: loss = 416.737060546875
Epoch 74: loss = 416.7328186035156
Epoch 75: loss = 416.7206115722656
Epoch 76: loss = 416.71099853515625
Epoch 77: loss = 416.69830322265625
Epoch 78: loss = 416.6870422363281
Epoch 79: loss = 416.6744384765625
Epoch 80: loss = 416.654296875
Epoch 81: loss = 416.5867004394531
Epoch 82: loss = 416.4188537597656
Epoch 83: loss = 416.2797546386719
Epoch 84: loss = 416.18768310546875
Epoch 85: loss = 416.1177673339844
Epoch 86: loss = 416.0707092285156
Epoch 87: loss = 416.0328369140625
Epoch 88: loss = 416.0000305175781
Epoch 89: loss = 415.9732971191406
Epoch 90: loss = 415.9488830566406
Epoch 91: loss = 415.9342041015625
Epoch 92: loss = 415.9144592285156
Epoch 93: loss = 415.90191650390625
Epoch 94: loss = 415.88958740234375
Epoch 95: loss = 415.8800354003906
Epoch 96: loss = 415.8729248046875
Epoch 97: loss = 415.8663024902344
Epoch 98: loss = 415.8616638183594
Epoch 99: loss = 415.8570861816406
Epoch 100: loss = 415.8556823730469
Epoch 101: loss = 415.85406494140625
Epoch 102: loss = 415.85296630859375
Epoch 103: loss = 415.8522644042969
Epoch 104: loss = 415.8507385253906
Epoch 105: loss = 415.8489074707031
Epoch 106: loss = 415.8473205566406
Epoch 107: loss = 415.8473205566406
Epoch 108: loss = 415.8460998535156
Epoch 109: loss = 415.84515380859375
Epoch 110: loss = 415.8436584472656
Epoch 111: loss = 415.8434753417969
Epoch 112: loss = 415.8426818847656
Epoch 113: loss = 415.8424987792969
Epoch 114: loss = 415.8420104980469
Epoch 115: loss = 415.8417053222656
Epoch 116: loss = 415.8417053222656
Epoch 117: loss = 415.8410339355469
Epoch 118: loss = 415.8406677246094
Epoch 119: loss = 415.8408203125
Epoch 120: loss = 415.8402404785156
Epoch 121: loss = 415.84033203125
Epoch 122: loss = 415.8400573730469
Epoch 123: loss = 415.8402404785156
Epoch 124: loss = 415.8402404785156
Epoch 125: loss = 415.83984375
Epoch 126: loss = 415.8393249511719
Epoch 127: loss = 415.8397521972656
Epoch 128: loss = 415.8395080566406
Epoch 129: loss = 415.83941650390625
Epoch 130: loss = 415.8395080566406
Epoch 131: loss = 415.83953857421875
Early stopping at epoch 131 with loss 415.8393249511719
Reconstruction for fluence = 2636.6508987303555 photons/pixel
Epoch 0: loss = 63837172.0
Epoch 1: loss = 131141.78125
Epoch 2: loss = 34936.47265625
Epoch 3: loss = 11985.1845703125
Epoch 4: loss = 5564.34375
Epoch 5: loss = 3481.6142578125
Epoch 6: loss = 2665.27783203125
Epoch 7: loss = 2264.980712890625
Epoch 8: loss = 1991.509765625
Epoch 9: loss = 1802.5010986328125
Epoch 10: loss = 1690.7266845703125
Epoch 11: loss = 1620.878662109375
Epoch 12: loss = 1573.7457275390625
Epoch 13: loss = 1530.8084716796875
Epoch 14: loss = 1476.278076171875
Epoch 15: loss = 1420.9034423828125
Epoch 16: loss = 1386.4991455078125
Epoch 17: loss = 1357.5220947265625
Epoch 18: loss = 1291.5479736328125
Epoch 19: loss = 1175.5721435546875
Epoch 20: loss = 1079.119873046875
Epoch 21: loss = 1018.5235595703125
Epoch 22: loss = 987.7630004882812
Epoch 23: loss = 964.302978515625
Epoch 24: loss = 946.533447265625
Epoch 25: loss = 935.5717163085938
Epoch 26: loss = 928.3950805664062
Epoch 27: loss = 924.6414184570312
Epoch 28: loss = 921.7592163085938
Epoch 29: loss = 919.3500366210938
Epoch 30: loss = 917.2241821289062
Epoch 31: loss = 915.6416015625
Epoch 32: loss = 914.6396484375
Epoch 33: loss = 913.8907470703125
Epoch 34: loss = 913.279296875
Epoch 35: loss = 912.7958984375
Epoch 36: loss = 912.4166870117188
Epoch 37: loss = 912.1160278320312
Epoch 38: loss = 911.9008178710938
Epoch 39: loss = 911.7352294921875
Epoch 40: loss = 911.592041015625
Epoch 41: loss = 911.468994140625
Epoch 42: loss = 911.3797607421875
Epoch 43: loss = 911.316650390625
Epoch 44: loss = 911.2610473632812
Epoch 45: loss = 911.2120361328125
Epoch 46: loss = 911.166259765625
Epoch 47: loss = 911.1580810546875
Epoch 48: loss = 911.1328125
Epoch 49: loss = 911.1140747070312
Epoch 50: loss = 911.087890625
Epoch 51: loss = 911.0657348632812
Epoch 52: loss = 911.0514526367188
Epoch 53: loss = 911.0322265625
Epoch 54: loss = 911.0159301757812
Epoch 55: loss = 911.0045776367188
Epoch 56: loss = 910.9910888671875
Epoch 57: loss = 910.9910888671875
Epoch 58: loss = 910.9895629882812
Epoch 59: loss = 910.9803466796875
Epoch 60: loss = 910.9718017578125
Epoch 61: loss = 910.9694213867188
Epoch 62: loss = 910.966796875
Epoch 63: loss = 910.9608154296875
Epoch 64: loss = 910.9534301757812
Epoch 65: loss = 910.951171875
Epoch 66: loss = 910.9451904296875
Epoch 67: loss = 910.94140625
Epoch 68: loss = 910.939697265625
Epoch 69: loss = 910.9342651367188
Epoch 70: loss = 910.9324951171875
Epoch 71: loss = 910.9295043945312
Epoch 72: loss = 910.9254760742188
Epoch 73: loss = 910.923828125
Epoch 74: loss = 910.921875
Epoch 75: loss = 910.9200439453125
Epoch 76: loss = 910.916259765625
Epoch 77: loss = 910.9163208007812
Epoch 78: loss = 910.912109375
Epoch 79: loss = 910.9119262695312
Epoch 80: loss = 910.9119262695312
Epoch 81: loss = 910.9102783203125
Epoch 82: loss = 910.9114379882812
Epoch 83: loss = 910.9099731445312
Epoch 84: loss = 910.9080200195312
Epoch 85: loss = 910.9073486328125
Epoch 86: loss = 910.9066772460938
Epoch 87: loss = 910.9075317382812
Epoch 88: loss = 910.90625
Epoch 89: loss = 910.9055786132812
Epoch 90: loss = 910.9044189453125
Epoch 91: loss = 910.9038696289062
Epoch 92: loss = 910.9020385742188
Epoch 93: loss = 910.9021606445312
Epoch 94: loss = 910.8998413085938
Epoch 95: loss = 910.900390625
Epoch 96: loss = 910.8999633789062
Epoch 97: loss = 910.8988647460938
Epoch 98: loss = 910.8977661132812
Epoch 99: loss = 910.8973388671875
Epoch 100: loss = 910.8960571289062
Epoch 101: loss = 910.8960571289062
Epoch 102: loss = 910.895751953125
Epoch 103: loss = 910.895751953125
Epoch 104: loss = 910.89453125
Epoch 105: loss = 910.8946533203125
Epoch 106: loss = 910.8942260742188
Epoch 107: loss = 910.892822265625
Epoch 108: loss = 910.8920288085938
Epoch 109: loss = 910.8914794921875
Epoch 110: loss = 910.8921508789062
Epoch 111: loss = 910.890869140625
Epoch 112: loss = 910.8912963867188
Epoch 113: loss = 910.8897705078125
Epoch 114: loss = 910.890869140625
Epoch 115: loss = 910.8904418945312
Epoch 116: loss = 910.890625
Epoch 117: loss = 910.8897705078125
Epoch 118: loss = 910.8890991210938
Epoch 119: loss = 910.8890991210938
Epoch 120: loss = 910.8890991210938
Epoch 121: loss = 910.8893432617188
Epoch 122: loss = 910.8890991210938
Epoch 123: loss = 910.8884887695312
Epoch 124: loss = 910.8861694335938
Epoch 125: loss = 910.8880004882812
Epoch 126: loss = 910.888671875
Epoch 127: loss = 910.8875732421875
Epoch 128: loss = 910.8860473632812
Epoch 129: loss = 910.8873901367188
Early stopping at epoch 129 with loss 910.8861694335938
Reconstruction for fluence = 6158.482110660255 photons/pixel
Epoch 0: loss = 348194304.0
Epoch 1: loss = 718852.4375
Epoch 2: loss = 195090.171875
Epoch 3: loss = 69124.3984375
Epoch 4: loss = 30094.896484375
Epoch 5: loss = 17388.6484375
Epoch 6: loss = 13241.875
Epoch 7: loss = 11290.8408203125
Epoch 8: loss = 9952.4599609375
Epoch 9: loss = 8697.8603515625
Epoch 10: loss = 7247.9453125
Epoch 11: loss = 6240.2412109375
Epoch 12: loss = 5673.85791015625
Epoch 13: loss = 4744.41650390625
Epoch 14: loss = 3379.21142578125
Epoch 15: loss = 2771.243896484375
Epoch 16: loss = 2540.034423828125
Epoch 17: loss = 2423.913330078125
Epoch 18: loss = 2356.69580078125
Epoch 19: loss = 2305.89111328125
Epoch 20: loss = 2267.221435546875
Epoch 21: loss = 2240.680419921875
Epoch 22: loss = 2225.9658203125
Epoch 23: loss = 2211.42236328125
Epoch 24: loss = 2200.283203125
Epoch 25: loss = 2191.209228515625
Epoch 26: loss = 2182.64453125
Epoch 27: loss = 2176.074951171875
Epoch 28: loss = 2169.97802734375
Epoch 29: loss = 2163.747802734375
Epoch 30: loss = 2156.74169921875
Epoch 31: loss = 2150.789306640625
Epoch 32: loss = 2146.909423828125
Epoch 33: loss = 2144.15576171875
Epoch 34: loss = 2141.566162109375
Epoch 35: loss = 2139.11376953125
Epoch 36: loss = 2137.241455078125
Epoch 37: loss = 2135.940673828125
Epoch 38: loss = 2134.960205078125
Epoch 39: loss = 2134.2275390625
Epoch 40: loss = 2133.5625
Epoch 41: loss = 2132.950439453125
Epoch 42: loss = 2132.484375
Epoch 43: loss = 2132.080810546875
Epoch 44: loss = 2131.725830078125
Epoch 45: loss = 2131.41796875
Epoch 46: loss = 2131.117919921875
Epoch 47: loss = 2130.864990234375
Epoch 48: loss = 2130.647216796875
Epoch 49: loss = 2130.468017578125
Epoch 50: loss = 2130.288818359375
Epoch 51: loss = 2130.118408203125
Epoch 52: loss = 2129.977294921875
Epoch 53: loss = 2129.85791015625
Epoch 54: loss = 2129.739501953125
Epoch 55: loss = 2129.615478515625
Epoch 56: loss = 2129.51025390625
Epoch 57: loss = 2129.39111328125
Epoch 58: loss = 2129.296630859375
Epoch 59: loss = 2129.1884765625
Epoch 60: loss = 2129.08056640625
Epoch 61: loss = 2128.965087890625
Epoch 62: loss = 2128.8642578125
Epoch 63: loss = 2128.75390625
Epoch 64: loss = 2128.642578125
Epoch 65: loss = 2128.525146484375
Epoch 66: loss = 2128.487548828125
Epoch 67: loss = 2128.471435546875
Epoch 68: loss = 2128.360595703125
Epoch 69: loss = 2128.1982421875
Epoch 70: loss = 2128.009033203125
Epoch 71: loss = 2127.764404296875
Epoch 72: loss = 2127.454345703125
Epoch 73: loss = 2127.038330078125
Epoch 74: loss = 2126.546875
Epoch 75: loss = 2125.997802734375
Epoch 76: loss = 2125.378173828125
Epoch 77: loss = 2124.67529296875
Epoch 78: loss = 2123.80224609375
Epoch 79: loss = 2123.07861328125
Epoch 80: loss = 2122.23095703125
Epoch 81: loss = 2121.525146484375
Epoch 82: loss = 2120.991455078125
Epoch 83: loss = 2120.397705078125
Epoch 84: loss = 2119.816650390625
Epoch 85: loss = 2119.2158203125
Epoch 86: loss = 2118.593994140625
Epoch 87: loss = 2117.974853515625
Epoch 88: loss = 2117.30908203125
Epoch 89: loss = 2116.62353515625
Epoch 90: loss = 2115.944580078125
Epoch 91: loss = 2115.212158203125
Epoch 92: loss = 2114.51025390625
Epoch 93: loss = 2113.87109375
Epoch 94: loss = 2113.190185546875
Epoch 95: loss = 2112.61279296875
Epoch 96: loss = 2112.145751953125
Epoch 97: loss = 2111.710205078125
Epoch 98: loss = 2111.37060546875
Epoch 99: loss = 2110.999755859375
Epoch 100: loss = 2110.6845703125
Epoch 101: loss = 2110.444580078125
Epoch 102: loss = 2110.190673828125
Epoch 103: loss = 2109.97705078125
Epoch 104: loss = 2109.8115234375
Epoch 105: loss = 2109.640869140625
Epoch 106: loss = 2109.490478515625
Epoch 107: loss = 2109.372314453125
Epoch 108: loss = 2109.3671875
Epoch 109: loss = 2109.264404296875
Epoch 110: loss = 2109.1650390625
Epoch 111: loss = 2109.081298828125
Epoch 112: loss = 2109.0126953125
Epoch 113: loss = 2108.9453125
Epoch 114: loss = 2108.911865234375
Epoch 115: loss = 2108.854736328125
Epoch 116: loss = 2108.807373046875
Epoch 117: loss = 2108.770751953125
Epoch 118: loss = 2108.731689453125
Epoch 119: loss = 2108.697509765625
Epoch 120: loss = 2108.678466796875
Epoch 121: loss = 2108.67138671875
Epoch 122: loss = 2108.642822265625
Epoch 123: loss = 2108.634521484375
Epoch 124: loss = 2108.6103515625
Epoch 125: loss = 2108.596923828125
Epoch 126: loss = 2108.57763671875
Epoch 127: loss = 2108.552490234375
Epoch 128: loss = 2108.534423828125
Epoch 129: loss = 2108.52001953125
Epoch 130: loss = 2108.5078125
Epoch 131: loss = 2108.506591796875
Epoch 132: loss = 2108.494140625
Epoch 133: loss = 2108.483154296875
Epoch 134: loss = 2108.464599609375
Epoch 135: loss = 2108.456298828125
Epoch 136: loss = 2108.44775390625
Epoch 137: loss = 2108.440185546875
Epoch 138: loss = 2108.440185546875
Epoch 139: loss = 2108.428955078125
Epoch 140: loss = 2108.420654296875
Epoch 141: loss = 2108.415771484375
Epoch 142: loss = 2108.40625
Epoch 143: loss = 2108.3974609375
Epoch 144: loss = 2108.39306640625
Epoch 145: loss = 2108.39501953125
Epoch 146: loss = 2108.389892578125
Epoch 147: loss = 2108.388916015625
Epoch 148: loss = 2108.384521484375
Epoch 149: loss = 2108.374267578125
Epoch 150: loss = 2108.37109375
Epoch 151: loss = 2108.37060546875
Epoch 152: loss = 2108.365478515625
Epoch 153: loss = 2108.361572265625
Epoch 154: loss = 2108.36376953125
Epoch 155: loss = 2108.353271484375
Epoch 156: loss = 2108.358154296875
Epoch 157: loss = 2108.354736328125
Epoch 158: loss = 2108.3486328125
Epoch 159: loss = 2108.348876953125
Epoch 160: loss = 2108.350830078125
Epoch 161: loss = 2108.34375
Epoch 162: loss = 2108.345458984375
Epoch 163: loss = 2108.335205078125
Epoch 164: loss = 2108.32958984375
Epoch 165: loss = 2108.3349609375
Epoch 166: loss = 2108.331298828125
Epoch 167: loss = 2108.32861328125
Epoch 168: loss = 2108.3291015625
Epoch 169: loss = 2108.3173828125
Epoch 170: loss = 2108.31640625
Epoch 171: loss = 2108.305908203125
Epoch 172: loss = 2108.294189453125
Epoch 173: loss = 2108.253173828125
Epoch 174: loss = 2108.172119140625
Epoch 175: loss = 2108.038818359375
Epoch 176: loss = 2107.908447265625
Epoch 177: loss = 2107.772705078125
Epoch 178: loss = 2107.681884765625
Epoch 179: loss = 2107.60693359375
Epoch 180: loss = 2107.541748046875
Epoch 181: loss = 2107.48779296875
Epoch 182: loss = 2107.462646484375
Epoch 183: loss = 2107.43701171875
Epoch 184: loss = 2107.435546875
Epoch 185: loss = 2107.404052734375
Epoch 186: loss = 2107.37109375
Epoch 187: loss = 2107.343017578125
Epoch 188: loss = 2107.3232421875
Epoch 189: loss = 2107.30712890625
Epoch 190: loss = 2107.28662109375
Epoch 191: loss = 2107.2705078125
Epoch 192: loss = 2107.25830078125
Epoch 193: loss = 2107.24658203125
Epoch 194: loss = 2107.227783203125
Epoch 195: loss = 2107.228271484375
Epoch 196: loss = 2107.2216796875
Epoch 197: loss = 2107.218017578125
Epoch 198: loss = 2107.210205078125
Epoch 199: loss = 2107.1962890625
Epoch 200: loss = 2107.19580078125
Epoch 201: loss = 2107.188720703125
Epoch 202: loss = 2107.185791015625
Epoch 203: loss = 2107.184814453125
Epoch 204: loss = 2107.1845703125
Epoch 205: loss = 2107.1806640625
Epoch 206: loss = 2107.1796875
Epoch 207: loss = 2107.18115234375
Epoch 208: loss = 2107.177001953125
Epoch 209: loss = 2107.174560546875
Epoch 210: loss = 2107.178466796875
Epoch 211: loss = 2107.173583984375
Epoch 212: loss = 2107.16748046875
Epoch 213: loss = 2107.1630859375
Epoch 214: loss = 2107.16162109375
Epoch 215: loss = 2107.162841796875
Epoch 216: loss = 2107.161376953125
Epoch 217: loss = 2107.161376953125
Epoch 218: loss = 2107.1591796875
Epoch 219: loss = 2107.157470703125
Epoch 220: loss = 2107.157470703125
Epoch 221: loss = 2107.1591796875
Epoch 222: loss = 2107.1591796875
Epoch 223: loss = 2107.155029296875
Epoch 224: loss = 2107.15625
Epoch 225: loss = 2107.1484375
Epoch 226: loss = 2107.150146484375
Epoch 227: loss = 2107.152099609375
Epoch 228: loss = 2107.14794921875
Epoch 229: loss = 2107.1494140625
Epoch 230: loss = 2107.15087890625
Epoch 231: loss = 2107.149658203125
Epoch 232: loss = 2107.14501953125
Epoch 233: loss = 2107.1494140625
Epoch 234: loss = 2107.148681640625
Epoch 235: loss = 2107.14990234375
Epoch 236: loss = 2107.14404296875
Epoch 237: loss = 2107.143798828125
Epoch 238: loss = 2107.14501953125
Epoch 239: loss = 2107.143310546875
Epoch 240: loss = 2107.143798828125
Epoch 241: loss = 2107.142333984375
Epoch 242: loss = 2107.145751953125
Epoch 243: loss = 2107.145751953125
Epoch 244: loss = 2107.144287109375
Epoch 245: loss = 2107.14111328125
Epoch 246: loss = 2107.141357421875
Epoch 247: loss = 2107.136962890625
Epoch 248: loss = 2107.14501953125
Epoch 249: loss = 2107.14453125
Epoch 250: loss = 2107.141845703125
Epoch 251: loss = 2107.140380859375
Epoch 252: loss = 2107.140625
Early stopping at epoch 252 with loss 2107.136962890625
Reconstruction for fluence = 14384.498882876629 photons/pixel
Epoch 0: loss = 1899461632.0
Epoch 1: loss = 3868090.75
Epoch 2: loss = 1026844.0
Epoch 3: loss = 362587.09375
Epoch 4: loss = 154601.796875
Epoch 5: loss = 83900.3984375
Epoch 6: loss = 59715.765625
Epoch 7: loss = 48313.58984375
Epoch 8: loss = 41125.44140625
Epoch 9: loss = 37017.11328125
Epoch 10: loss = 33885.8203125
Epoch 11: loss = 31181.208984375
Epoch 12: loss = 28833.697265625
Epoch 13: loss = 25794.078125
Epoch 14: loss = 17583.935546875
Epoch 15: loss = 10052.859375
Epoch 16: loss = 7964.15283203125
Epoch 17: loss = 6918.30126953125
Epoch 18: loss = 6447.26806640625
Epoch 19: loss = 6093.02978515625
Epoch 20: loss = 5856.43212890625
Epoch 21: loss = 5687.54736328125
Epoch 22: loss = 5579.9775390625
Epoch 23: loss = 5493.27978515625
Epoch 24: loss = 5407.56884765625
Epoch 25: loss = 5336.74853515625
Epoch 26: loss = 5283.9794921875
Epoch 27: loss = 5252.94384765625
Epoch 28: loss = 5228.12109375
Epoch 29: loss = 5204.73876953125
Epoch 30: loss = 5182.81494140625
Epoch 31: loss = 5163.72900390625
Epoch 32: loss = 5150.4072265625
Epoch 33: loss = 5138.76025390625
Epoch 34: loss = 5127.79248046875
Epoch 35: loss = 5116.53369140625
Epoch 36: loss = 5105.15185546875
Epoch 37: loss = 5096.53662109375
Epoch 38: loss = 5085.2138671875
Epoch 39: loss = 5076.28515625
Epoch 40: loss = 5067.60498046875
Epoch 41: loss = 5058.02099609375
Epoch 42: loss = 5049.7353515625
Epoch 43: loss = 5042.75341796875
Epoch 44: loss = 5036.6728515625
Epoch 45: loss = 5032.1396484375
Epoch 46: loss = 5028.3427734375
Epoch 47: loss = 5025.19384765625
Epoch 48: loss = 5021.86474609375
Epoch 49: loss = 5018.9521484375
Epoch 50: loss = 5016.06494140625
Epoch 51: loss = 5014.001953125
Epoch 52: loss = 5012.26025390625
Epoch 53: loss = 5011.09912109375
Epoch 54: loss = 5009.99951171875
Epoch 55: loss = 5008.9580078125
Epoch 56: loss = 5007.91650390625
Epoch 57: loss = 5006.88525390625
Epoch 58: loss = 5005.96826171875
Epoch 59: loss = 5004.9326171875
Epoch 60: loss = 5003.900390625
Epoch 61: loss = 5002.736328125
Epoch 62: loss = 5001.470703125
Epoch 63: loss = 5000.26025390625
Epoch 64: loss = 4999.22412109375
Epoch 65: loss = 4997.69384765625
Epoch 66: loss = 4996.18603515625
Epoch 67: loss = 4994.2490234375
Epoch 68: loss = 4992.2509765625
Epoch 69: loss = 4989.76171875
Epoch 70: loss = 4986.91748046875
Epoch 71: loss = 4983.8486328125
Epoch 72: loss = 4980.328125
Epoch 73: loss = 4976.67626953125
Epoch 74: loss = 4973.05078125
Epoch 75: loss = 4968.9052734375
Epoch 76: loss = 4965.1533203125
Epoch 77: loss = 4961.2646484375
Epoch 78: loss = 4957.5849609375
Epoch 79: loss = 4954.06494140625
Epoch 80: loss = 4950.30712890625
Epoch 81: loss = 4946.83642578125
Epoch 82: loss = 4943.08935546875
Epoch 83: loss = 4939.7041015625
Epoch 84: loss = 4936.6767578125
Epoch 85: loss = 4933.5146484375
Epoch 86: loss = 4930.587890625
Epoch 87: loss = 4927.712890625
Epoch 88: loss = 4924.86669921875
Epoch 89: loss = 4922.259765625
Epoch 90: loss = 4919.619140625
Epoch 91: loss = 4917.23779296875
Epoch 92: loss = 4914.296875
Epoch 93: loss = 4911.658203125
Epoch 94: loss = 4909.38671875
Epoch 95: loss = 4906.962890625
Epoch 96: loss = 4904.77587890625
Epoch 97: loss = 4902.5673828125
Epoch 98: loss = 4900.3701171875
Epoch 99: loss = 4898.29150390625
Epoch 100: loss = 4896.44287109375
Epoch 101: loss = 4894.65478515625
Epoch 102: loss = 4892.80517578125
Epoch 103: loss = 4891.02783203125
Epoch 104: loss = 4889.55126953125
Epoch 105: loss = 4888.16943359375
Epoch 106: loss = 4886.7734375
Epoch 107: loss = 4885.2099609375
Epoch 108: loss = 4883.763671875
Epoch 109: loss = 4882.31103515625
Epoch 110: loss = 4881.01416015625
Epoch 111: loss = 4879.77783203125
Epoch 112: loss = 4878.44189453125
Epoch 113: loss = 4876.97509765625
Epoch 114: loss = 4874.9443359375
Epoch 115: loss = 4872.15380859375
Epoch 116: loss = 4868.79443359375
Epoch 117: loss = 4865.931640625
Epoch 118: loss = 4864.27587890625
Epoch 119: loss = 4863.03564453125
Epoch 120: loss = 4862.10791015625
Epoch 121: loss = 4861.265625
Epoch 122: loss = 4860.33056640625
Epoch 123: loss = 4859.24365234375
Epoch 124: loss = 4858.0966796875
Epoch 125: loss = 4857.0751953125
Epoch 126: loss = 4856.26025390625
Epoch 127: loss = 4855.5439453125
Epoch 128: loss = 4854.92431640625
Epoch 129: loss = 4854.40478515625
Epoch 130: loss = 4853.92236328125
Epoch 131: loss = 4853.4765625
Epoch 132: loss = 4853.00390625
Epoch 133: loss = 4852.607421875
Epoch 134: loss = 4852.27685546875
Epoch 135: loss = 4851.9228515625
Epoch 136: loss = 4851.6943359375
Epoch 137: loss = 4851.48974609375
Epoch 138: loss = 4851.259765625
Epoch 139: loss = 4851.04150390625
Epoch 140: loss = 4850.83837890625
Epoch 141: loss = 4850.68212890625
Epoch 142: loss = 4850.5244140625
Epoch 143: loss = 4850.50244140625
Epoch 144: loss = 4850.3427734375
Epoch 145: loss = 4850.16943359375
Epoch 146: loss = 4850.05712890625
Epoch 147: loss = 4849.91455078125
Epoch 148: loss = 4849.771484375
Epoch 149: loss = 4849.63916015625
Epoch 150: loss = 4849.53466796875
Epoch 151: loss = 4849.44189453125
Epoch 152: loss = 4849.35498046875
Epoch 153: loss = 4849.24658203125
Epoch 154: loss = 4849.18017578125
Epoch 155: loss = 4849.09033203125
Epoch 156: loss = 4849.017578125
Epoch 157: loss = 4848.97509765625
Epoch 158: loss = 4848.890625
Epoch 159: loss = 4848.8408203125
Epoch 160: loss = 4848.806640625
Epoch 161: loss = 4848.77490234375
Epoch 162: loss = 4848.7392578125
Epoch 163: loss = 4848.72119140625
Epoch 164: loss = 4848.669921875
Epoch 165: loss = 4848.64599609375
Epoch 166: loss = 4848.59033203125
Epoch 167: loss = 4848.578125
Epoch 168: loss = 4848.55859375
Epoch 169: loss = 4848.54541015625
Epoch 170: loss = 4848.54931640625
Epoch 171: loss = 4848.50439453125
Epoch 172: loss = 4848.50634765625
Epoch 173: loss = 4848.50634765625
Epoch 174: loss = 4848.48095703125
Epoch 175: loss = 4848.4765625
Epoch 176: loss = 4848.4609375
Epoch 177: loss = 4848.44482421875
Epoch 178: loss = 4848.4501953125
Epoch 179: loss = 4848.4365234375
Epoch 180: loss = 4848.4365234375
Epoch 181: loss = 4848.431640625
Epoch 182: loss = 4848.43896484375
Epoch 183: loss = 4848.41552734375
Epoch 184: loss = 4848.4228515625
Epoch 185: loss = 4848.4169921875
Epoch 186: loss = 4848.43017578125
Epoch 187: loss = 4848.40478515625
Epoch 188: loss = 4848.40869140625
Epoch 189: loss = 4848.41845703125
Epoch 190: loss = 4848.40869140625
Epoch 191: loss = 4848.39697265625
Epoch 192: loss = 4848.3818359375
Epoch 193: loss = 4848.39697265625
Epoch 194: loss = 4848.39404296875
Epoch 195: loss = 4848.3955078125
Epoch 196: loss = 4848.40380859375
Epoch 197: loss = 4848.39013671875
Early stopping at epoch 197 with loss 4848.3818359375
Reconstruction for fluence = 33598.18286283781 photons/pixel
Epoch 0: loss = 10363867136.0
Epoch 1: loss = 21472370.0
Epoch 2: loss = 5290801.5
Epoch 3: loss = 1848494.0
Epoch 4: loss = 811105.0
Epoch 5: loss = 459314.40625
Epoch 6: loss = 339229.59375
Epoch 7: loss = 277719.28125
Epoch 8: loss = 227376.484375
Epoch 9: loss = 181675.28125
Epoch 10: loss = 151422.890625
Epoch 11: loss = 134199.390625
Epoch 12: loss = 121694.5859375
Epoch 13: loss = 111026.140625
Epoch 14: loss = 96330.265625
Epoch 15: loss = 61508.01953125
Epoch 16: loss = 36686.09765625
Epoch 17: loss = 26694.775390625
Epoch 18: loss = 22095.396484375
Epoch 19: loss = 19552.09765625
Epoch 20: loss = 17871.0
Epoch 21: loss = 16830.31640625
Epoch 22: loss = 16104.375
Epoch 23: loss = 15529.25390625
Epoch 24: loss = 15055.66015625
Epoch 25: loss = 14693.3662109375
Epoch 26: loss = 14404.4736328125
Epoch 27: loss = 14232.5126953125
Epoch 28: loss = 14048.0869140625
Epoch 29: loss = 13890.5625
Epoch 30: loss = 13760.5810546875
Epoch 31: loss = 13647.236328125
Epoch 32: loss = 13552.103515625
Epoch 33: loss = 13458.2548828125
Epoch 34: loss = 13341.4150390625
Epoch 35: loss = 13215.326171875
Epoch 36: loss = 13104.4814453125
Epoch 37: loss = 13031.9384765625
Epoch 38: loss = 12983.40625
Epoch 39: loss = 12947.3505859375
Epoch 40: loss = 12917.3759765625
Epoch 41: loss = 12894.5205078125
Epoch 42: loss = 12875.7255859375
Epoch 43: loss = 12862.216796875
Epoch 44: loss = 12848.4033203125
Epoch 45: loss = 12836.3251953125
Epoch 46: loss = 12825.533203125
Epoch 47: loss = 12815.2158203125
Epoch 48: loss = 12806.6162109375
Epoch 49: loss = 12798.544921875
Epoch 50: loss = 12790.330078125
Epoch 51: loss = 12781.5693359375
Epoch 52: loss = 12773.0107421875
Epoch 53: loss = 12765.3798828125
Epoch 54: loss = 12757.8251953125
Epoch 55: loss = 12748.6728515625
Epoch 56: loss = 12739.8212890625
Epoch 57: loss = 12730.9736328125
Epoch 58: loss = 12722.611328125
Epoch 59: loss = 12713.80078125
Epoch 60: loss = 12702.7939453125
Epoch 61: loss = 12692.09765625
Epoch 62: loss = 12680.7509765625
Epoch 63: loss = 12670.484375
Epoch 64: loss = 12659.3720703125
Epoch 65: loss = 12647.1630859375
Epoch 66: loss = 12635.509765625
Epoch 67: loss = 12622.7236328125
Epoch 68: loss = 12611.62890625
Epoch 69: loss = 12599.8408203125
Epoch 70: loss = 12589.26953125
Epoch 71: loss = 12578.47265625
Epoch 72: loss = 12567.029296875
Epoch 73: loss = 12555.611328125
Epoch 74: loss = 12544.6396484375
Epoch 75: loss = 12533.8017578125
Epoch 76: loss = 12522.03125
Epoch 77: loss = 12510.8525390625
Epoch 78: loss = 12498.6689453125
Epoch 79: loss = 12486.3720703125
Epoch 80: loss = 12473.9345703125
Epoch 81: loss = 12460.55859375
Epoch 82: loss = 12445.7119140625
Epoch 83: loss = 12429.857421875
Epoch 84: loss = 12414.501953125
Epoch 85: loss = 12396.5791015625
Epoch 86: loss = 12378.7705078125
Epoch 87: loss = 12361.1875
Epoch 88: loss = 12343.513671875
Epoch 89: loss = 12328.7158203125
Epoch 90: loss = 12311.11328125
Epoch 91: loss = 12293.970703125
Epoch 92: loss = 12276.2705078125
Epoch 93: loss = 12258.21484375
Epoch 94: loss = 12242.310546875
Epoch 95: loss = 12226.0595703125
Epoch 96: loss = 12208.6533203125
Epoch 97: loss = 12190.7939453125
Epoch 98: loss = 12173.1630859375
Epoch 99: loss = 12156.5576171875
Epoch 100: loss = 12139.4501953125
Epoch 101: loss = 12123.1533203125
Epoch 102: loss = 12107.5478515625
Epoch 103: loss = 12091.669921875
Epoch 104: loss = 12079.439453125
Epoch 105: loss = 12067.927734375
Epoch 106: loss = 12058.5380859375
Epoch 107: loss = 12049.86328125
Epoch 108: loss = 12040.9033203125
Epoch 109: loss = 12033.259765625
Epoch 110: loss = 12026.1611328125
Epoch 111: loss = 12019.1064453125
Epoch 112: loss = 12011.5107421875
Epoch 113: loss = 12003.4150390625
Epoch 114: loss = 11995.9130859375
Epoch 115: loss = 11990.451171875
Epoch 116: loss = 11986.1142578125
Epoch 117: loss = 11982.0419921875
Epoch 118: loss = 11978.8525390625
Epoch 119: loss = 11976.046875
Epoch 120: loss = 11974.1357421875
Epoch 121: loss = 11972.390625
Epoch 122: loss = 11971.171875
Epoch 123: loss = 11970.0625
Epoch 124: loss = 11969.107421875
Epoch 125: loss = 11968.2587890625
Epoch 126: loss = 11967.578125
Epoch 127: loss = 11966.927734375
Epoch 128: loss = 11966.37109375
Epoch 129: loss = 11965.8984375
Epoch 130: loss = 11965.490234375
Epoch 131: loss = 11965.0830078125
Epoch 132: loss = 11965.0234375
Epoch 133: loss = 11964.6767578125
Epoch 134: loss = 11964.4462890625
Epoch 135: loss = 11964.265625
Epoch 136: loss = 11964.154296875
Epoch 137: loss = 11963.9375
Epoch 138: loss = 11963.75390625
Epoch 139: loss = 11963.7138671875
Epoch 140: loss = 11963.5439453125
Epoch 141: loss = 11963.4931640625
Epoch 142: loss = 11963.39453125
Epoch 143: loss = 11963.2548828125
Epoch 144: loss = 11963.17578125
Epoch 145: loss = 11963.142578125
Epoch 146: loss = 11962.9560546875
Epoch 147: loss = 11962.919921875
Epoch 148: loss = 11962.8251953125
Epoch 149: loss = 11962.794921875
Epoch 150: loss = 11962.6845703125
Epoch 151: loss = 11962.6357421875
Epoch 152: loss = 11962.5244140625
Epoch 153: loss = 11962.4111328125
Epoch 154: loss = 11962.353515625
Epoch 155: loss = 11962.244140625
Epoch 156: loss = 11962.1015625
Epoch 157: loss = 11962.03125
Epoch 158: loss = 11961.94140625
Epoch 159: loss = 11961.7880859375
Epoch 160: loss = 11961.5263671875
Epoch 161: loss = 11961.345703125
Epoch 162: loss = 11961.0224609375
Epoch 163: loss = 11960.662109375
Epoch 164: loss = 11960.3818359375
Epoch 165: loss = 11959.892578125
Epoch 166: loss = 11959.60546875
Epoch 167: loss = 11959.2724609375
Epoch 168: loss = 11958.8056640625
Epoch 169: loss = 11958.4580078125
Epoch 170: loss = 11957.97265625
Epoch 171: loss = 11957.9482421875
Epoch 172: loss = 11957.4560546875
Epoch 173: loss = 11957.0849609375
Epoch 174: loss = 11956.8310546875
Epoch 175: loss = 11956.4326171875
Epoch 176: loss = 11956.1591796875
Epoch 177: loss = 11955.9150390625
Epoch 178: loss = 11955.716796875
Epoch 179: loss = 11955.3955078125
Epoch 180: loss = 11955.2548828125
Epoch 181: loss = 11955.00390625
Epoch 182: loss = 11954.931640625
Epoch 183: loss = 11954.783203125
Epoch 184: loss = 11954.6396484375
Epoch 185: loss = 11954.583984375
Epoch 186: loss = 11954.5244140625
Epoch 187: loss = 11954.423828125
Epoch 188: loss = 11954.294921875
Epoch 189: loss = 11954.2265625
Epoch 190: loss = 11954.1611328125
Epoch 191: loss = 11954.1240234375
Epoch 192: loss = 11954.0009765625
Epoch 193: loss = 11954.103515625
Epoch 194: loss = 11954.0390625
Epoch 195: loss = 11953.8994140625
Epoch 196: loss = 11953.9287109375
Epoch 197: loss = 11953.9267578125
Epoch 198: loss = 11953.876953125
Epoch 199: loss = 11953.8798828125
Epoch 200: loss = 11953.8544921875
Epoch 201: loss = 11953.8916015625
Epoch 202: loss = 11953.78125
Epoch 203: loss = 11953.79296875
Epoch 204: loss = 11953.79296875
Epoch 205: loss = 11953.736328125
Epoch 206: loss = 11953.755859375
Epoch 207: loss = 11953.751953125
Epoch 208: loss = 11953.77734375
Epoch 209: loss = 11953.69140625
Epoch 210: loss = 11953.697265625
Epoch 211: loss = 11953.748046875
Epoch 212: loss = 11953.80078125
Epoch 213: loss = 11953.7275390625
Epoch 214: loss = 11953.794921875
Early stopping at epoch 214 with loss 11953.69140625
Reconstruction for fluence = 78475.99703514607 photons/pixel
Epoch 0: loss = 56537403392.0
Epoch 1: loss = 116797656.0
Epoch 2: loss = 30559140.0
Epoch 3: loss = 10444617.0
Epoch 4: loss = 4537851.5
Epoch 5: loss = 2371765.25
Epoch 6: loss = 1649959.75
Epoch 7: loss = 1339513.125
Epoch 8: loss = 1114224.75
Epoch 9: loss = 995829.6875
Epoch 10: loss = 910976.125
Epoch 11: loss = 820849.6875
Epoch 12: loss = 690474.0
Epoch 13: loss = 591171.25
Epoch 14: loss = 478635.0
Epoch 15: loss = 250082.0625
Epoch 16: loss = 139627.390625
Epoch 17: loss = 100934.96875
Epoch 18: loss = 80798.46875
Epoch 19: loss = 69150.484375
Epoch 20: loss = 61381.89453125
Epoch 21: loss = 56072.95703125
Epoch 22: loss = 52895.9921875
Epoch 23: loss = 49842.4921875
Epoch 24: loss = 47481.421875
Epoch 25: loss = 45480.625
Epoch 26: loss = 43913.6796875
Epoch 27: loss = 42836.2421875
Epoch 28: loss = 41864.609375
Epoch 29: loss = 41075.46484375
Epoch 30: loss = 40456.03515625
Epoch 31: loss = 39913.20703125
Epoch 32: loss = 39527.4609375
Epoch 33: loss = 39211.03515625
Epoch 34: loss = 38912.984375
Epoch 35: loss = 38635.58984375
Epoch 36: loss = 38399.8671875
Epoch 37: loss = 38200.9375
Epoch 38: loss = 38034.83984375
Epoch 39: loss = 37871.3125
Epoch 40: loss = 37727.0859375
Epoch 41: loss = 37526.39453125
Epoch 42: loss = 37274.47265625
Epoch 43: loss = 36848.921875
Epoch 44: loss = 36196.1796875
Epoch 45: loss = 35739.765625
Epoch 46: loss = 35384.2265625
Epoch 47: loss = 35131.7578125
Epoch 48: loss = 34945.92578125
Epoch 49: loss = 34742.8046875
Epoch 50: loss = 34574.32421875
Epoch 51: loss = 34407.875
Epoch 52: loss = 34296.73828125
Epoch 53: loss = 34211.67578125
Epoch 54: loss = 34145.60546875
Epoch 55: loss = 34091.46484375
Epoch 56: loss = 34047.8203125
Epoch 57: loss = 34012.390625
Epoch 58: loss = 33983.4296875
Epoch 59: loss = 33957.25
Epoch 60: loss = 33934.54296875
Epoch 61: loss = 33912.453125
Epoch 62: loss = 33891.23828125
Epoch 63: loss = 33873.3125
Epoch 64: loss = 33855.4140625
Epoch 65: loss = 33837.33203125
Epoch 66: loss = 33817.05078125
Epoch 67: loss = 33796.8125
Epoch 68: loss = 33778.0625
Epoch 69: loss = 33757.5859375
Epoch 70: loss = 33736.1328125
Epoch 71: loss = 33713.30078125
Epoch 72: loss = 33687.70703125
Epoch 73: loss = 33662.59765625
Epoch 74: loss = 33638.14453125
Epoch 75: loss = 33611.1953125
Epoch 76: loss = 33583.98828125
Epoch 77: loss = 33550.45703125
Epoch 78: loss = 33520.39453125
Epoch 79: loss = 33488.8828125
Epoch 80: loss = 33455.953125
Epoch 81: loss = 33418.30078125
Epoch 82: loss = 33373.3125
Epoch 83: loss = 33335.65234375
Epoch 84: loss = 33272.484375
Epoch 85: loss = 33206.125
Epoch 86: loss = 33124.9453125
Epoch 87: loss = 33041.68359375
Epoch 88: loss = 32952.703125
Epoch 89: loss = 32865.65625
Epoch 90: loss = 32772.390625
Epoch 91: loss = 32665.923828125
Epoch 92: loss = 32563.19140625
Epoch 93: loss = 32450.8125
Epoch 94: loss = 32341.978515625
Epoch 95: loss = 32223.15234375
Epoch 96: loss = 32083.791015625
Epoch 97: loss = 31924.15234375
Epoch 98: loss = 31736.28515625
Epoch 99: loss = 31583.59765625
Epoch 100: loss = 31457.9453125
Epoch 101: loss = 31346.208984375
Epoch 102: loss = 31246.00390625
Epoch 103: loss = 31156.87109375
Epoch 104: loss = 31055.712890625
Epoch 105: loss = 30961.27734375
Epoch 106: loss = 30860.4453125
Epoch 107: loss = 30769.931640625
Epoch 108: loss = 30685.642578125
Epoch 109: loss = 30602.416015625
Epoch 110: loss = 30518.1640625
Epoch 111: loss = 30438.16015625
Epoch 112: loss = 30355.33984375
Epoch 113: loss = 30278.9453125
Epoch 114: loss = 30196.900390625
Epoch 115: loss = 30130.138671875
Epoch 116: loss = 30053.271484375
Epoch 117: loss = 29978.47265625
Epoch 118: loss = 29908.166015625
Epoch 119: loss = 29842.15234375
Epoch 120: loss = 29778.052734375
Epoch 121: loss = 29717.736328125
Epoch 122: loss = 29660.150390625
Epoch 123: loss = 29603.888671875
Epoch 124: loss = 29550.208984375
Epoch 125: loss = 29500.541015625
Epoch 126: loss = 29458.490234375
Epoch 127: loss = 29408.583984375
Epoch 128: loss = 29356.361328125
Epoch 129: loss = 29302.0625
Epoch 130: loss = 29244.083984375
Epoch 131: loss = 29180.041015625
Epoch 132: loss = 29106.5625
Epoch 133: loss = 29039.046875
Epoch 134: loss = 28985.43359375
Epoch 135: loss = 28940.17578125
Epoch 136: loss = 28904.21484375
Epoch 137: loss = 28867.3515625
Epoch 138: loss = 28835.931640625
Epoch 139: loss = 28810.5390625
Epoch 140: loss = 28792.8125
Epoch 141: loss = 28780.24609375
Epoch 142: loss = 28769.5625
Epoch 143: loss = 28760.708984375
Epoch 144: loss = 28753.52734375
Epoch 145: loss = 28748.7109375
Epoch 146: loss = 28744.751953125
Epoch 147: loss = 28741.142578125
Epoch 148: loss = 28738.1328125
Epoch 149: loss = 28735.27734375
Epoch 150: loss = 28733.4375
Epoch 151: loss = 28731.8515625
Epoch 152: loss = 28730.421875
Epoch 153: loss = 28729.197265625
Epoch 154: loss = 28728.3828125
Epoch 155: loss = 28727.84765625
Epoch 156: loss = 28727.0234375
Epoch 157: loss = 28726.861328125
Epoch 158: loss = 28726.087890625
Epoch 159: loss = 28725.654296875
Epoch 160: loss = 28725.365234375
Epoch 161: loss = 28724.7890625
Epoch 162: loss = 28724.82421875
Epoch 163: loss = 28724.681640625
Epoch 164: loss = 28724.138671875
Epoch 165: loss = 28724.25390625
Epoch 166: loss = 28723.99609375
Epoch 167: loss = 28723.81640625
Epoch 168: loss = 28723.951171875
Epoch 169: loss = 28723.611328125
Epoch 170: loss = 28723.72265625
Epoch 171: loss = 28723.513671875
Epoch 172: loss = 28723.52734375
Epoch 173: loss = 28723.369140625
Epoch 174: loss = 28723.404296875
Epoch 175: loss = 28723.19140625
Epoch 176: loss = 28723.275390625
Epoch 177: loss = 28723.107421875
Epoch 178: loss = 28723.232421875
Epoch 179: loss = 28722.892578125
Epoch 180: loss = 28722.97265625
Epoch 181: loss = 28723.01171875
Epoch 182: loss = 28722.87890625
Epoch 183: loss = 28723.017578125
Epoch 184: loss = 28723.0234375
Epoch 185: loss = 28723.083984375
Epoch 186: loss = 28722.970703125
Epoch 187: loss = 28723.021484375
Early stopping at epoch 187 with loss 28722.87890625
Reconstruction for fluence = 183298.07108324335 photons/pixel
Epoch 0: loss = 308448755712.0
Epoch 1: loss = 636099008.0
Epoch 2: loss = 166107968.0
Epoch 3: loss = 57928424.0
Epoch 4: loss = 24043932.0
Epoch 5: loss = 12793992.0
Epoch 6: loss = 8722274.0
Epoch 7: loss = 6981571.0
Epoch 8: loss = 5884639.0
Epoch 9: loss = 5269576.5
Epoch 10: loss = 4702429.5
Epoch 11: loss = 4000040.0
Epoch 12: loss = 3480180.5
Epoch 13: loss = 2942823.25
Epoch 14: loss = 2134827.25
Epoch 15: loss = 954013.125
Epoch 16: loss = 555759.3125
Epoch 17: loss = 399136.15625
Epoch 18: loss = 318682.0625
Epoch 19: loss = 264584.28125
Epoch 20: loss = 226834.515625
Epoch 21: loss = 203274.203125
Epoch 22: loss = 188019.703125
Epoch 23: loss = 172372.484375
Epoch 24: loss = 161297.640625
Epoch 25: loss = 151828.484375
Epoch 26: loss = 144564.96875
Epoch 27: loss = 140275.5
Epoch 28: loss = 136345.953125
Epoch 29: loss = 133039.5
Epoch 30: loss = 130333.5859375
Epoch 31: loss = 127690.0859375
Epoch 32: loss = 125626.78125
Epoch 33: loss = 123228.4765625
Epoch 34: loss = 119592.390625
Epoch 35: loss = 114778.1875
Epoch 36: loss = 109717.28125
Epoch 37: loss = 105677.2578125
Epoch 38: loss = 102465.3984375
Epoch 39: loss = 99046.09375
Epoch 40: loss = 96259.1953125
Epoch 41: loss = 93930.9609375
Epoch 42: loss = 92379.40625
Epoch 43: loss = 91163.96875
Epoch 44: loss = 90237.7265625
Epoch 45: loss = 89547.6796875
Epoch 46: loss = 88976.265625
Epoch 47: loss = 88552.3828125
Epoch 48: loss = 88230.765625
Epoch 49: loss = 87922.2265625
Epoch 50: loss = 87663.4765625
Epoch 51: loss = 87417.71875
Epoch 52: loss = 87191.5078125
Epoch 53: loss = 86995.234375
Epoch 54: loss = 86814.46875
Epoch 55: loss = 86649.1015625
Epoch 56: loss = 86486.109375
Epoch 57: loss = 86312.515625
Epoch 58: loss = 86168.6796875
Epoch 59: loss = 86005.8203125
Epoch 60: loss = 85842.9921875
Epoch 61: loss = 85670.4453125
Epoch 62: loss = 85482.359375
Epoch 63: loss = 85318.2734375
Epoch 64: loss = 85138.6953125
Epoch 65: loss = 84931.0703125
Epoch 66: loss = 84720.4453125
Epoch 67: loss = 84517.9296875
Epoch 68: loss = 84266.4296875
Epoch 69: loss = 84013.984375
Epoch 70: loss = 83716.1015625
Epoch 71: loss = 83385.375
Epoch 72: loss = 83038.875
Epoch 73: loss = 82664.5
Epoch 74: loss = 82288.546875
Epoch 75: loss = 81888.0546875
Epoch 76: loss = 81438.859375
Epoch 77: loss = 80934.140625
Epoch 78: loss = 80429.8515625
Epoch 79: loss = 79824.140625
Epoch 80: loss = 79158.25
Epoch 81: loss = 78357.15625
Epoch 82: loss = 77452.3046875
Epoch 83: loss = 76444.3203125
Epoch 84: loss = 75594.109375
Epoch 85: loss = 74719.28125
Epoch 86: loss = 74016.125
Epoch 87: loss = 73469.75
Epoch 88: loss = 72999.8671875
Epoch 89: loss = 72605.109375
Epoch 90: loss = 72246.4140625
Epoch 91: loss = 71912.1015625
Epoch 92: loss = 71550.0859375
Epoch 93: loss = 71236.0703125
Epoch 94: loss = 70950.9296875
Epoch 95: loss = 70655.5390625
Epoch 96: loss = 70382.65625
Epoch 97: loss = 70087.7578125
Epoch 98: loss = 69823.3515625
Epoch 99: loss = 69577.65625
Epoch 100: loss = 69347.6015625
Epoch 101: loss = 69120.8828125
Epoch 102: loss = 68884.3515625
Epoch 103: loss = 68649.2265625
Epoch 104: loss = 68429.7890625
Epoch 105: loss = 68195.265625
Epoch 106: loss = 67985.1640625
Epoch 107: loss = 67741.4140625
Epoch 108: loss = 67504.46875
Epoch 109: loss = 67288.546875
Epoch 110: loss = 67075.390625
Epoch 111: loss = 66837.8046875
Epoch 112: loss = 66590.25
Epoch 113: loss = 66319.5703125
Epoch 114: loss = 66055.9140625
Epoch 115: loss = 65834.2109375
Epoch 116: loss = 65578.3125
Epoch 117: loss = 65308.86328125
Epoch 118: loss = 65028.6796875
Epoch 119: loss = 64723.16796875
Epoch 120: loss = 64450.125
Epoch 121: loss = 64153.65234375
Epoch 122: loss = 63856.54296875
Epoch 123: loss = 63552.03515625
Epoch 124: loss = 63293.5703125
Epoch 125: loss = 63105.265625
Epoch 126: loss = 62943.41796875
Epoch 127: loss = 62795.17578125
Epoch 128: loss = 62681.5
Epoch 129: loss = 62555.42578125
Epoch 130: loss = 62462.79296875
Epoch 131: loss = 62387.41796875
Epoch 132: loss = 62318.78515625
Epoch 133: loss = 62259.890625
Epoch 134: loss = 62212.140625
Epoch 135: loss = 62176.22265625
Epoch 136: loss = 62148.21484375
Epoch 137: loss = 62125.30078125
Epoch 138: loss = 62108.265625
Epoch 139: loss = 62094.015625
Epoch 140: loss = 62082.6796875
Epoch 141: loss = 62074.61328125
Epoch 142: loss = 62066.60546875
Epoch 143: loss = 62059.79296875
Epoch 144: loss = 62054.0625
Epoch 145: loss = 62049.5703125
Epoch 146: loss = 62045.125
Epoch 147: loss = 62041.640625
Epoch 148: loss = 62038.80078125
Epoch 149: loss = 62037.08203125
Epoch 150: loss = 62035.45703125
Epoch 151: loss = 62033.35546875
Epoch 152: loss = 62031.33984375
Epoch 153: loss = 62031.703125
Epoch 154: loss = 62029.640625
Epoch 155: loss = 62029.17578125
Epoch 156: loss = 62028.875
Epoch 157: loss = 62028.515625
Epoch 158: loss = 62026.890625
Epoch 159: loss = 62027.39453125
Epoch 160: loss = 62027.10546875
Epoch 161: loss = 62025.41015625
Epoch 162: loss = 62027.05078125
Epoch 163: loss = 62025.47265625
Epoch 164: loss = 62025.6953125
Epoch 165: loss = 62025.36328125
Epoch 166: loss = 62024.1875
Epoch 167: loss = 62025.390625
Epoch 168: loss = 62024.98828125
Epoch 169: loss = 62025.35546875
Epoch 170: loss = 62025.28515625
Epoch 171: loss = 62024.4453125
Early stopping at epoch 171 with loss 62024.1875
Reconstruction for fluence = 428133.2398719387 photons/pixel
Epoch 0: loss = 1682710200320.0
Epoch 1: loss = 3472452864.0
Epoch 2: loss = 906158080.0
Epoch 3: loss = 316068928.0
Epoch 4: loss = 147788864.0
Epoch 5: loss = 72312880.0
Epoch 6: loss = 49286196.0
Epoch 7: loss = 38953772.0
Epoch 8: loss = 32599058.0
Epoch 9: loss = 28742930.0
Epoch 10: loss = 26024168.0
Epoch 11: loss = 23804860.0
Epoch 12: loss = 21875592.0
Epoch 13: loss = 20191640.0
Epoch 14: loss = 19021154.0
Epoch 15: loss = 17985402.0
Epoch 16: loss = 16584519.0
Epoch 17: loss = 14509787.0
Epoch 18: loss = 10439560.0
Epoch 19: loss = 4748131.5
Epoch 20: loss = 2757782.5
Epoch 21: loss = 1783493.125
Epoch 22: loss = 1359519.625
Epoch 23: loss = 1074909.75
Epoch 24: loss = 868665.0
Epoch 25: loss = 739253.625
Epoch 26: loss = 646212.375
Epoch 27: loss = 587791.6875
Epoch 28: loss = 534403.875
Epoch 29: loss = 491082.65625
Epoch 30: loss = 454661.65625
Epoch 31: loss = 426464.0625
Epoch 32: loss = 406944.15625
Epoch 33: loss = 393506.9375
Epoch 34: loss = 380364.28125
Epoch 35: loss = 369680.625
Epoch 36: loss = 361386.625
Epoch 37: loss = 356699.40625
Epoch 38: loss = 350862.71875
Epoch 39: loss = 346840.625
Epoch 40: loss = 343636.09375
Epoch 41: loss = 340288.15625
Epoch 42: loss = 337898.15625
Epoch 43: loss = 336031.125
Epoch 44: loss = 334451.71875
Epoch 45: loss = 332920.90625
Epoch 46: loss = 331575.625
Epoch 47: loss = 330349.4375
Epoch 48: loss = 329382.40625
Epoch 49: loss = 328511.5
Epoch 50: loss = 327727.3125
Epoch 51: loss = 326884.09375
Epoch 52: loss = 326112.875
Epoch 53: loss = 325464.65625
Epoch 54: loss = 324919.21875
Epoch 55: loss = 324326.21875
Epoch 56: loss = 323734.125
Epoch 57: loss = 323119.71875
Epoch 58: loss = 322555.9375
Epoch 59: loss = 321986.40625
Epoch 60: loss = 321402.03125
Epoch 61: loss = 320783.25
Epoch 62: loss = 320185.28125
Epoch 63: loss = 319554.28125
Epoch 64: loss = 318880.90625
Epoch 65: loss = 318170.15625
Epoch 66: loss = 317456.34375
Epoch 67: loss = 316645.15625
Epoch 68: loss = 315776.875
Epoch 69: loss = 314978.15625
Epoch 70: loss = 313934.90625
Epoch 71: loss = 312803.28125
Epoch 72: loss = 311516.21875
Epoch 73: loss = 309954.625
Epoch 74: loss = 307807.0
Epoch 75: loss = 303841.78125
Epoch 76: loss = 296423.9375
Epoch 77: loss = 289501.3125
Epoch 78: loss = 284482.65625
Epoch 79: loss = 281268.15625
Epoch 80: loss = 278351.375
Epoch 81: loss = 275191.84375
Epoch 82: loss = 272192.6875
Epoch 83: loss = 268780.375
Epoch 84: loss = 265397.125
Epoch 85: loss = 262450.78125
Epoch 86: loss = 259039.453125
Epoch 87: loss = 255666.75
Epoch 88: loss = 252081.609375
Epoch 89: loss = 249204.21875
Epoch 90: loss = 246570.609375
Epoch 91: loss = 243794.21875
Epoch 92: loss = 240990.359375
Epoch 93: loss = 238262.75
Epoch 94: loss = 235778.78125
Epoch 95: loss = 233529.171875
Epoch 96: loss = 231395.34375
Epoch 97: loss = 228986.078125
Epoch 98: loss = 227063.5625
Epoch 99: loss = 225151.453125
Epoch 100: loss = 223339.859375
Epoch 101: loss = 221627.296875
Epoch 102: loss = 219868.421875
Epoch 103: loss = 218206.921875
Epoch 104: loss = 216446.828125
Epoch 105: loss = 214935.578125
Epoch 106: loss = 213401.953125
Epoch 107: loss = 211931.21875
Epoch 108: loss = 210404.609375
Epoch 109: loss = 208840.5
Epoch 110: loss = 207392.140625
Epoch 111: loss = 205991.890625
Epoch 112: loss = 204601.828125
Epoch 113: loss = 203294.421875
Epoch 114: loss = 201982.90625
Epoch 115: loss = 200759.265625
Epoch 116: loss = 199585.5625
Epoch 117: loss = 198424.8125
Epoch 118: loss = 197123.21875
Epoch 119: loss = 195990.046875
Epoch 120: loss = 194747.125
Epoch 121: loss = 193491.984375
Epoch 122: loss = 192192.21875
Epoch 123: loss = 190657.109375
Epoch 124: loss = 189057.921875
Epoch 125: loss = 187433.265625
Epoch 126: loss = 185725.109375
Epoch 127: loss = 184252.359375
Epoch 128: loss = 182952.21875
Epoch 129: loss = 181751.421875
Epoch 130: loss = 180733.703125
Epoch 131: loss = 179859.375
Epoch 132: loss = 178906.375
Epoch 133: loss = 177744.078125
Epoch 134: loss = 176118.296875
Epoch 135: loss = 173552.046875
Epoch 136: loss = 170721.46875
Epoch 137: loss = 167260.296875
Epoch 138: loss = 164157.84375
Epoch 139: loss = 161657.21875
Epoch 140: loss = 159814.921875
Epoch 141: loss = 158777.46875
Epoch 142: loss = 157756.828125
Epoch 143: loss = 157016.125
Epoch 144: loss = 156445.046875
Epoch 145: loss = 155992.75
Epoch 146: loss = 155649.390625
Epoch 147: loss = 155411.328125
Epoch 148: loss = 155176.6875
Epoch 149: loss = 154989.703125
Epoch 150: loss = 154831.375
Epoch 151: loss = 154705.46875
Epoch 152: loss = 154595.328125
Epoch 153: loss = 154506.96875
Epoch 154: loss = 154441.71875
Epoch 155: loss = 154389.953125
Epoch 156: loss = 154347.078125
Epoch 157: loss = 154307.21875
Epoch 158: loss = 154280.375
Epoch 159: loss = 154253.609375
Epoch 160: loss = 154233.5625
Epoch 161: loss = 154210.96875
Epoch 162: loss = 154198.0625
Epoch 163: loss = 154186.015625
Epoch 164: loss = 154177.25
Epoch 165: loss = 154165.203125
Epoch 166: loss = 154156.609375
Epoch 167: loss = 154148.515625
Epoch 168: loss = 154139.171875
Epoch 169: loss = 154132.328125
Epoch 170: loss = 154126.1875
Epoch 171: loss = 154117.234375
Epoch 172: loss = 154111.765625
Epoch 173: loss = 154105.046875
Epoch 174: loss = 154097.703125
Epoch 175: loss = 154088.234375
Epoch 176: loss = 154081.5625
Epoch 177: loss = 154072.21875
Epoch 178: loss = 154063.71875
Epoch 179: loss = 154051.234375
Epoch 180: loss = 154035.84375
Epoch 181: loss = 154022.5
Epoch 182: loss = 154007.75
Epoch 183: loss = 153988.53125
Epoch 184: loss = 153965.96875
Epoch 185: loss = 153948.046875
Epoch 186: loss = 153924.40625
Epoch 187: loss = 153898.453125
Epoch 188: loss = 153898.453125
Epoch 189: loss = 153871.953125
Epoch 190: loss = 153845.078125
Epoch 191: loss = 153820.078125
Epoch 192: loss = 153790.765625
Epoch 193: loss = 153758.453125
Epoch 194: loss = 153734.1875
Epoch 195: loss = 153709.703125
Epoch 196: loss = 153680.828125
Epoch 197: loss = 153649.078125
Epoch 198: loss = 153619.953125
Epoch 199: loss = 153590.53125
Epoch 200: loss = 153561.265625
Epoch 201: loss = 153529.328125
Epoch 202: loss = 153500.21875
Epoch 203: loss = 153469.359375
Epoch 204: loss = 153437.140625
Epoch 205: loss = 153408.828125
Epoch 206: loss = 153381.96875
Epoch 207: loss = 153352.96875
Epoch 208: loss = 153321.84375
Epoch 209: loss = 153290.875
Epoch 210: loss = 153265.359375
Epoch 211: loss = 153231.859375
Epoch 212: loss = 153196.90625
Epoch 213: loss = 153163.921875
Epoch 214: loss = 153132.03125
Epoch 215: loss = 153096.75
Epoch 216: loss = 153068.0625
Epoch 217: loss = 153032.59375
Epoch 218: loss = 152997.953125
Epoch 219: loss = 152957.71875
Epoch 220: loss = 152923.46875
Epoch 221: loss = 152884.8125
Epoch 222: loss = 152845.453125
Epoch 223: loss = 152812.375
Epoch 224: loss = 152771.703125
Epoch 225: loss = 152729.921875
Epoch 226: loss = 152690.3125
Epoch 227: loss = 152642.0
Epoch 228: loss = 152619.75
Epoch 229: loss = 152579.203125
Epoch 230: loss = 152531.75
Epoch 231: loss = 152488.453125
Epoch 232: loss = 152443.59375
Epoch 233: loss = 152392.359375
Epoch 234: loss = 152347.0
Epoch 235: loss = 152297.09375
Epoch 236: loss = 152253.28125
Epoch 237: loss = 152203.8125
Epoch 238: loss = 152160.953125
Epoch 239: loss = 152110.921875
Epoch 240: loss = 152066.140625
Epoch 241: loss = 152020.828125
Epoch 242: loss = 151969.390625
Epoch 243: loss = 151912.65625
Epoch 244: loss = 151871.421875
Epoch 245: loss = 151818.53125
Epoch 246: loss = 151799.71875
Epoch 247: loss = 151749.171875
Epoch 248: loss = 151702.171875
Epoch 249: loss = 151653.828125
Epoch 250: loss = 151608.734375
Epoch 251: loss = 151559.640625
Epoch 252: loss = 151508.15625
Epoch 253: loss = 151464.25
Epoch 254: loss = 151413.203125
Epoch 255: loss = 151363.671875
Epoch 256: loss = 151309.90625
Epoch 257: loss = 151250.703125
Epoch 258: loss = 151200.8125
Epoch 259: loss = 151146.078125
Epoch 260: loss = 151087.390625
Epoch 261: loss = 151029.0
Epoch 262: loss = 150965.46875
Epoch 263: loss = 150913.015625
Epoch 264: loss = 150853.390625
Epoch 265: loss = 150789.140625
Epoch 266: loss = 150725.8125
Epoch 267: loss = 150667.390625
Epoch 268: loss = 150603.453125
Epoch 269: loss = 150536.1875
Epoch 270: loss = 150469.75
Epoch 271: loss = 150411.609375
Epoch 272: loss = 150351.25
Epoch 273: loss = 150295.3125
Epoch 274: loss = 150246.078125
Epoch 275: loss = 150191.375
Epoch 276: loss = 150142.015625
Epoch 277: loss = 150086.84375
Epoch 278: loss = 150043.4375
Epoch 279: loss = 149993.765625
Epoch 280: loss = 149948.75
Epoch 281: loss = 149903.84375
Epoch 282: loss = 149867.703125
Epoch 283: loss = 149824.578125
Epoch 284: loss = 149782.9375
Epoch 285: loss = 149740.78125
Epoch 286: loss = 149703.5
Epoch 287: loss = 149666.109375
Epoch 288: loss = 149627.3125
Epoch 289: loss = 149587.15625
Epoch 290: loss = 149549.8125
Epoch 291: loss = 149517.671875
Epoch 292: loss = 149478.296875
Epoch 293: loss = 149443.8125
Epoch 294: loss = 149405.453125
Epoch 295: loss = 149369.203125
Epoch 296: loss = 149331.875
Epoch 297: loss = 149287.0625
Epoch 298: loss = 149244.890625
Epoch 299: loss = 149203.859375
Epoch 300: loss = 149162.203125
Epoch 301: loss = 149152.8125
Epoch 302: loss = 149113.859375
Epoch 303: loss = 149069.96875
Epoch 304: loss = 149027.890625
Epoch 305: loss = 148985.4375
Epoch 306: loss = 148943.09375
Epoch 307: loss = 148898.015625
Epoch 308: loss = 148862.921875
Epoch 309: loss = 148815.265625
Epoch 310: loss = 148776.828125
Epoch 311: loss = 148733.75
Epoch 312: loss = 148698.578125
Epoch 313: loss = 148657.640625
Epoch 314: loss = 148617.65625
Epoch 315: loss = 148570.015625
Epoch 316: loss = 148521.171875
Epoch 317: loss = 148470.140625
Epoch 318: loss = 148407.984375
Epoch 319: loss = 148333.78125
Epoch 320: loss = 148256.078125
Epoch 321: loss = 148192.75
Epoch 322: loss = 148116.890625
Epoch 323: loss = 148040.671875
Epoch 324: loss = 147959.78125
Epoch 325: loss = 147887.25
Epoch 326: loss = 147825.5625
Epoch 327: loss = 147779.28125
Epoch 328: loss = 147732.640625
Epoch 329: loss = 147694.453125
Epoch 330: loss = 147658.578125
Epoch 331: loss = 147628.5625
Epoch 332: loss = 147597.640625
Epoch 333: loss = 147570.84375
Epoch 334: loss = 147548.828125
Epoch 335: loss = 147526.171875
Epoch 336: loss = 147503.484375
Epoch 337: loss = 147480.921875
Epoch 338: loss = 147461.828125
Epoch 339: loss = 147445.703125
Epoch 340: loss = 147430.28125
Epoch 341: loss = 147413.96875
Epoch 342: loss = 147401.734375
Epoch 343: loss = 147389.890625
Epoch 344: loss = 147378.359375
Epoch 345: loss = 147367.03125
Epoch 346: loss = 147359.171875
Epoch 347: loss = 147352.59375
Epoch 348: loss = 147349.390625
Epoch 349: loss = 147341.0
Epoch 350: loss = 147336.171875
Epoch 351: loss = 147336.09375
Epoch 352: loss = 147331.03125
Epoch 353: loss = 147333.375
Epoch 354: loss = 147327.828125
Epoch 355: loss = 147328.46875
Epoch 356: loss = 147326.125
Epoch 357: loss = 147328.015625
Epoch 358: loss = 147326.453125
Epoch 359: loss = 147322.71875
Epoch 360: loss = 147321.65625
Epoch 361: loss = 147322.5625
Epoch 362: loss = 147322.734375
Epoch 363: loss = 147325.5625
Epoch 364: loss = 147320.890625
Epoch 365: loss = 147324.578125
Epoch 366: loss = 147321.0
Epoch 367: loss = 147320.234375
Epoch 368: loss = 147321.390625
Epoch 369: loss = 147320.25
Epoch 370: loss = 147319.609375
Epoch 371: loss = 147321.109375
Epoch 372: loss = 147319.71875
Epoch 373: loss = 147320.578125
Epoch 374: loss = 147319.765625
Epoch 375: loss = 147321.328125
Early stopping at epoch 375 with loss 147319.609375
Reconstruction for fluence = 1000000.0 photons/pixel
Epoch 0: loss = 9180329017344.0
Epoch 1: loss = 18921189376.0
Epoch 2: loss = 4917096960.0
Epoch 3: loss = 1716175488.0
Epoch 4: loss = 724214464.0
Epoch 5: loss = 378029344.0
Epoch 6: loss = 262645312.0
Epoch 7: loss = 210700288.0
Epoch 8: loss = 176739104.0
Epoch 9: loss = 158240736.0
Epoch 10: loss = 146283792.0
Epoch 11: loss = 136346112.0
Epoch 12: loss = 120282344.0
Epoch 13: loss = 94763184.0
Epoch 14: loss = 65186988.0
Epoch 15: loss = 26985412.0
Epoch 16: loss = 15321860.0
Epoch 17: loss = 11007704.0
Epoch 18: loss = 8375690.5
Epoch 19: loss = 6770350.0
Epoch 20: loss = 5633694.5
Epoch 21: loss = 4820153.0
Epoch 22: loss = 4322986.5
Epoch 23: loss = 3870226.25
Epoch 24: loss = 3502699.25
Epoch 25: loss = 3191476.0
Epoch 26: loss = 2954500.0
Epoch 27: loss = 2811519.75
Epoch 28: loss = 2662774.75
Epoch 29: loss = 2550777.0
Epoch 30: loss = 2450873.25
Epoch 31: loss = 2364502.75
Epoch 32: loss = 2302209.25
Epoch 33: loss = 2247012.5
Epoch 34: loss = 2189838.75
Epoch 35: loss = 2138770.25
Epoch 36: loss = 2091842.0
Epoch 37: loss = 2049930.25
Epoch 38: loss = 2005138.0
Epoch 39: loss = 1946716.0
Epoch 40: loss = 1823564.25
Epoch 41: loss = 1684691.875
Epoch 42: loss = 1590485.125
Epoch 43: loss = 1528418.5
Epoch 44: loss = 1485721.0
Epoch 45: loss = 1450075.25
Epoch 46: loss = 1415535.375
Epoch 47: loss = 1386344.25
Epoch 48: loss = 1359546.25
Epoch 49: loss = 1338492.625
Epoch 50: loss = 1321067.625
Epoch 51: loss = 1308662.375
Epoch 52: loss = 1299658.625
Epoch 53: loss = 1293201.375
Epoch 54: loss = 1287409.375
Epoch 55: loss = 1282364.0
Epoch 56: loss = 1277948.5
Epoch 57: loss = 1273646.75
Epoch 58: loss = 1270709.25
Epoch 59: loss = 1267863.875
Epoch 60: loss = 1265328.625
Epoch 61: loss = 1262885.0
Epoch 62: loss = 1260355.625
Epoch 63: loss = 1258157.375
Epoch 64: loss = 1256014.0
Epoch 65: loss = 1253883.625
Epoch 66: loss = 1251511.75
Epoch 67: loss = 1249196.625
Epoch 68: loss = 1246900.5
Epoch 69: loss = 1244460.625
Epoch 70: loss = 1241918.25
Epoch 71: loss = 1238975.625
Epoch 72: loss = 1236121.625
Epoch 73: loss = 1233181.375
Epoch 74: loss = 1230080.25
Epoch 75: loss = 1227004.875
Epoch 76: loss = 1223626.875
Epoch 77: loss = 1219776.25
Epoch 78: loss = 1215575.5
Epoch 79: loss = 1210927.625
Epoch 80: loss = 1204943.75
Epoch 81: loss = 1196561.125
Epoch 82: loss = 1185052.0
Epoch 83: loss = 1162776.25
Epoch 84: loss = 1128588.5
Epoch 85: loss = 1086926.625
Epoch 86: loss = 1057278.0
Epoch 87: loss = 1034180.6875
Epoch 88: loss = 1014787.5625
Epoch 89: loss = 996637.875
Epoch 90: loss = 978597.5625
Epoch 91: loss = 960307.5625
Epoch 92: loss = 941168.3125
Epoch 93: loss = 922362.1875
Epoch 94: loss = 905619.0
Epoch 95: loss = 888392.875
Epoch 96: loss = 871373.8125
Epoch 97: loss = 856838.875
Epoch 98: loss = 843744.4375
Epoch 99: loss = 830948.9375
Epoch 100: loss = 818089.5
Epoch 101: loss = 806616.8125
Epoch 102: loss = 794987.6875
Epoch 103: loss = 783703.625
Epoch 104: loss = 772982.125
Epoch 105: loss = 763484.0
Epoch 106: loss = 753832.75
Epoch 107: loss = 744266.0
Epoch 108: loss = 735152.125
Epoch 109: loss = 725097.3125
Epoch 110: loss = 716069.5625
Epoch 111: loss = 705444.375
Epoch 112: loss = 694728.125
Epoch 113: loss = 683161.375
Epoch 114: loss = 668833.1875
Epoch 115: loss = 652105.6875
Epoch 116: loss = 630548.5625
Epoch 117: loss = 608442.8125
Epoch 118: loss = 584807.1875
Epoch 119: loss = 559919.3125
Epoch 120: loss = 539980.8125
Epoch 121: loss = 522570.34375
Epoch 122: loss = 509257.4375
Epoch 123: loss = 498790.78125
Epoch 124: loss = 489847.71875
Epoch 125: loss = 481408.90625
Epoch 126: loss = 473213.34375
Epoch 127: loss = 464743.21875
Epoch 128: loss = 457147.125
Epoch 129: loss = 447573.0625
Epoch 130: loss = 435900.28125
Epoch 131: loss = 424174.875
Epoch 132: loss = 411210.4375
Epoch 133: loss = 398923.0
Epoch 134: loss = 390001.1875
Epoch 135: loss = 383715.90625
Epoch 136: loss = 378791.34375
Epoch 137: loss = 374135.15625
Epoch 138: loss = 370251.4375
Epoch 139: loss = 367125.65625
Epoch 140: loss = 364553.5
Epoch 141: loss = 362639.0625
Epoch 142: loss = 361369.59375
Epoch 143: loss = 360260.28125
Epoch 144: loss = 359360.65625
Epoch 145: loss = 358606.5
Epoch 146: loss = 357946.875
Epoch 147: loss = 357407.21875
Epoch 148: loss = 356920.0
Epoch 149: loss = 356477.34375
Epoch 150: loss = 356078.46875
Epoch 151: loss = 355714.34375
Epoch 152: loss = 355380.4375
Epoch 153: loss = 355075.625
Epoch 154: loss = 354764.625
Epoch 155: loss = 354485.0
Epoch 156: loss = 354217.09375
Epoch 157: loss = 353953.21875
Epoch 158: loss = 353678.65625
Epoch 159: loss = 353379.125
Epoch 160: loss = 353042.65625
Epoch 161: loss = 352720.65625
Epoch 162: loss = 352394.3125
Epoch 163: loss = 352050.96875
Epoch 164: loss = 351729.0
Epoch 165: loss = 351308.90625
Epoch 166: loss = 350885.71875
Epoch 167: loss = 350399.25
Epoch 168: loss = 349883.375
Epoch 169: loss = 349329.4375
Epoch 170: loss = 348708.4375
Epoch 171: loss = 348081.40625
Epoch 172: loss = 347493.34375
Epoch 173: loss = 346924.15625
Epoch 174: loss = 346351.3125
Epoch 175: loss = 345827.34375
Epoch 176: loss = 345371.5
Epoch 177: loss = 344976.65625
Epoch 178: loss = 344624.40625
Epoch 179: loss = 344296.40625
Epoch 180: loss = 344053.5625
Epoch 181: loss = 343859.5
Epoch 182: loss = 343714.1875
Epoch 183: loss = 343602.6875
Epoch 184: loss = 343527.40625
Epoch 185: loss = 343468.59375
Epoch 186: loss = 343419.15625
Epoch 187: loss = 343383.9375
Epoch 188: loss = 343347.09375
Epoch 189: loss = 343316.34375
Epoch 190: loss = 343301.875
Epoch 191: loss = 343289.15625
Epoch 192: loss = 343264.125
Epoch 193: loss = 343257.0625
Epoch 194: loss = 343246.46875
Epoch 195: loss = 343236.0
Epoch 196: loss = 343232.0625
Epoch 197: loss = 343220.90625
Epoch 198: loss = 343214.5625
Epoch 199: loss = 343216.0625
Epoch 200: loss = 343202.53125
Epoch 201: loss = 343212.78125
Epoch 202: loss = 343215.0625
Epoch 203: loss = 343204.0
Epoch 204: loss = 343201.15625
Epoch 205: loss = 343205.34375
Epoch 206: loss = 343205.15625
Epoch 207: loss = 343207.75
Epoch 208: loss = 343202.0
Epoch 209: loss = 343196.4375
Epoch 210: loss = 343196.09375
Epoch 211: loss = 343197.5625
Epoch 212: loss = 343198.21875
Epoch 213: loss = 343193.15625
Epoch 214: loss = 343191.59375
Epoch 215: loss = 343194.25
Epoch 216: loss = 343195.78125
Epoch 217: loss = 343194.4375
Epoch 218: loss = 343196.5
Epoch 219: loss = 343190.5625
Epoch 220: loss = 343191.625
Epoch 221: loss = 343203.3125
Epoch 222: loss = 343193.4375
Epoch 223: loss = 343193.8125
Epoch 224: loss = 343187.5625
Epoch 225: loss = 343184.375
Epoch 226: loss = 343199.90625
Epoch 227: loss = 343191.5625
Epoch 228: loss = 343187.71875
Epoch 229: loss = 343185.625
Epoch 230: loss = 343200.96875
Early stopping at epoch 230 with loss 343184.375
Tensors initialization on device cuda
Multiprobe = None

('MSE', 'PoissonNLL') RECONSTRUCTIONS

Reconstruction for fluence = 0.09999999999999999 photons/pixel
Epoch 0: loss = 0.19287888705730438
Epoch 1: loss = 0.06205108389258385
Epoch 2: loss = 0.056490831077098846
Epoch 3: loss = 0.05454520881175995
Epoch 4: loss = 0.053697600960731506
Epoch 5: loss = 0.05308708921074867
Epoch 6: loss = 0.05272435396909714
Epoch 7: loss = 0.05249667167663574
Epoch 8: loss = 0.05232703685760498
Epoch 9: loss = 0.052242908626794815
Epoch 10: loss = 0.05215861648321152
Epoch 11: loss = 0.05208902806043625
Epoch 12: loss = 0.051988862454891205
Epoch 13: loss = 0.05193747580051422
Epoch 14: loss = 0.0519055537879467
Epoch 0: loss = 0.14416946470737457
Epoch 1: loss = 0.1114409789443016
Epoch 2: loss = 0.11042584478855133
Epoch 3: loss = 0.11007550358772278
Epoch 4: loss = 0.10989023745059967
Epoch 5: loss = 0.10985366255044937
Epoch 6: loss = 0.10982761532068253
Epoch 7: loss = 0.10981712490320206
Epoch 8: loss = 0.10979747772216797
Epoch 9: loss = 0.10977961122989655
Epoch 10: loss = 0.10977526009082794
Epoch 11: loss = 0.10977397114038467
Epoch 12: loss = 0.1097739115357399
Epoch 13: loss = 0.10977380722761154
Epoch 14: loss = 0.10977380722761154
Early stopping at epoch 14 with loss 0.10977961122989655
Reconstruction for fluence = 0.23357214690901223 photons/pixel
Epoch 0: loss = 0.7324450612068176
Epoch 1: loss = 0.14296795427799225
Epoch 2: loss = 0.12933692336082458
Epoch 3: loss = 0.12609392404556274
Epoch 4: loss = 0.12442241609096527
Epoch 5: loss = 0.12352701276540756
Epoch 6: loss = 0.12303122133016586
Epoch 7: loss = 0.12256697565317154
Epoch 8: loss = 0.12222307175397873
Epoch 9: loss = 0.12194018810987473
Epoch 10: loss = 0.12179858237504959
Epoch 11: loss = 0.1217375099658966
Epoch 12: loss = 0.12171012908220291
Epoch 13: loss = 0.12169835716485977
Epoch 14: loss = 0.12169051170349121
Epoch 0: loss = 0.1366211324930191
Epoch 1: loss = 0.08422265946865082
Epoch 2: loss = 0.08218809217214584
Epoch 3: loss = 0.08184883743524551
Epoch 4: loss = 0.08178198337554932
Epoch 5: loss = 0.08174218237400055
Epoch 6: loss = 0.08156022429466248
Epoch 7: loss = 0.081412672996521
Epoch 8: loss = 0.08139582723379135
Epoch 9: loss = 0.08138898760080338
Epoch 10: loss = 0.08134504407644272
Epoch 11: loss = 0.081334687769413
Epoch 12: loss = 0.08133149147033691
Early stopping at epoch 12 with loss 0.081412672996521
Reconstruction for fluence = 0.5455594781168519 photons/pixel
Epoch 0: loss = 3.3616583347320557
Epoch 1: loss = 0.3167403042316437
Epoch 2: loss = 0.2797638177871704
Epoch 3: loss = 0.27210304141044617
Epoch 4: loss = 0.2697667181491852
Epoch 5: loss = 0.2690092623233795
Epoch 6: loss = 0.2686936557292938
Epoch 7: loss = 0.26839837431907654
Epoch 8: loss = 0.26809802651405334
Epoch 9: loss = 0.2678430378437042
Epoch 10: loss = 0.267628937959671
Epoch 11: loss = 0.26739799976348877
Epoch 12: loss = 0.2672237455844879
Epoch 13: loss = 0.2671036124229431
Epoch 14: loss = 0.2670134902000427
Epoch 0: loss = -0.16324718296527863
Epoch 1: loss = -0.23919285833835602
Epoch 2: loss = -0.24084404110908508
Epoch 3: loss = -0.2410932332277298
Epoch 4: loss = -0.2411450296640396
Epoch 5: loss = -0.24116988480091095
Epoch 6: loss = -0.2411828339099884
Epoch 7: loss = -0.24118590354919434
Epoch 8: loss = -0.24118754267692566
Early stopping at epoch 8 with loss -0.2410932332277298
Reconstruction for fluence = 1.2742749857031335 photons/pixel
Epoch 0: loss = 16.13638687133789
Epoch 1: loss = 0.8305109143257141
Epoch 2: loss = 0.7073291540145874
Epoch 3: loss = 0.6833252906799316
Epoch 4: loss = 0.6764559745788574
Epoch 5: loss = 0.674311101436615
Epoch 6: loss = 0.6735914945602417
Epoch 7: loss = 0.6732815504074097
Epoch 8: loss = 0.6730744242668152
Epoch 9: loss = 0.6728665828704834
Epoch 10: loss = 0.6724882125854492
Epoch 11: loss = 0.672261118888855
Epoch 12: loss = 0.6721857190132141
Epoch 13: loss = 0.6721546649932861
Epoch 14: loss = 0.6721428632736206
Epoch 0: loss = -1.5159810781478882
Epoch 1: loss = -1.6391069889068604
Epoch 2: loss = -1.6414146423339844
Epoch 3: loss = -1.6417988538742065
Epoch 4: loss = -1.6419681310653687
Epoch 5: loss = -1.6420303583145142
Epoch 6: loss = -1.6420570611953735
Epoch 7: loss = -1.6420704126358032
Epoch 8: loss = -1.642164707183838
Epoch 9: loss = -1.6421797275543213
Epoch 10: loss = -1.6421875953674316
Epoch 11: loss = -1.6421875953674316
Epoch 12: loss = -1.642188549041748
Epoch 13: loss = -1.642188549041748
Epoch 14: loss = -1.6421886682510376
Early stopping at epoch 14 with loss -1.6421797275543213
Reconstruction for fluence = 2.976351441631318 photons/pixel
Epoch 0: loss = 84.3099365234375
Epoch 1: loss = 1.9250787496566772
Epoch 2: loss = 1.5095981359481812
Epoch 3: loss = 1.4278264045715332
Epoch 4: loss = 1.4076660871505737
Epoch 5: loss = 1.401365876197815
Epoch 6: loss = 1.399502158164978
Epoch 7: loss = 1.3987923860549927
Epoch 8: loss = 1.3984394073486328
Epoch 9: loss = 1.39826500415802
Epoch 10: loss = 1.3981786966323853
Epoch 11: loss = 1.398132085800171
Epoch 12: loss = 1.3981050252914429
Epoch 13: loss = 1.3980966806411743
Epoch 14: loss = 1.3980783224105835
Epoch 0: loss = -6.09954833984375
Epoch 1: loss = -6.271677494049072
Epoch 2: loss = -6.275881290435791
Epoch 3: loss = -6.27687931060791
Epoch 4: loss = -6.277446269989014
Epoch 5: loss = -6.277754306793213
Epoch 6: loss = -6.277890682220459
Epoch 7: loss = -6.27798318862915
Epoch 8: loss = -6.278021812438965
Epoch 9: loss = -6.278048992156982
Epoch 10: loss = -6.278077125549316
Epoch 11: loss = -6.278079032897949
Epoch 12: loss = -6.278082370758057
Epoch 13: loss = -6.278083801269531
Early stopping at epoch 13 with loss -6.278021812438965
Reconstruction for fluence = 6.9519279617756045 photons/pixel
Epoch 0: loss = 452.06988525390625
Epoch 1: loss = 4.785829544067383
Epoch 2: loss = 3.3874218463897705
Epoch 3: loss = 3.117213487625122
Epoch 4: loss = 3.044044017791748
Epoch 5: loss = 3.02101993560791
Epoch 6: loss = 3.0120205879211426
Epoch 7: loss = 3.006028413772583
Epoch 8: loss = 3.002533197402954
Epoch 9: loss = 3.0009782314300537
Epoch 10: loss = 3.0002381801605225
Epoch 11: loss = 2.9999067783355713
Epoch 12: loss = 2.999713182449341
Epoch 13: loss = 2.999593496322632
Epoch 14: loss = 2.9994945526123047
Epoch 0: loss = -20.123987197875977
Epoch 1: loss = -20.3718318939209
Epoch 2: loss = -20.37868881225586
Epoch 3: loss = -20.380245208740234
Epoch 4: loss = -20.380643844604492
Epoch 5: loss = -20.381080627441406
Epoch 6: loss = -20.381317138671875
Epoch 7: loss = -20.381418228149414
Epoch 8: loss = -20.38150978088379
Epoch 9: loss = -20.38152503967285
Epoch 10: loss = -20.38153076171875
Epoch 11: loss = -20.38153076171875
Epoch 12: loss = -20.381534576416016
Epoch 13: loss = -20.38153839111328
Epoch 14: loss = -20.38153839111328
Early stopping at epoch 14 with loss -20.38152503967285
Reconstruction for fluence = 16.23776739188721 photons/pixel
Epoch 0: loss = 2442.814697265625
Epoch 1: loss = 15.90091609954834
Epoch 2: loss = 8.465604782104492
Epoch 3: loss = 7.191481113433838
Epoch 4: loss = 6.819700241088867
Epoch 5: loss = 6.704882621765137
Epoch 6: loss = 6.6722822189331055
Epoch 7: loss = 6.6545844078063965
Epoch 8: loss = 6.641261577606201
Epoch 9: loss = 6.626903533935547
Epoch 10: loss = 6.616507053375244
Epoch 11: loss = 6.611364364624023
Epoch 12: loss = 6.609087944030762
Epoch 13: loss = 6.6076765060424805
Epoch 14: loss = 6.606960773468018
Epoch 0: loss = -61.19647979736328
Epoch 1: loss = -61.54665756225586
Epoch 2: loss = -61.55744171142578
Epoch 3: loss = -61.56015396118164
Epoch 4: loss = -61.56159210205078
Epoch 5: loss = -61.56201171875
Epoch 6: loss = -61.56245422363281
Epoch 7: loss = -61.56254196166992
Epoch 8: loss = -61.56283950805664
Epoch 9: loss = -61.56289291381836
Epoch 10: loss = -61.56290817260742
Epoch 11: loss = -61.56294631958008
Epoch 12: loss = -61.56300354003906
Epoch 13: loss = -61.56300354003906
Epoch 14: loss = -61.56302261352539
Epoch 15: loss = -61.56303024291992
Epoch 16: loss = -61.56303024291992
Early stopping at epoch 16 with loss -61.56294631958008
Reconstruction for fluence = 37.926901907322495 photons/pixel
Epoch 0: loss = 13250.234375
Epoch 1: loss = 48.38261032104492
Epoch 2: loss = 23.920862197875977
Epoch 3: loss = 17.73412322998047
Epoch 4: loss = 15.962166786193848
Epoch 5: loss = 15.404852867126465
Epoch 6: loss = 15.20195484161377
Epoch 7: loss = 15.08447265625
Epoch 8: loss = 14.977124214172363
Epoch 9: loss = 14.93446159362793
Epoch 10: loss = 14.914639472961426
Epoch 11: loss = 14.904515266418457
Epoch 12: loss = 14.898198127746582
Epoch 13: loss = 14.894156455993652
Epoch 14: loss = 14.891423225402832
Epoch 0: loss = -175.4826202392578
Epoch 1: loss = -175.95187377929688
Epoch 2: loss = -175.9669952392578
Epoch 3: loss = -175.9711456298828
Epoch 4: loss = -175.97288513183594
Epoch 5: loss = -175.9735870361328
Epoch 6: loss = -175.9737091064453
Epoch 7: loss = -175.9738006591797
Epoch 8: loss = -175.97390747070312
Epoch 9: loss = -175.97398376464844
Epoch 10: loss = -175.9740753173828
Epoch 11: loss = -175.9741973876953
Epoch 12: loss = -175.9742889404297
Epoch 13: loss = -175.9743194580078
Epoch 14: loss = -175.974365234375
Epoch 15: loss = -175.9744415283203
Epoch 16: loss = -175.9744873046875
Epoch 17: loss = -175.97467041015625
Epoch 18: loss = -175.9746856689453
Epoch 19: loss = -175.9747314453125
Epoch 20: loss = -175.97474670410156
Epoch 21: loss = -175.9748077392578
Epoch 22: loss = -175.9748077392578
Epoch 23: loss = -175.974853515625
Epoch 24: loss = -175.97486877441406
Epoch 25: loss = -175.97488403320312
Epoch 26: loss = -175.97488403320312
Early stopping at epoch 26 with loss -175.9748077392578
Reconstruction for fluence = 88.58667904100822 photons/pixel
Epoch 0: loss = 72187.90625
Epoch 1: loss = 188.53172302246094
Epoch 2: loss = 73.99647521972656
Epoch 3: loss = 45.889007568359375
Epoch 4: loss = 37.98174285888672
Epoch 5: loss = 35.32923126220703
Epoch 6: loss = 34.41706848144531
Epoch 7: loss = 33.847900390625
Epoch 8: loss = 33.362693786621094
Epoch 9: loss = 33.02602005004883
Epoch 10: loss = 32.8216667175293
Epoch 11: loss = 32.6591682434082
Epoch 12: loss = 32.56175231933594
Epoch 13: loss = 32.45442581176758
Epoch 14: loss = 32.412086486816406
Epoch 0: loss = -484.7184143066406
Epoch 1: loss = -485.3624267578125
Epoch 2: loss = -485.3870544433594
Epoch 3: loss = -485.3933410644531
Epoch 4: loss = -485.3962707519531
Epoch 5: loss = -485.3975830078125
Epoch 6: loss = -485.39788818359375
Epoch 7: loss = -485.39801025390625
Epoch 8: loss = -485.3981018066406
Epoch 9: loss = -485.3982238769531
Epoch 10: loss = -485.3983459472656
Epoch 11: loss = -485.3984375
Epoch 12: loss = -485.3985595703125
Epoch 13: loss = -485.3985595703125
Epoch 14: loss = -485.3985595703125
Epoch 15: loss = -485.3985595703125
Epoch 16: loss = -485.3985595703125
Epoch 17: loss = -485.3986511230469
Early stopping at epoch 17 with loss -485.3985595703125
Reconstruction for fluence = 206.9138081114788 photons/pixel
Epoch 0: loss = 393256.0
Epoch 1: loss = 934.0896606445312
Epoch 2: loss = 286.2129211425781
Epoch 3: loss = 140.5075225830078
Epoch 4: loss = 99.99668884277344
Epoch 5: loss = 87.00055694580078
Epoch 6: loss = 82.17694854736328
Epoch 7: loss = 79.28775024414062
Epoch 8: loss = 76.6985855102539
Epoch 9: loss = 74.85066986083984
Epoch 10: loss = 73.64273834228516
Epoch 11: loss = 73.16968536376953
Epoch 12: loss = 72.9405517578125
Epoch 13: loss = 72.79067993164062
Epoch 14: loss = 72.67452239990234
Epoch 0: loss = -1309.375
Epoch 1: loss = -1310.25439453125
Epoch 2: loss = -1310.2890625
Epoch 3: loss = -1310.2957763671875
Epoch 4: loss = -1310.2960205078125
Epoch 5: loss = -1310.296630859375
Epoch 6: loss = -1310.297607421875
Epoch 7: loss = -1310.2979736328125
Epoch 8: loss = -1310.29931640625
Epoch 9: loss = -1310.2999267578125
Epoch 10: loss = -1310.2999267578125
Epoch 11: loss = -1310.3001708984375
Epoch 12: loss = -1310.3004150390625
Epoch 13: loss = -1310.3040771484375
Epoch 14: loss = -1310.3043212890625
Epoch 15: loss = -1310.3043212890625
Epoch 16: loss = -1310.304443359375
Epoch 17: loss = -1310.3046875
Epoch 18: loss = -1310.3046875
Epoch 19: loss = -1310.3048095703125
Epoch 20: loss = -1310.304931640625
Epoch 21: loss = -1310.304931640625
Epoch 22: loss = -1310.30517578125
Epoch 23: loss = -1310.30517578125
Epoch 24: loss = -1310.3052978515625
Epoch 25: loss = -1310.3052978515625
Epoch 26: loss = -1310.3052978515625
Epoch 27: loss = -1310.3052978515625
Early stopping at epoch 27 with loss -1310.30517578125
Reconstruction for fluence = 483.2930238571752 photons/pixel
Epoch 0: loss = 2144707.25
Epoch 1: loss = 4727.95654296875
Epoch 2: loss = 1269.9527587890625
Epoch 3: loss = 537.810546875
Epoch 4: loss = 314.6616516113281
Epoch 5: loss = 247.65457153320312
Epoch 6: loss = 223.3634033203125
Epoch 7: loss = 210.7855987548828
Epoch 8: loss = 203.4776153564453
Epoch 9: loss = 198.7872772216797
Epoch 10: loss = 195.84056091308594
Epoch 11: loss = 194.26136779785156
Epoch 12: loss = 193.25213623046875
Epoch 13: loss = 192.3788299560547
Epoch 14: loss = 191.57473754882812
Epoch 0: loss = -3466.6181640625
Epoch 1: loss = -3467.913330078125
Epoch 2: loss = -3467.96533203125
Epoch 3: loss = -3467.977783203125
Epoch 4: loss = -3467.990234375
Epoch 5: loss = -3468.005615234375
Epoch 6: loss = -3468.007568359375
Epoch 7: loss = -3468.009033203125
Epoch 8: loss = -3468.009521484375
Epoch 9: loss = -3468.010498046875
Epoch 10: loss = -3468.010986328125
Epoch 11: loss = -3468.014404296875
Epoch 12: loss = -3468.016845703125
Epoch 13: loss = -3468.017578125
Epoch 14: loss = -3468.018310546875
Epoch 15: loss = -3468.0185546875
Epoch 16: loss = -3468.0205078125
Epoch 17: loss = -3468.020751953125
Epoch 18: loss = -3468.020751953125
Epoch 19: loss = -3468.021240234375
Epoch 20: loss = -3468.021728515625
Epoch 21: loss = -3468.022216796875
Epoch 22: loss = -3468.0224609375
Epoch 23: loss = -3468.022705078125
Epoch 24: loss = -3468.022705078125
Epoch 25: loss = -3468.022705078125
Epoch 26: loss = -3468.022705078125
Epoch 27: loss = -3468.022705078125
Epoch 28: loss = -3468.022705078125
Early stopping at epoch 28 with loss -3468.022705078125
Reconstruction for fluence = 1128.8378916846884 photons/pixel
Epoch 0: loss = 11698625.0
Epoch 1: loss = 24839.58984375
Epoch 2: loss = 6402.2646484375
Epoch 3: loss = 2471.458251953125
Epoch 4: loss = 1326.9368896484375
Epoch 5: loss = 868.7142944335938
Epoch 6: loss = 723.9873046875
Epoch 7: loss = 646.8939819335938
Epoch 8: loss = 589.8461303710938
Epoch 9: loss = 546.589111328125
Epoch 10: loss = 507.3106689453125
Epoch 11: loss = 462.36566162109375
Epoch 12: loss = 436.5090026855469
Epoch 13: loss = 425.0413513183594
Epoch 14: loss = 418.82330322265625
Epoch 0: loss = -9055.9033203125
Epoch 1: loss = -9057.541015625
Epoch 2: loss = -9057.609375
Epoch 3: loss = -9057.61328125
Epoch 4: loss = -9057.6142578125
Epoch 5: loss = -9057.6142578125
Epoch 6: loss = -9057.6162109375
Epoch 7: loss = -9057.6171875
Epoch 8: loss = -9057.6181640625
Epoch 9: loss = -9057.619140625
Epoch 10: loss = -9057.619140625
Epoch 11: loss = -9057.6220703125
Epoch 12: loss = -9057.6220703125
Epoch 13: loss = -9057.6220703125
Epoch 14: loss = -9057.623046875
Epoch 15: loss = -9057.6240234375
Epoch 16: loss = -9057.6240234375
Epoch 17: loss = -9057.6240234375
Epoch 18: loss = -9057.625
Epoch 19: loss = -9057.625
Epoch 20: loss = -9057.6259765625
Epoch 21: loss = -9057.626953125
Epoch 22: loss = -9057.626953125
Epoch 23: loss = -9057.626953125
Epoch 24: loss = -9057.626953125
Epoch 25: loss = -9057.626953125
Epoch 26: loss = -9057.626953125
Early stopping at epoch 26 with loss -9057.626953125
Reconstruction for fluence = 2636.6508987303555 photons/pixel
Epoch 0: loss = 63824192.0
Epoch 1: loss = 132678.3125
Epoch 2: loss = 36152.89453125
Epoch 3: loss = 12875.845703125
Epoch 4: loss = 6138.07568359375
Epoch 5: loss = 3777.092529296875
Epoch 6: loss = 2995.710205078125
Epoch 7: loss = 2573.059814453125
Epoch 8: loss = 2294.695068359375
Epoch 9: loss = 2072.32763671875
Epoch 10: loss = 1806.9857177734375
Epoch 11: loss = 1569.5948486328125
Epoch 12: loss = 1373.0057373046875
Epoch 13: loss = 1105.544921875
Epoch 14: loss = 976.7815551757812
Epoch 0: loss = -23392.509765625
Epoch 1: loss = -23394.787109375
Epoch 2: loss = -23394.857421875
Epoch 3: loss = -23394.865234375
Epoch 4: loss = -23394.869140625
Epoch 5: loss = -23394.87109375
Epoch 6: loss = -23394.873046875
Epoch 7: loss = -23394.875
Epoch 8: loss = -23394.876953125
Epoch 9: loss = -23394.87890625
Epoch 10: loss = -23394.8828125
Epoch 11: loss = -23394.8828125
Epoch 12: loss = -23394.8828125
Epoch 13: loss = -23394.8828125
Epoch 14: loss = -23394.8828125
Epoch 15: loss = -23394.8828125
Early stopping at epoch 15 with loss -23394.8828125
Reconstruction for fluence = 6158.482110660255 photons/pixel
Epoch 0: loss = 348182944.0
Epoch 1: loss = 718070.9375
Epoch 2: loss = 193792.0625
Epoch 3: loss = 65220.09765625
Epoch 4: loss = 28288.119140625
Epoch 5: loss = 16531.375
Epoch 6: loss = 11943.931640625
Epoch 7: loss = 10042.5537109375
Epoch 8: loss = 8895.9619140625
Epoch 9: loss = 8204.9189453125
Epoch 10: loss = 7790.0087890625
Epoch 11: loss = 7521.11962890625
Epoch 12: loss = 7229.01171875
Epoch 13: loss = 6835.1015625
Epoch 14: loss = 6442.24169921875
Epoch 0: loss = -59864.80078125
Epoch 1: loss = -59870.47265625
Epoch 2: loss = -59870.625
Epoch 3: loss = -59870.640625
Epoch 4: loss = -59870.65234375
Epoch 5: loss = -59870.65234375
Epoch 6: loss = -59870.66796875
Epoch 7: loss = -59870.66796875
Epoch 8: loss = -59870.66796875
Epoch 9: loss = -59870.66796875
Epoch 10: loss = -59870.67578125
Epoch 11: loss = -59870.67578125
Epoch 12: loss = -59870.6796875
Epoch 13: loss = -59870.6796875
Epoch 14: loss = -59870.6875
Epoch 15: loss = -59870.6875
Epoch 16: loss = -59870.6875
Epoch 17: loss = -59870.6953125
Epoch 18: loss = -59870.6953125
Epoch 19: loss = -59870.6953125
Epoch 20: loss = -59870.703125
Epoch 21: loss = -59870.703125
Epoch 22: loss = -59870.70703125
Epoch 23: loss = -59870.70703125
Epoch 24: loss = -59870.70703125
Epoch 25: loss = -59870.70703125
Epoch 26: loss = -59870.70703125
Epoch 27: loss = -59870.70703125
Early stopping at epoch 27 with loss -59870.70703125
Reconstruction for fluence = 14384.498882876629 photons/pixel
Epoch 0: loss = 1899467264.0
Epoch 1: loss = 3892130.75
Epoch 2: loss = 1012034.6875
Epoch 3: loss = 356624.6875
Epoch 4: loss = 145278.78125
Epoch 5: loss = 81905.0703125
Epoch 6: loss = 58537.47265625
Epoch 7: loss = 47564.84765625
Epoch 8: loss = 39765.8828125
Epoch 9: loss = 33841.640625
Epoch 10: loss = 29713.865234375
Epoch 11: loss = 27368.517578125
Epoch 12: loss = 25944.416015625
Epoch 13: loss = 24825.478515625
Epoch 14: loss = 23791.900390625
Epoch 0: loss = -152032.359375
Epoch 1: loss = -152042.34375
Epoch 2: loss = -152042.578125
Epoch 3: loss = -152042.703125
Epoch 4: loss = -152042.71875
Epoch 5: loss = -152042.734375
Epoch 6: loss = -152042.78125
Epoch 7: loss = -152042.78125
Epoch 8: loss = -152042.78125
Epoch 9: loss = -152042.78125
Epoch 10: loss = -152042.78125
Epoch 11: loss = -152042.78125
Early stopping at epoch 11 with loss -152042.78125
Reconstruction for fluence = 33598.18286283781 photons/pixel
Epoch 0: loss = 10363384832.0
Epoch 1: loss = 21195524.0
Epoch 2: loss = 5427857.0
Epoch 3: loss = 1860610.75
Epoch 4: loss = 818969.8125
Epoch 5: loss = 437942.09375
Epoch 6: loss = 306675.65625
Epoch 7: loss = 243648.578125
Epoch 8: loss = 212549.015625
Epoch 9: loss = 188784.5
Epoch 10: loss = 173512.3125
Epoch 11: loss = 156671.953125
Epoch 12: loss = 133207.203125
Epoch 13: loss = 108897.875
Epoch 14: loss = 71769.28125
Epoch 0: loss = -383612.34375
Epoch 1: loss = -383627.90625
Epoch 2: loss = -383628.40625
Epoch 3: loss = -383628.5
Epoch 4: loss = -383628.5625
Epoch 5: loss = -383628.625
Epoch 6: loss = -383628.65625
Epoch 7: loss = -383628.65625
Epoch 8: loss = -383628.65625
Epoch 9: loss = -383628.65625
Epoch 10: loss = -383628.65625
Epoch 11: loss = -383628.65625
Early stopping at epoch 11 with loss -383628.65625
Reconstruction for fluence = 78475.99703514607 photons/pixel
Epoch 0: loss = 56537853952.0
Epoch 1: loss = 115807912.0
Epoch 2: loss = 31034730.0
Epoch 3: loss = 10336295.0
Epoch 4: loss = 4280180.5
Epoch 5: loss = 2257336.5
Epoch 6: loss = 1592867.0
Epoch 7: loss = 1281971.375
Epoch 8: loss = 1067065.125
Epoch 9: loss = 936914.25
Epoch 10: loss = 826770.5625
Epoch 11: loss = 752413.6875
Epoch 12: loss = 702063.4375
Epoch 13: loss = 662756.125
Epoch 14: loss = 626740.8125
Epoch 0: loss = -962541.3125
Epoch 1: loss = -962589.5625
Epoch 2: loss = -962590.6875
Epoch 3: loss = -962590.875
Epoch 4: loss = -962591.125
Epoch 5: loss = -962591.125
Epoch 6: loss = -962591.3125
Epoch 7: loss = -962591.3125
Epoch 8: loss = -962591.3125
Epoch 9: loss = -962591.5625
Epoch 10: loss = -962591.8125
Epoch 11: loss = -962591.8125
Epoch 12: loss = -962591.8125
Epoch 13: loss = -962591.8125
Epoch 14: loss = -962591.875
Epoch 15: loss = -962591.875
Epoch 16: loss = -962591.875
Epoch 17: loss = -962592.0
Epoch 18: loss = -962592.0
Epoch 19: loss = -962592.0
Epoch 20: loss = -962592.0
Epoch 21: loss = -962592.0
Epoch 22: loss = -962592.0
Early stopping at epoch 22 with loss -962592.0
Reconstruction for fluence = 183298.07108324335 photons/pixel
Epoch 0: loss = 308446035968.0
Epoch 1: loss = 633493312.0
Epoch 2: loss = 168349680.0
Epoch 3: loss = 58092444.0
Epoch 4: loss = 24528144.0
Epoch 5: loss = 13732427.0
Epoch 6: loss = 9295184.0
Epoch 7: loss = 7395045.5
Epoch 8: loss = 6216782.0
Epoch 9: loss = 5549434.0
Epoch 10: loss = 5130385.0
Epoch 11: loss = 4863530.5
Epoch 12: loss = 4636834.5
Epoch 13: loss = 4028004.5
Epoch 14: loss = 3259416.0
Epoch 0: loss = -2403765.0
Epoch 1: loss = -2403891.25
Epoch 2: loss = -2403893.25
Epoch 3: loss = -2403893.75
Epoch 4: loss = -2403894.25
Epoch 5: loss = -2403894.75
Epoch 6: loss = -2403895.0
Epoch 7: loss = -2403895.0
Epoch 8: loss = -2403895.25
Epoch 9: loss = -2403895.25
Epoch 10: loss = -2403895.25
Epoch 11: loss = -2403895.25
Epoch 12: loss = -2403895.5
Epoch 13: loss = -2403895.5
Epoch 14: loss = -2403895.5
Epoch 15: loss = -2403895.5
Epoch 16: loss = -2403895.5
Epoch 17: loss = -2403895.5
Early stopping at epoch 17 with loss -2403895.5
Reconstruction for fluence = 428133.2398719387 photons/pixel
Epoch 0: loss = 1682728157184.0
Epoch 1: loss = 3477497088.0
Epoch 2: loss = 884937856.0
Epoch 3: loss = 309670560.0
Epoch 4: loss = 125590504.0
Epoch 5: loss = 66346612.0
Epoch 6: loss = 46428340.0
Epoch 7: loss = 37426556.0
Epoch 8: loss = 31920874.0
Epoch 9: loss = 28788274.0
Epoch 10: loss = 26758658.0
Epoch 11: loss = 25066132.0
Epoch 12: loss = 22336164.0
Epoch 13: loss = 18032676.0
Epoch 14: loss = 13672025.0
Epoch 0: loss = -5977684.5
Epoch 1: loss = -5977901.0
Epoch 2: loss = -5977903.5
Epoch 3: loss = -5977905.0
Epoch 4: loss = -5977905.0
Epoch 5: loss = -5977906.0
Epoch 6: loss = -5977906.0
Epoch 7: loss = -5977906.5
Epoch 8: loss = -5977906.5
Epoch 9: loss = -5977907.0
Epoch 10: loss = -5977907.0
Epoch 11: loss = -5977907.0
Epoch 12: loss = -5977907.5
Epoch 13: loss = -5977907.5
Epoch 14: loss = -5977907.5
Epoch 15: loss = -5977907.5
Epoch 16: loss = -5977907.5
Epoch 17: loss = -5977908.0
Epoch 18: loss = -5977908.5
Epoch 19: loss = -5977908.5
Epoch 20: loss = -5977908.5
Epoch 21: loss = -5977908.5
Epoch 22: loss = -5977908.5
Epoch 23: loss = -5977908.5
Early stopping at epoch 23 with loss -5977908.5
Reconstruction for fluence = 1000000.0 photons/pixel
Epoch 0: loss = 9180312240128.0
Epoch 1: loss = 18922199040.0
Epoch 2: loss = 4919802880.0
Epoch 3: loss = 1743670656.0
Epoch 4: loss = 709391424.0
Epoch 5: loss = 378252640.0
Epoch 6: loss = 262497968.0
Epoch 7: loss = 209733056.0
Epoch 8: loss = 177982928.0
Epoch 9: loss = 159095760.0
Epoch 10: loss = 147994480.0
Epoch 11: loss = 139064640.0
Epoch 12: loss = 129602960.0
Epoch 13: loss = 118943448.0
Epoch 14: loss = 109921864.0
Epoch 0: loss = -14810371.0
Epoch 1: loss = -14811035.0
Epoch 2: loss = -14811058.0
Epoch 3: loss = -14811062.0
Epoch 4: loss = -14811064.0
Epoch 5: loss = -14811067.0
Epoch 6: loss = -14811068.0
Epoch 7: loss = -14811069.0
Epoch 8: loss = -14811069.0
Epoch 9: loss = -14811069.0
Epoch 10: loss = -14811070.0
Epoch 11: loss = -14811071.0
Epoch 12: loss = -14811073.0
Epoch 13: loss = -14811073.0
Epoch 14: loss = -14811074.0
Epoch 15: loss = -14811074.0
Epoch 16: loss = -14811075.0
Epoch 17: loss = -14811074.0
Epoch 18: loss = -14811076.0
Epoch 19: loss = -14811076.0
Epoch 20: loss = -14811076.0
Epoch 21: loss = -14811076.0
Epoch 22: loss = -14811076.0
Epoch 23: loss = -14811076.0
Early stopping at epoch 23 with loss -14811076.0
Simulation for steps_size=29 and n_fluences=20 completed!
