Running simulation for steps_size=28 and n_fluences=20
Steps size: 28
Tensors initialization on device cuda
Multiprobe = None

('MSE', None) RECONSTRUCTIONS

Reconstruction for fluence = 0.09999999999999999 photons/pixel
Epoch 0: loss = 0.18438853323459625
Epoch 1: loss = 0.059481311589479446
Epoch 2: loss = 0.054570700973272324
Epoch 3: loss = 0.052991658449172974
Epoch 4: loss = 0.05216478183865547
Epoch 5: loss = 0.05155576393008232
Epoch 6: loss = 0.0512017160654068
Epoch 7: loss = 0.05099564790725708
Epoch 8: loss = 0.05091046541929245
Epoch 9: loss = 0.05081979185342789
Epoch 10: loss = 0.05070460960268974
Epoch 11: loss = 0.05065316706895828
Epoch 12: loss = 0.050631746649742126
Epoch 13: loss = 0.050586506724357605
Epoch 14: loss = 0.05056733638048172
Epoch 15: loss = 0.05055929347872734
Epoch 16: loss = 0.05055626109242439
Epoch 17: loss = 0.05055456608533859
Epoch 18: loss = 0.050553757697343826
Early stopping at epoch 18 with loss 0.050586506724357605
Reconstruction for fluence = 0.23357214690901223 photons/pixel
Epoch 0: loss = 0.7120994925498962
Epoch 1: loss = 0.13695028424263
Epoch 2: loss = 0.12530724704265594
Epoch 3: loss = 0.1228158250451088
Epoch 4: loss = 0.1219596341252327
Epoch 5: loss = 0.12136724591255188
Epoch 6: loss = 0.12117436528205872
Epoch 7: loss = 0.12104177474975586
Epoch 8: loss = 0.12080010026693344
Epoch 9: loss = 0.12061027437448502
Epoch 10: loss = 0.12026527523994446
Epoch 11: loss = 0.1200842633843422
Epoch 12: loss = 0.1199178472161293
Epoch 13: loss = 0.11983651667833328
Epoch 14: loss = 0.1197800487279892
Epoch 15: loss = 0.11975119262933731
Epoch 16: loss = 0.11973556131124496
Epoch 17: loss = 0.11973028630018234
Epoch 18: loss = 0.11972752958536148
Epoch 19: loss = 0.11972614377737045
Early stopping at epoch 19 with loss 0.1197800487279892
Reconstruction for fluence = 0.5455594781168519 photons/pixel
Epoch 0: loss = 3.125117778778076
Epoch 1: loss = 0.33296728134155273
Epoch 2: loss = 0.296979159116745
Epoch 3: loss = 0.2895970940589905
Epoch 4: loss = 0.2872084677219391
Epoch 5: loss = 0.2862682342529297
Epoch 6: loss = 0.2858799397945404
Epoch 7: loss = 0.2855622470378876
Epoch 8: loss = 0.2851966917514801
Epoch 9: loss = 0.28490903973579407
Epoch 10: loss = 0.28456082940101624
Epoch 11: loss = 0.2844063341617584
Epoch 12: loss = 0.2843005657196045
Epoch 13: loss = 0.28421005606651306
Epoch 14: loss = 0.2841682434082031
Epoch 15: loss = 0.28415095806121826
Epoch 16: loss = 0.284144788980484
Epoch 17: loss = 0.28414270281791687
Epoch 18: loss = 0.2841419279575348
Epoch 19: loss = 0.284141480922699
Early stopping at epoch 19 with loss 0.2841682434082031
Reconstruction for fluence = 1.2742749857031335 photons/pixel
Epoch 0: loss = 15.42006778717041
Epoch 1: loss = 0.7991884350776672
Epoch 2: loss = 0.6879567503929138
Epoch 3: loss = 0.6670566201210022
Epoch 4: loss = 0.6617653965950012
Epoch 5: loss = 0.6600388288497925
Epoch 6: loss = 0.6593591570854187
Epoch 7: loss = 0.6589967012405396
Epoch 8: loss = 0.6587012410163879
Epoch 9: loss = 0.6585732102394104
Epoch 10: loss = 0.6585186123847961
Epoch 11: loss = 0.6584926247596741
Epoch 12: loss = 0.6584790945053101
Epoch 13: loss = 0.6584702134132385
Epoch 14: loss = 0.658463180065155
Epoch 15: loss = 0.6584579944610596
Epoch 16: loss = 0.6584539413452148
Epoch 17: loss = 0.6584537625312805
Epoch 18: loss = 0.6584517359733582
Early stopping at epoch 18 with loss 0.6584702134132385
Reconstruction for fluence = 2.976351441631318 photons/pixel
Epoch 0: loss = 80.1795654296875
Epoch 1: loss = 1.7604175806045532
Epoch 2: loss = 1.4042631387710571
Epoch 3: loss = 1.3283756971359253
Epoch 4: loss = 1.3071156740188599
Epoch 5: loss = 1.3009874820709229
Epoch 6: loss = 1.2992249727249146
Epoch 7: loss = 1.2986270189285278
Epoch 8: loss = 1.2982736825942993
Epoch 9: loss = 1.298143982887268
Epoch 10: loss = 1.2980972528457642
Epoch 11: loss = 1.298079490661621
Epoch 12: loss = 1.2980772256851196
Epoch 13: loss = 1.298073649406433
Epoch 14: loss = 1.2980700731277466
Early stopping at epoch 14 with loss 1.298143982887268
Reconstruction for fluence = 6.9519279617756045 photons/pixel
Epoch 0: loss = 430.6424255371094
Epoch 1: loss = 4.733269691467285
Epoch 2: loss = 3.4728152751922607
Epoch 3: loss = 3.1689224243164062
Epoch 4: loss = 3.084655523300171
Epoch 5: loss = 3.055701732635498
Epoch 6: loss = 3.0458569526672363
Epoch 7: loss = 3.0421714782714844
Epoch 8: loss = 3.040489673614502
Epoch 9: loss = 3.03960919380188
Epoch 10: loss = 3.0392067432403564
Epoch 11: loss = 3.0390260219573975
Epoch 12: loss = 3.038926362991333
Epoch 13: loss = 3.0388667583465576
Epoch 14: loss = 3.038829803466797
Epoch 15: loss = 3.0388100147247314
Epoch 16: loss = 3.0388023853302
Epoch 17: loss = 3.0388009548187256
Epoch 18: loss = 3.0387988090515137
Early stopping at epoch 18 with loss 3.0388667583465576
Reconstruction for fluence = 16.23776739188721 photons/pixel
Epoch 0: loss = 2327.578125
Epoch 1: loss = 13.278403282165527
Epoch 2: loss = 8.157170295715332
Epoch 3: loss = 7.0338616371154785
Epoch 4: loss = 6.737158298492432
Epoch 5: loss = 6.62481689453125
Epoch 6: loss = 6.5877885818481445
Epoch 7: loss = 6.572844505310059
Epoch 8: loss = 6.565103054046631
Epoch 9: loss = 6.561306953430176
Epoch 10: loss = 6.559452533721924
Epoch 11: loss = 6.5586090087890625
Epoch 12: loss = 6.558210849761963
Epoch 13: loss = 6.55792760848999
Epoch 14: loss = 6.5577287673950195
Epoch 15: loss = 6.557511806488037
Epoch 16: loss = 6.55569314956665
Epoch 17: loss = 6.554555416107178
Epoch 18: loss = 6.553999900817871
Epoch 19: loss = 6.553706645965576
Epoch 20: loss = 6.5535569190979
Epoch 21: loss = 6.553462028503418
Epoch 22: loss = 6.553401470184326
Epoch 23: loss = 6.553360939025879
Epoch 24: loss = 6.553349018096924
Epoch 25: loss = 6.553338527679443
Epoch 26: loss = 6.5533270835876465
Epoch 27: loss = 6.553315162658691
Early stopping at epoch 27 with loss 6.553401470184326
Reconstruction for fluence = 37.926901907322495 photons/pixel
Epoch 0: loss = 12603.7587890625
Epoch 1: loss = 45.29650115966797
Epoch 2: loss = 22.99884605407715
Epoch 3: loss = 17.508325576782227
Epoch 4: loss = 15.97130298614502
Epoch 5: loss = 15.38734245300293
Epoch 6: loss = 15.207719802856445
Epoch 7: loss = 15.134562492370605
Epoch 8: loss = 15.087410926818848
Epoch 9: loss = 15.06441593170166
Epoch 10: loss = 15.05113697052002
Epoch 11: loss = 15.04426383972168
Epoch 12: loss = 15.040679931640625
Epoch 13: loss = 15.03836727142334
Epoch 14: loss = 15.0367431640625
Epoch 15: loss = 15.035683631896973
Epoch 16: loss = 15.035025596618652
Epoch 17: loss = 15.0348482131958
Epoch 18: loss = 15.03447151184082
Epoch 19: loss = 15.03412914276123
Epoch 20: loss = 15.033769607543945
Epoch 21: loss = 15.033146858215332
Epoch 22: loss = 15.03184700012207
Epoch 23: loss = 15.030692100524902
Epoch 24: loss = 15.029924392700195
Epoch 25: loss = 15.029451370239258
Epoch 26: loss = 15.02915096282959
Epoch 27: loss = 15.02890396118164
Epoch 28: loss = 15.028640747070312
Epoch 29: loss = 15.028115272521973
Epoch 30: loss = 15.026482582092285
Epoch 31: loss = 15.0108642578125
Epoch 32: loss = 14.983489990234375
Epoch 33: loss = 14.95750904083252
Epoch 34: loss = 14.947038650512695
Epoch 35: loss = 14.94157886505127
Epoch 36: loss = 14.93921947479248
Epoch 37: loss = 14.937756538391113
Epoch 38: loss = 14.936878204345703
Epoch 39: loss = 14.93627643585205
Epoch 40: loss = 14.935871124267578
Epoch 41: loss = 14.935592651367188
Epoch 42: loss = 14.9354248046875
Epoch 43: loss = 14.93533706665039
Epoch 44: loss = 14.935319900512695
Epoch 45: loss = 14.935261726379395
Epoch 46: loss = 14.9352388381958
Epoch 47: loss = 14.935199737548828
Epoch 48: loss = 14.935169219970703
Epoch 49: loss = 14.935163497924805
Epoch 50: loss = 14.935150146484375
Epoch 51: loss = 14.935121536254883
Epoch 52: loss = 14.93510627746582
Early stopping at epoch 52 with loss 14.935199737548828
Reconstruction for fluence = 88.58667904100822 photons/pixel
Epoch 0: loss = 68727.0859375
Epoch 1: loss = 176.8998565673828
Epoch 2: loss = 70.50808715820312
Epoch 3: loss = 44.63005447387695
Epoch 4: loss = 37.93946838378906
Epoch 5: loss = 35.70098114013672
Epoch 6: loss = 34.821449279785156
Epoch 7: loss = 34.43452835083008
Epoch 8: loss = 34.14785385131836
Epoch 9: loss = 33.96626663208008
Epoch 10: loss = 33.781959533691406
Epoch 11: loss = 33.47777557373047
Epoch 12: loss = 33.3472900390625
Epoch 13: loss = 33.28556823730469
Epoch 14: loss = 33.251220703125
Epoch 15: loss = 33.23398208618164
Epoch 16: loss = 33.22514724731445
Epoch 17: loss = 33.2159423828125
Epoch 18: loss = 33.21110153198242
Epoch 19: loss = 33.20766830444336
Epoch 20: loss = 33.20519256591797
Epoch 21: loss = 33.203426361083984
Epoch 22: loss = 33.20193862915039
Epoch 23: loss = 33.20067596435547
Epoch 24: loss = 33.19968795776367
Epoch 25: loss = 33.199031829833984
Epoch 26: loss = 33.19857406616211
Epoch 27: loss = 33.19831848144531
Epoch 28: loss = 33.198272705078125
Epoch 29: loss = 33.19825744628906
Epoch 30: loss = 33.1982307434082
Epoch 31: loss = 33.19820785522461
Epoch 32: loss = 33.19807815551758
Epoch 33: loss = 33.19802474975586
Epoch 34: loss = 33.19794464111328
Epoch 35: loss = 33.19791030883789
Epoch 36: loss = 33.19791030883789
Epoch 37: loss = 33.19786834716797
Epoch 38: loss = 33.1978645324707
Epoch 39: loss = 33.19780349731445
Epoch 40: loss = 33.19780349731445
Epoch 41: loss = 33.19780349731445
Epoch 42: loss = 33.19778823852539
Epoch 43: loss = 33.19776916503906
Epoch 44: loss = 33.19774627685547
Early stopping at epoch 44 with loss 33.19780349731445
Reconstruction for fluence = 206.9138081114788 photons/pixel
Epoch 0: loss = 374670.0
Epoch 1: loss = 822.9329223632812
Epoch 2: loss = 268.6408386230469
Epoch 3: loss = 135.7634735107422
Epoch 4: loss = 96.57755279541016
Epoch 5: loss = 84.96390533447266
Epoch 6: loss = 81.09440612792969
Epoch 7: loss = 79.22017669677734
Epoch 8: loss = 78.07469940185547
Epoch 9: loss = 77.2969741821289
Epoch 10: loss = 76.75608825683594
Epoch 11: loss = 76.42473602294922
Epoch 12: loss = 76.22023010253906
Epoch 13: loss = 76.05162811279297
Epoch 14: loss = 75.93437957763672
Epoch 15: loss = 75.85533905029297
Epoch 16: loss = 75.80144500732422
Epoch 17: loss = 75.76920318603516
Epoch 18: loss = 75.72505950927734
Epoch 19: loss = 75.52074432373047
Epoch 20: loss = 74.9867935180664
Epoch 21: loss = 74.63899230957031
Epoch 22: loss = 74.32294464111328
Epoch 23: loss = 73.3173599243164
Epoch 24: loss = 72.81580352783203
Epoch 25: loss = 72.63127899169922
Epoch 26: loss = 72.55043029785156
Epoch 27: loss = 72.5125961303711
Epoch 28: loss = 72.48551177978516
Epoch 29: loss = 72.46743774414062
Epoch 30: loss = 72.45428466796875
Epoch 31: loss = 72.44464111328125
Epoch 32: loss = 72.43748474121094
Epoch 33: loss = 72.43170928955078
Epoch 34: loss = 72.42659759521484
Epoch 35: loss = 72.42122650146484
Epoch 36: loss = 72.41625213623047
Epoch 37: loss = 72.4122085571289
Epoch 38: loss = 72.4090576171875
Epoch 39: loss = 72.40660095214844
Epoch 40: loss = 72.40451049804688
Epoch 41: loss = 72.40279388427734
Epoch 42: loss = 72.40132904052734
Epoch 43: loss = 72.39997100830078
Epoch 44: loss = 72.39868927001953
Epoch 45: loss = 72.39779663085938
Epoch 46: loss = 72.39691925048828
Epoch 47: loss = 72.39676666259766
Epoch 48: loss = 72.3963623046875
Epoch 49: loss = 72.3963623046875
Epoch 50: loss = 72.39591979980469
Epoch 51: loss = 72.3958511352539
Epoch 52: loss = 72.39552307128906
Epoch 53: loss = 72.3954849243164
Epoch 54: loss = 72.39545440673828
Epoch 55: loss = 72.39523315429688
Epoch 56: loss = 72.39521026611328
Epoch 57: loss = 72.39517974853516
Epoch 58: loss = 72.39505004882812
Epoch 59: loss = 72.39505767822266
Epoch 60: loss = 72.39495086669922
Epoch 61: loss = 72.39495086669922
Epoch 62: loss = 72.39490509033203
Epoch 63: loss = 72.39482879638672
Epoch 64: loss = 72.394775390625
Epoch 65: loss = 72.39473724365234
Epoch 66: loss = 72.39471435546875
Epoch 67: loss = 72.39469146728516
Epoch 68: loss = 72.39469146728516
Epoch 69: loss = 72.3946304321289
Epoch 70: loss = 72.39458465576172
Epoch 71: loss = 72.39458465576172
Epoch 72: loss = 72.39456176757812
Epoch 73: loss = 72.39451599121094
Epoch 74: loss = 72.39453125
Epoch 75: loss = 72.39453125
Epoch 76: loss = 72.39451599121094
Epoch 77: loss = 72.39451599121094
Epoch 78: loss = 72.39445495605469
Early stopping at epoch 78 with loss 72.39451599121094
Reconstruction for fluence = 483.2930238571752 photons/pixel
Epoch 0: loss = 2044842.625
Epoch 1: loss = 4117.58056640625
Epoch 2: loss = 1105.472900390625
Epoch 3: loss = 474.8177795410156
Epoch 4: loss = 288.3360900878906
Epoch 5: loss = 231.2716522216797
Epoch 6: loss = 212.87710571289062
Epoch 7: loss = 204.2286834716797
Epoch 8: loss = 198.13162231445312
Epoch 9: loss = 188.92735290527344
Epoch 10: loss = 182.6680908203125
Epoch 11: loss = 179.80328369140625
Epoch 12: loss = 178.40234375
Epoch 13: loss = 177.30084228515625
Epoch 14: loss = 176.4667510986328
Epoch 15: loss = 175.9771728515625
Epoch 16: loss = 175.609619140625
Epoch 17: loss = 173.47125244140625
Epoch 18: loss = 168.68386840820312
Epoch 19: loss = 166.58602905273438
Epoch 20: loss = 165.63693237304688
Epoch 21: loss = 165.23350524902344
Epoch 22: loss = 165.01014709472656
Epoch 23: loss = 164.870361328125
Epoch 24: loss = 164.77090454101562
Epoch 25: loss = 164.70274353027344
Epoch 26: loss = 164.655517578125
Epoch 27: loss = 164.62628173828125
Epoch 28: loss = 164.59934997558594
Epoch 29: loss = 164.5782012939453
Epoch 30: loss = 164.56260681152344
Epoch 31: loss = 164.55050659179688
Epoch 32: loss = 164.54275512695312
Epoch 33: loss = 164.5362091064453
Epoch 34: loss = 164.53086853027344
Epoch 35: loss = 164.5265350341797
Epoch 36: loss = 164.52244567871094
Epoch 37: loss = 164.5205078125
Epoch 38: loss = 164.518310546875
Epoch 39: loss = 164.5163116455078
Epoch 40: loss = 164.5142822265625
Epoch 41: loss = 164.51268005371094
Epoch 42: loss = 164.51119995117188
Epoch 43: loss = 164.5108642578125
Epoch 44: loss = 164.50962829589844
Epoch 45: loss = 164.5095977783203
Epoch 46: loss = 164.5095977783203
Epoch 47: loss = 164.50791931152344
Epoch 48: loss = 164.5048065185547
Epoch 49: loss = 164.50296020507812
Epoch 50: loss = 164.49728393554688
Epoch 51: loss = 164.49545288085938
Epoch 52: loss = 164.49183654785156
Epoch 53: loss = 164.49050903320312
Epoch 54: loss = 164.48846435546875
Epoch 55: loss = 164.48797607421875
Epoch 56: loss = 164.4864044189453
Epoch 57: loss = 164.4864044189453
Epoch 58: loss = 164.48611450195312
Epoch 59: loss = 164.48513793945312
Epoch 60: loss = 164.4849395751953
Epoch 61: loss = 164.484375
Epoch 62: loss = 164.4842071533203
Epoch 63: loss = 164.4840850830078
Epoch 64: loss = 164.4838104248047
Epoch 65: loss = 164.4833984375
Epoch 66: loss = 164.48301696777344
Epoch 67: loss = 164.4827423095703
Epoch 68: loss = 164.48277282714844
Epoch 69: loss = 164.4826202392578
Epoch 70: loss = 164.4826202392578
Epoch 71: loss = 164.482177734375
Epoch 72: loss = 164.4822540283203
Epoch 73: loss = 164.48194885253906
Epoch 74: loss = 164.4816436767578
Epoch 75: loss = 164.4816436767578
Epoch 76: loss = 164.48150634765625
Epoch 77: loss = 164.48150634765625
Epoch 78: loss = 164.48150634765625
Epoch 79: loss = 164.4813995361328
Epoch 80: loss = 164.4813995361328
Epoch 81: loss = 164.48092651367188
Epoch 82: loss = 164.48081970214844
Epoch 83: loss = 164.4808349609375
Epoch 84: loss = 164.4808349609375
Epoch 85: loss = 164.4806671142578
Epoch 86: loss = 164.4805450439453
Epoch 87: loss = 164.48043823242188
Epoch 88: loss = 164.4802703857422
Epoch 89: loss = 164.47979736328125
Epoch 90: loss = 164.47970581054688
Epoch 91: loss = 164.4794464111328
Epoch 92: loss = 164.4794464111328
Epoch 93: loss = 164.47938537597656
Epoch 94: loss = 164.47938537597656
Epoch 95: loss = 164.4792022705078
Epoch 96: loss = 164.47914123535156
Epoch 97: loss = 164.47897338867188
Epoch 98: loss = 164.47900390625
Epoch 99: loss = 164.47840881347656
Epoch 100: loss = 164.47840881347656
Epoch 101: loss = 164.47833251953125
Epoch 102: loss = 164.47808837890625
Epoch 103: loss = 164.4777374267578
Epoch 104: loss = 164.47775268554688
Epoch 105: loss = 164.4774169921875
Epoch 106: loss = 164.47708129882812
Epoch 107: loss = 164.4770050048828
Epoch 108: loss = 164.4770050048828
Epoch 109: loss = 164.4768829345703
Epoch 110: loss = 164.47683715820312
Epoch 111: loss = 164.47671508789062
Epoch 112: loss = 164.4766845703125
Epoch 113: loss = 164.4765625
Epoch 114: loss = 164.47642517089844
Epoch 115: loss = 164.47637939453125
Epoch 116: loss = 164.47628784179688
Epoch 117: loss = 164.47618103027344
Epoch 118: loss = 164.47608947753906
Epoch 119: loss = 164.47618103027344
Epoch 120: loss = 164.4761505126953
Epoch 121: loss = 164.4761199951172
Epoch 122: loss = 164.47613525390625
Epoch 123: loss = 164.4761505126953
Early stopping at epoch 123 with loss 164.47608947753906
Reconstruction for fluence = 1128.8378916846884 photons/pixel
Epoch 0: loss = 11149965.0
Epoch 1: loss = 21528.619140625
Epoch 2: loss = 5623.70654296875
Epoch 3: loss = 2008.5523681640625
Epoch 4: loss = 1056.932373046875
Epoch 5: loss = 733.6701049804688
Epoch 6: loss = 633.9346313476562
Epoch 7: loss = 589.8391723632812
Epoch 8: loss = 560.032470703125
Epoch 9: loss = 539.501220703125
Epoch 10: loss = 519.8803100585938
Epoch 11: loss = 499.3111877441406
Epoch 12: loss = 484.6412658691406
Epoch 13: loss = 473.27789306640625
Epoch 14: loss = 464.0153503417969
Epoch 15: loss = 456.18597412109375
Epoch 16: loss = 443.97052001953125
Epoch 17: loss = 411.3495788574219
Epoch 18: loss = 397.76025390625
Epoch 19: loss = 391.0094299316406
Epoch 20: loss = 387.46728515625
Epoch 21: loss = 385.4314880371094
Epoch 22: loss = 384.3683166503906
Epoch 23: loss = 383.6498718261719
Epoch 24: loss = 383.1502990722656
Epoch 25: loss = 382.7626953125
Epoch 26: loss = 382.4714660644531
Epoch 27: loss = 382.2756042480469
Epoch 28: loss = 382.1077575683594
Epoch 29: loss = 381.9864501953125
Epoch 30: loss = 381.8834533691406
Epoch 31: loss = 381.8002014160156
Epoch 32: loss = 381.7424011230469
Epoch 33: loss = 381.69677734375
Epoch 34: loss = 381.6636657714844
Epoch 35: loss = 381.6368713378906
Epoch 36: loss = 381.6111755371094
Epoch 37: loss = 381.59210205078125
Epoch 38: loss = 381.5776062011719
Epoch 39: loss = 381.56524658203125
Epoch 40: loss = 381.5619812011719
Epoch 41: loss = 381.55902099609375
Epoch 42: loss = 381.5492248535156
Epoch 43: loss = 381.5423583984375
Epoch 44: loss = 381.5387878417969
Epoch 45: loss = 381.5334167480469
Epoch 46: loss = 381.52978515625
Epoch 47: loss = 381.52532958984375
Epoch 48: loss = 381.5227355957031
Epoch 49: loss = 381.521484375
Epoch 50: loss = 381.5184020996094
Epoch 51: loss = 381.51556396484375
Epoch 52: loss = 381.51318359375
Epoch 53: loss = 381.5110778808594
Epoch 54: loss = 381.50970458984375
Epoch 55: loss = 381.5074768066406
Epoch 56: loss = 381.5074768066406
Epoch 57: loss = 381.5065612792969
Epoch 58: loss = 381.5049743652344
Epoch 59: loss = 381.5037536621094
Epoch 60: loss = 381.50238037109375
Epoch 61: loss = 381.5008239746094
Epoch 62: loss = 381.49957275390625
Epoch 63: loss = 381.4988098144531
Epoch 64: loss = 381.4983215332031
Epoch 65: loss = 381.4972839355469
Epoch 66: loss = 381.4967346191406
Epoch 67: loss = 381.4953918457031
Epoch 68: loss = 381.49505615234375
Epoch 69: loss = 381.4942626953125
Epoch 70: loss = 381.49267578125
Epoch 71: loss = 381.4924011230469
Epoch 72: loss = 381.4923400878906
Epoch 73: loss = 381.49212646484375
Epoch 74: loss = 381.4909973144531
Epoch 75: loss = 381.48968505859375
Epoch 76: loss = 381.48968505859375
Epoch 77: loss = 381.4896240234375
Epoch 78: loss = 381.4875793457031
Epoch 79: loss = 381.4877014160156
Epoch 80: loss = 381.4865417480469
Epoch 81: loss = 381.4865417480469
Epoch 82: loss = 381.4856262207031
Epoch 83: loss = 381.4844055175781
Epoch 84: loss = 381.4833068847656
Epoch 85: loss = 381.48040771484375
Epoch 86: loss = 381.4767761230469
Epoch 87: loss = 381.4745178222656
Epoch 88: loss = 381.4698791503906
Epoch 89: loss = 381.4657287597656
Epoch 90: loss = 381.46282958984375
Epoch 91: loss = 381.46051025390625
Epoch 92: loss = 381.45843505859375
Epoch 93: loss = 381.45843505859375
Epoch 94: loss = 381.45697021484375
Epoch 95: loss = 381.4567565917969
Epoch 96: loss = 381.4554138183594
Epoch 97: loss = 381.4549865722656
Epoch 98: loss = 381.4547424316406
Epoch 99: loss = 381.45440673828125
Epoch 100: loss = 381.4537353515625
Epoch 101: loss = 381.4535217285156
Epoch 102: loss = 381.45355224609375
Epoch 103: loss = 381.4535217285156
Epoch 104: loss = 381.4535217285156
Epoch 105: loss = 381.4533996582031
Epoch 106: loss = 381.4529113769531
Epoch 107: loss = 381.4530944824219
Epoch 108: loss = 381.4526062011719
Epoch 109: loss = 381.45269775390625
Epoch 110: loss = 381.4524841308594
Epoch 111: loss = 381.4526062011719
Epoch 112: loss = 381.45294189453125
Epoch 113: loss = 381.45263671875
Epoch 114: loss = 381.4525451660156
Epoch 115: loss = 381.4525451660156
Early stopping at epoch 115 with loss 381.4524841308594
Reconstruction for fluence = 2636.6508987303555 photons/pixel
Epoch 0: loss = 60822464.0
Epoch 1: loss = 116014.1796875
Epoch 2: loss = 29462.634765625
Epoch 3: loss = 10348.4599609375
Epoch 4: loss = 4555.470703125
Epoch 5: loss = 2888.353271484375
Epoch 6: loss = 2300.935302734375
Epoch 7: loss = 2078.197265625
Epoch 8: loss = 1926.9385986328125
Epoch 9: loss = 1814.335693359375
Epoch 10: loss = 1688.449462890625
Epoch 11: loss = 1578.9281005859375
Epoch 12: loss = 1499.913818359375
Epoch 13: loss = 1441.476806640625
Epoch 14: loss = 1387.0667724609375
Epoch 15: loss = 1345.3233642578125
Epoch 16: loss = 1315.4547119140625
Epoch 17: loss = 1295.3096923828125
Epoch 18: loss = 1278.34814453125
Epoch 19: loss = 1260.7159423828125
Epoch 20: loss = 1243.4873046875
Epoch 21: loss = 1229.1470947265625
Epoch 22: loss = 1218.5965576171875
Epoch 23: loss = 1209.8726806640625
Epoch 24: loss = 1201.4017333984375
Epoch 25: loss = 1130.0028076171875
Epoch 26: loss = 966.3984375
Epoch 27: loss = 931.4705200195312
Epoch 28: loss = 914.7786254882812
Epoch 29: loss = 905.42822265625
Epoch 30: loss = 898.7548828125
Epoch 31: loss = 894.5360107421875
Epoch 32: loss = 892.0767211914062
Epoch 33: loss = 890.3544921875
Epoch 34: loss = 889.1148071289062
Epoch 35: loss = 887.7634887695312
Epoch 36: loss = 886.8186645507812
Epoch 37: loss = 886.0955200195312
Epoch 38: loss = 885.5179443359375
Epoch 39: loss = 885.0159301757812
Epoch 40: loss = 884.54248046875
Epoch 41: loss = 884.1187133789062
Epoch 42: loss = 883.7755126953125
Epoch 43: loss = 883.554931640625
Epoch 44: loss = 883.3819580078125
Epoch 45: loss = 883.2224731445312
Epoch 46: loss = 883.0779418945312
Epoch 47: loss = 882.9143676757812
Epoch 48: loss = 882.8086547851562
Epoch 49: loss = 882.7222900390625
Epoch 50: loss = 882.6644287109375
Epoch 51: loss = 882.6140747070312
Epoch 52: loss = 882.5736083984375
Epoch 53: loss = 882.5435180664062
Epoch 54: loss = 882.5185546875
Epoch 55: loss = 882.4968872070312
Epoch 56: loss = 882.4796142578125
Epoch 57: loss = 882.4654541015625
Epoch 58: loss = 882.4536743164062
Epoch 59: loss = 882.445068359375
Epoch 60: loss = 882.4373779296875
Epoch 61: loss = 882.4343872070312
Epoch 62: loss = 882.433837890625
Epoch 63: loss = 882.4263305664062
Epoch 64: loss = 882.4225463867188
Epoch 65: loss = 882.415771484375
Epoch 66: loss = 882.4157104492188
Epoch 67: loss = 882.4129028320312
Epoch 68: loss = 882.4114379882812
Epoch 69: loss = 882.41015625
Epoch 70: loss = 882.4080200195312
Epoch 71: loss = 882.405517578125
Epoch 72: loss = 882.4041748046875
Epoch 73: loss = 882.4016723632812
Epoch 74: loss = 882.4016723632812
Epoch 75: loss = 882.4000854492188
Epoch 76: loss = 882.4000854492188
Epoch 77: loss = 882.3975830078125
Epoch 78: loss = 882.3966064453125
Epoch 79: loss = 882.3952026367188
Epoch 80: loss = 882.3955078125
Epoch 81: loss = 882.3939819335938
Epoch 82: loss = 882.392822265625
Epoch 83: loss = 882.392578125
Epoch 84: loss = 882.3912963867188
Epoch 85: loss = 882.3916625976562
Epoch 86: loss = 882.3911743164062
Epoch 87: loss = 882.3894653320312
Epoch 88: loss = 882.3901977539062
Epoch 89: loss = 882.3885498046875
Epoch 90: loss = 882.3889770507812
Epoch 91: loss = 882.3875122070312
Epoch 92: loss = 882.3864135742188
Epoch 93: loss = 882.3864135742188
Epoch 94: loss = 882.3861694335938
Epoch 95: loss = 882.3873901367188
Epoch 96: loss = 882.3851928710938
Epoch 97: loss = 882.3845825195312
Epoch 98: loss = 882.3859252929688
Epoch 99: loss = 882.3843383789062
Epoch 100: loss = 882.3833618164062
Epoch 101: loss = 882.3845825195312
Epoch 102: loss = 882.3836059570312
Epoch 103: loss = 882.3831176757812
Epoch 104: loss = 882.383544921875
Epoch 105: loss = 882.3814086914062
Epoch 106: loss = 882.3814086914062
Epoch 107: loss = 882.3826293945312
Epoch 108: loss = 882.3826293945312
Epoch 109: loss = 882.3814086914062
Epoch 110: loss = 882.3811645507812
Epoch 111: loss = 882.3825073242188
Epoch 112: loss = 882.3807373046875
Epoch 113: loss = 882.38134765625
Epoch 114: loss = 882.3800048828125
Epoch 115: loss = 882.3812866210938
Epoch 116: loss = 882.3812866210938
Epoch 117: loss = 882.3806762695312
Epoch 118: loss = 882.3806762695312
Epoch 119: loss = 882.380126953125
Early stopping at epoch 119 with loss 882.3800048828125
Reconstruction for fluence = 6158.482110660255 photons/pixel
Epoch 0: loss = 331714592.0
Epoch 1: loss = 627363.625
Epoch 2: loss = 155805.0
Epoch 3: loss = 49745.34765625
Epoch 4: loss = 21585.06640625
Epoch 5: loss = 12580.625
Epoch 6: loss = 9727.8798828125
Epoch 7: loss = 8518.701171875
Epoch 8: loss = 7497.54345703125
Epoch 9: loss = 6644.041015625
Epoch 10: loss = 5961.24072265625
Epoch 11: loss = 5566.48681640625
Epoch 12: loss = 5319.02197265625
Epoch 13: loss = 5093.666015625
Epoch 14: loss = 4909.224609375
Epoch 15: loss = 4743.4580078125
Epoch 16: loss = 4582.072265625
Epoch 17: loss = 4458.775390625
Epoch 18: loss = 4330.66748046875
Epoch 19: loss = 4204.36279296875
Epoch 20: loss = 4083.1455078125
Epoch 21: loss = 3978.984375
Epoch 22: loss = 3895.08251953125
Epoch 23: loss = 3215.393310546875
Epoch 24: loss = 2471.6328125
Epoch 25: loss = 2285.2626953125
Epoch 26: loss = 2194.69580078125
Epoch 27: loss = 2158.390869140625
Epoch 28: loss = 2134.033935546875
Epoch 29: loss = 2116.68701171875
Epoch 30: loss = 2104.9453125
Epoch 31: loss = 2097.134765625
Epoch 32: loss = 2092.148193359375
Epoch 33: loss = 2088.775390625
Epoch 34: loss = 2085.849609375
Epoch 35: loss = 2083.31640625
Epoch 36: loss = 2081.36572265625
Epoch 37: loss = 2079.9921875
Epoch 38: loss = 2078.97314453125
Epoch 39: loss = 2078.1220703125
Epoch 40: loss = 2077.260986328125
Epoch 41: loss = 2076.568603515625
Epoch 42: loss = 2076.0322265625
Epoch 43: loss = 2075.62646484375
Epoch 44: loss = 2075.213623046875
Epoch 45: loss = 2074.754638671875
Epoch 46: loss = 2074.24560546875
Epoch 47: loss = 2073.72705078125
Epoch 48: loss = 2073.294189453125
Epoch 49: loss = 2072.900634765625
Epoch 50: loss = 2072.639404296875
Epoch 51: loss = 2072.435302734375
Epoch 52: loss = 2072.2783203125
Epoch 53: loss = 2072.1650390625
Epoch 54: loss = 2072.061767578125
Epoch 55: loss = 2072.02294921875
Epoch 56: loss = 2071.897705078125
Epoch 57: loss = 2071.76220703125
Epoch 58: loss = 2071.623291015625
Epoch 59: loss = 2071.4560546875
Epoch 60: loss = 2071.251220703125
Epoch 61: loss = 2070.9921875
Epoch 62: loss = 2070.735107421875
Epoch 63: loss = 2070.6083984375
Epoch 64: loss = 2070.50048828125
Epoch 65: loss = 2070.401123046875
Epoch 66: loss = 2070.346435546875
Epoch 67: loss = 2070.328125
Epoch 68: loss = 2070.290283203125
Epoch 69: loss = 2070.260009765625
Epoch 70: loss = 2070.229736328125
Epoch 71: loss = 2070.214111328125
Epoch 72: loss = 2070.19140625
Epoch 73: loss = 2070.188720703125
Epoch 74: loss = 2070.1796875
Epoch 75: loss = 2070.1669921875
Epoch 76: loss = 2070.161376953125
Epoch 77: loss = 2070.157470703125
Epoch 78: loss = 2070.149169921875
Epoch 79: loss = 2070.14111328125
Epoch 80: loss = 2070.14013671875
Epoch 81: loss = 2070.135986328125
Epoch 82: loss = 2070.13330078125
Epoch 83: loss = 2070.13330078125
Epoch 84: loss = 2070.1279296875
Epoch 85: loss = 2070.12158203125
Epoch 86: loss = 2070.120361328125
Epoch 87: loss = 2070.123291015625
Epoch 88: loss = 2070.116455078125
Epoch 89: loss = 2070.118408203125
Epoch 90: loss = 2070.1142578125
Epoch 91: loss = 2070.11328125
Epoch 92: loss = 2070.104736328125
Epoch 93: loss = 2070.110595703125
Epoch 94: loss = 2070.112548828125
Epoch 95: loss = 2070.108154296875
Epoch 96: loss = 2070.105224609375
Epoch 97: loss = 2070.110595703125
Early stopping at epoch 97 with loss 2070.104736328125
Reconstruction for fluence = 14384.498882876629 photons/pixel
Epoch 0: loss = 1809889536.0
Epoch 1: loss = 3418691.25
Epoch 2: loss = 949234.0
Epoch 3: loss = 277544.15625
Epoch 4: loss = 115621.875
Epoch 5: loss = 63459.45703125
Epoch 6: loss = 46279.89453125
Epoch 7: loss = 39189.71484375
Epoch 8: loss = 33837.39453125
Epoch 9: loss = 29794.34765625
Epoch 10: loss = 26074.177734375
Epoch 11: loss = 23870.931640625
Epoch 12: loss = 22523.685546875
Epoch 13: loss = 21191.91796875
Epoch 14: loss = 19936.857421875
Epoch 15: loss = 18878.14453125
Epoch 16: loss = 18092.0703125
Epoch 17: loss = 17527.30859375
Epoch 18: loss = 16983.865234375
Epoch 19: loss = 16426.357421875
Epoch 20: loss = 15800.37890625
Epoch 21: loss = 15062.5205078125
Epoch 22: loss = 10316.3544921875
Epoch 23: loss = 7507.2724609375
Epoch 24: loss = 6600.697265625
Epoch 25: loss = 5989.359375
Epoch 26: loss = 5718.35009765625
Epoch 27: loss = 5572.197265625
Epoch 28: loss = 5483.646484375
Epoch 29: loss = 5419.73095703125
Epoch 30: loss = 5372.16064453125
Epoch 31: loss = 5334.92626953125
Epoch 32: loss = 5308.24072265625
Epoch 33: loss = 5288.80126953125
Epoch 34: loss = 5272.490234375
Epoch 35: loss = 5257.560546875
Epoch 36: loss = 5245.541015625
Epoch 37: loss = 5237.81689453125
Epoch 38: loss = 5232.66015625
Epoch 39: loss = 5228.53369140625
Epoch 40: loss = 5224.37548828125
Epoch 41: loss = 5220.990234375
Epoch 42: loss = 5218.47705078125
Epoch 43: loss = 5216.50634765625
Epoch 44: loss = 5214.9296875
Epoch 45: loss = 5213.640625
Epoch 46: loss = 5212.517578125
Epoch 47: loss = 5211.70654296875
Epoch 48: loss = 5210.9716796875
Epoch 49: loss = 5210.482421875
Epoch 50: loss = 5209.953125
Epoch 51: loss = 5209.51220703125
Epoch 52: loss = 5209.12060546875
Epoch 53: loss = 5208.79150390625
Epoch 54: loss = 5208.53466796875
Epoch 55: loss = 5208.47900390625
Epoch 56: loss = 5208.29443359375
Epoch 57: loss = 5208.06494140625
Epoch 58: loss = 5207.89990234375
Epoch 59: loss = 5207.73779296875
Epoch 60: loss = 5207.6494140625
Epoch 61: loss = 5207.51025390625
Epoch 62: loss = 5207.40966796875
Epoch 63: loss = 5207.3193359375
Epoch 64: loss = 5207.26806640625
Epoch 65: loss = 5207.18505859375
Epoch 66: loss = 5207.15185546875
Epoch 67: loss = 5207.0791015625
Epoch 68: loss = 5207.037109375
Epoch 69: loss = 5207.015625
Epoch 70: loss = 5206.986328125
Epoch 71: loss = 5206.9287109375
Epoch 72: loss = 5206.8837890625
Epoch 73: loss = 5206.859375
Epoch 74: loss = 5206.80712890625
Epoch 75: loss = 5206.7744140625
Epoch 76: loss = 5206.76708984375
Epoch 77: loss = 5206.76416015625
Epoch 78: loss = 5206.73681640625
Epoch 79: loss = 5206.72998046875
Epoch 80: loss = 5206.70947265625
Epoch 81: loss = 5206.6943359375
Epoch 82: loss = 5206.68310546875
Epoch 83: loss = 5206.6640625
Epoch 84: loss = 5206.66943359375
Epoch 85: loss = 5206.64794921875
Epoch 86: loss = 5206.6474609375
Epoch 87: loss = 5206.6181640625
Epoch 88: loss = 5206.6083984375
Epoch 89: loss = 5206.5869140625
Epoch 90: loss = 5206.5751953125
Epoch 91: loss = 5206.560546875
Epoch 92: loss = 5206.56884765625
Epoch 93: loss = 5206.546875
Epoch 94: loss = 5206.546875
Epoch 95: loss = 5206.52685546875
Epoch 96: loss = 5206.515625
Epoch 97: loss = 5206.5244140625
Epoch 98: loss = 5206.509765625
Epoch 99: loss = 5206.48486328125
Epoch 100: loss = 5206.49462890625
Epoch 101: loss = 5206.458984375
Epoch 102: loss = 5206.46875
Epoch 103: loss = 5206.46630859375
Epoch 104: loss = 5206.43896484375
Epoch 105: loss = 5206.43212890625
Epoch 106: loss = 5206.43212890625
Epoch 107: loss = 5206.4228515625
Epoch 108: loss = 5206.4130859375
Epoch 109: loss = 5206.39501953125
Epoch 110: loss = 5206.3701171875
Epoch 111: loss = 5206.3701171875
Epoch 112: loss = 5206.37353515625
Epoch 113: loss = 5206.37353515625
Epoch 114: loss = 5206.38818359375
Epoch 115: loss = 5206.34033203125
Epoch 116: loss = 5206.33349609375
Epoch 117: loss = 5206.30224609375
Epoch 118: loss = 5206.2958984375
Epoch 119: loss = 5206.27978515625
Epoch 120: loss = 5206.24853515625
Epoch 121: loss = 5206.26416015625
Epoch 122: loss = 5206.23486328125
Epoch 123: loss = 5206.22705078125
Epoch 124: loss = 5206.20703125
Epoch 125: loss = 5206.177734375
Epoch 126: loss = 5206.173828125
Epoch 127: loss = 5206.16845703125
Epoch 128: loss = 5206.14306640625
Epoch 129: loss = 5206.11181640625
Epoch 130: loss = 5206.10400390625
Epoch 131: loss = 5206.0634765625
Epoch 132: loss = 5206.041015625
Epoch 133: loss = 5206.00537109375
Epoch 134: loss = 5205.97216796875
Epoch 135: loss = 5205.919921875
Epoch 136: loss = 5205.88818359375
Epoch 137: loss = 5205.869140625
Epoch 138: loss = 5205.8046875
Epoch 139: loss = 5205.7421875
Epoch 140: loss = 5205.70068359375
Epoch 141: loss = 5205.609375
Epoch 142: loss = 5205.52392578125
Epoch 143: loss = 5205.4599609375
Epoch 144: loss = 5205.3935546875
Epoch 145: loss = 5205.3515625
Epoch 146: loss = 5205.2744140625
Epoch 147: loss = 5205.18994140625
Epoch 148: loss = 5205.08984375
Epoch 149: loss = 5205.0185546875
Epoch 150: loss = 5204.89306640625
Epoch 151: loss = 5204.79541015625
Epoch 152: loss = 5204.69482421875
Epoch 153: loss = 5204.57763671875
Epoch 154: loss = 5204.52587890625
Epoch 155: loss = 5204.40869140625
Epoch 156: loss = 5204.30908203125
Epoch 157: loss = 5204.2919921875
Epoch 158: loss = 5204.19091796875
Epoch 159: loss = 5204.09130859375
Epoch 160: loss = 5203.9912109375
Epoch 161: loss = 5203.884765625
Epoch 162: loss = 5203.80810546875
Epoch 163: loss = 5203.79296875
Epoch 164: loss = 5203.72412109375
Epoch 165: loss = 5203.68994140625
Epoch 166: loss = 5203.58984375
Epoch 167: loss = 5203.47265625
Epoch 168: loss = 5203.37744140625
Epoch 169: loss = 5203.28173828125
Epoch 170: loss = 5203.169921875
Epoch 171: loss = 5203.02685546875
Epoch 172: loss = 5202.87646484375
Epoch 173: loss = 5202.86279296875
Epoch 174: loss = 5202.7294921875
Epoch 175: loss = 5202.60546875
Epoch 176: loss = 5202.48486328125
Epoch 177: loss = 5202.35888671875
Epoch 178: loss = 5202.24072265625
Epoch 179: loss = 5202.19140625
Epoch 180: loss = 5202.123046875
Epoch 181: loss = 5202.0244140625
Epoch 182: loss = 5201.94140625
Epoch 183: loss = 5201.8720703125
Epoch 184: loss = 5201.81103515625
Epoch 185: loss = 5201.76171875
Epoch 186: loss = 5201.69287109375
Epoch 187: loss = 5201.66650390625
Epoch 188: loss = 5201.6416015625
Epoch 189: loss = 5201.609375
Epoch 190: loss = 5201.60400390625
Epoch 191: loss = 5201.56103515625
Epoch 192: loss = 5201.5283203125
Epoch 193: loss = 5201.4912109375
Epoch 194: loss = 5201.45361328125
Epoch 195: loss = 5201.43310546875
Epoch 196: loss = 5201.43212890625
Epoch 197: loss = 5201.41796875
Epoch 198: loss = 5201.38916015625
Epoch 199: loss = 5201.37353515625
Epoch 200: loss = 5201.36962890625
Epoch 201: loss = 5201.328125
Epoch 202: loss = 5201.31494140625
Epoch 203: loss = 5201.29150390625
Epoch 204: loss = 5201.26806640625
Epoch 205: loss = 5201.2587890625
Epoch 206: loss = 5201.20556640625
Epoch 207: loss = 5201.19189453125
Epoch 208: loss = 5201.1640625
Epoch 209: loss = 5201.11328125
Epoch 210: loss = 5201.02294921875
Epoch 211: loss = 5201.01025390625
Epoch 212: loss = 5201.021484375
Epoch 213: loss = 5200.89306640625
Epoch 214: loss = 5200.7392578125
Epoch 215: loss = 5200.5869140625
Epoch 216: loss = 5200.5068359375
Epoch 217: loss = 5200.35107421875
Epoch 218: loss = 5200.31787109375
Epoch 219: loss = 5200.298828125
Epoch 220: loss = 5200.169921875
Epoch 221: loss = 5200.12353515625
Epoch 222: loss = 5200.01220703125
Epoch 223: loss = 5199.93212890625
Epoch 224: loss = 5199.865234375
Epoch 225: loss = 5199.79931640625
Epoch 226: loss = 5199.76123046875
Epoch 227: loss = 5199.70849609375
Epoch 228: loss = 5199.6708984375
Epoch 229: loss = 5199.66748046875
Epoch 230: loss = 5199.658203125
Epoch 231: loss = 5199.6259765625
Epoch 232: loss = 5199.61181640625
Epoch 233: loss = 5199.60009765625
Epoch 234: loss = 5199.59033203125
Epoch 235: loss = 5199.57666015625
Epoch 236: loss = 5199.56884765625
Epoch 237: loss = 5199.5693359375
Epoch 238: loss = 5199.57080078125
Epoch 239: loss = 5199.560546875
Epoch 240: loss = 5199.556640625
Epoch 241: loss = 5199.57666015625
Epoch 242: loss = 5199.5615234375
Epoch 243: loss = 5199.576171875
Epoch 244: loss = 5199.56103515625
Epoch 245: loss = 5199.5625
Early stopping at epoch 245 with loss 5199.556640625
Reconstruction for fluence = 33598.18286283781 photons/pixel
Epoch 0: loss = 9874098176.0
Epoch 1: loss = 18576482.0
Epoch 2: loss = 4463987.5
Epoch 3: loss = 1409681.625
Epoch 4: loss = 593374.875
Epoch 5: loss = 333345.03125
Epoch 6: loss = 237826.171875
Epoch 7: loss = 196348.203125
Epoch 8: loss = 165678.984375
Epoch 9: loss = 139935.71875
Epoch 10: loss = 118388.609375
Epoch 11: loss = 106458.2890625
Epoch 12: loss = 98488.203125
Epoch 13: loss = 90689.5546875
Epoch 14: loss = 84372.96875
Epoch 15: loss = 79405.8203125
Epoch 16: loss = 75850.4296875
Epoch 17: loss = 73196.15625
Epoch 18: loss = 70351.2421875
Epoch 19: loss = 67426.90625
Epoch 20: loss = 61890.1796875
Epoch 21: loss = 30279.896484375
Epoch 22: loss = 21345.802734375
Epoch 23: loss = 17179.537109375
Epoch 24: loss = 15216.4892578125
Epoch 25: loss = 13813.029296875
Epoch 26: loss = 13005.8798828125
Epoch 27: loss = 12585.40625
Epoch 28: loss = 12280.33203125
Epoch 29: loss = 12059.3125
Epoch 30: loss = 11884.5478515625
Epoch 31: loss = 11758.5146484375
Epoch 32: loss = 11677.86328125
Epoch 33: loss = 11619.6064453125
Epoch 34: loss = 11568.9521484375
Epoch 35: loss = 11525.7421875
Epoch 36: loss = 11488.8720703125
Epoch 37: loss = 11458.2158203125
Epoch 38: loss = 11438.7392578125
Epoch 39: loss = 11421.1826171875
Epoch 40: loss = 11406.357421875
Epoch 41: loss = 11393.4853515625
Epoch 42: loss = 11383.193359375
Epoch 43: loss = 11376.51953125
Epoch 44: loss = 11370.4794921875
Epoch 45: loss = 11365.5751953125
Epoch 46: loss = 11361.0712890625
Epoch 47: loss = 11357.37890625
Epoch 48: loss = 11354.6025390625
Epoch 49: loss = 11352.0224609375
Epoch 50: loss = 11349.6982421875
Epoch 51: loss = 11347.5888671875
Epoch 52: loss = 11345.8505859375
Epoch 53: loss = 11344.412109375
Epoch 54: loss = 11343.080078125
Epoch 55: loss = 11342.1416015625
Epoch 56: loss = 11341.2119140625
Epoch 57: loss = 11340.421875
Epoch 58: loss = 11339.6904296875
Epoch 59: loss = 11338.9970703125
Epoch 60: loss = 11338.689453125
Epoch 61: loss = 11338.3408203125
Epoch 62: loss = 11337.81640625
Epoch 63: loss = 11337.4111328125
Epoch 64: loss = 11337.154296875
Epoch 65: loss = 11336.861328125
Epoch 66: loss = 11336.5546875
Epoch 67: loss = 11336.2470703125
Epoch 68: loss = 11335.9833984375
Epoch 69: loss = 11335.802734375
Epoch 70: loss = 11335.4501953125
Epoch 71: loss = 11335.28515625
Epoch 72: loss = 11335.2236328125
Epoch 73: loss = 11334.9638671875
Epoch 74: loss = 11334.8095703125
Epoch 75: loss = 11334.486328125
Epoch 76: loss = 11334.2373046875
Epoch 77: loss = 11333.9814453125
Epoch 78: loss = 11333.6318359375
Epoch 79: loss = 11333.419921875
Epoch 80: loss = 11333.1650390625
Epoch 81: loss = 11332.8720703125
Epoch 82: loss = 11332.576171875
Epoch 83: loss = 11332.234375
Epoch 84: loss = 11332.03125
Epoch 85: loss = 11331.603515625
Epoch 86: loss = 11331.193359375
Epoch 87: loss = 11330.982421875
Epoch 88: loss = 11330.7724609375
Epoch 89: loss = 11330.3505859375
Epoch 90: loss = 11330.1923828125
Epoch 91: loss = 11329.779296875
Epoch 92: loss = 11329.5908203125
Epoch 93: loss = 11329.224609375
Epoch 94: loss = 11328.84765625
Epoch 95: loss = 11328.419921875
Epoch 96: loss = 11328.0205078125
Epoch 97: loss = 11327.6982421875
Epoch 98: loss = 11327.3642578125
Epoch 99: loss = 11327.1318359375
Epoch 100: loss = 11326.7744140625
Epoch 101: loss = 11326.72265625
Epoch 102: loss = 11326.5595703125
Epoch 103: loss = 11326.259765625
Epoch 104: loss = 11325.958984375
Epoch 105: loss = 11325.703125
Epoch 106: loss = 11325.357421875
Epoch 107: loss = 11325.1806640625
Epoch 108: loss = 11324.9501953125
Epoch 109: loss = 11324.65625
Epoch 110: loss = 11324.521484375
Epoch 111: loss = 11324.2568359375
Epoch 112: loss = 11324.0419921875
Epoch 113: loss = 11323.8173828125
Epoch 114: loss = 11323.5966796875
Epoch 115: loss = 11323.3876953125
Epoch 116: loss = 11323.1845703125
Epoch 117: loss = 11323.01953125
Epoch 118: loss = 11322.8212890625
Epoch 119: loss = 11322.66015625
Epoch 120: loss = 11322.40234375
Epoch 121: loss = 11322.201171875
Epoch 122: loss = 11322.0830078125
Epoch 123: loss = 11321.84765625
Epoch 124: loss = 11321.7021484375
Epoch 125: loss = 11321.5712890625
Epoch 126: loss = 11321.3427734375
Epoch 127: loss = 11321.1982421875
Epoch 128: loss = 11321.1982421875
Epoch 129: loss = 11321.189453125
Epoch 130: loss = 11321.02734375
Epoch 131: loss = 11320.849609375
Epoch 132: loss = 11320.69140625
Epoch 133: loss = 11320.4404296875
Epoch 134: loss = 11320.2802734375
Epoch 135: loss = 11320.06640625
Epoch 136: loss = 11319.8095703125
Epoch 137: loss = 11319.5478515625
Epoch 138: loss = 11319.5380859375
Epoch 139: loss = 11319.197265625
Epoch 140: loss = 11318.876953125
Epoch 141: loss = 11318.357421875
Epoch 142: loss = 11317.892578125
Epoch 143: loss = 11317.248046875
Epoch 144: loss = 11316.734375
Epoch 145: loss = 11316.205078125
Epoch 146: loss = 11315.546875
Epoch 147: loss = 11314.8740234375
Epoch 148: loss = 11314.29296875
Epoch 149: loss = 11313.5986328125
Epoch 150: loss = 11312.8642578125
Epoch 151: loss = 11312.1845703125
Epoch 152: loss = 11311.4306640625
Epoch 153: loss = 11310.7275390625
Epoch 154: loss = 11309.9873046875
Epoch 155: loss = 11309.146484375
Epoch 156: loss = 11308.2236328125
Epoch 157: loss = 11307.23828125
Epoch 158: loss = 11305.7041015625
Epoch 159: loss = 11303.2958984375
Epoch 160: loss = 11298.6865234375
Epoch 161: loss = 11292.6220703125
Epoch 162: loss = 11287.775390625
Epoch 163: loss = 11284.5517578125
Epoch 164: loss = 11282.583984375
Epoch 165: loss = 11281.2705078125
Epoch 166: loss = 11280.4287109375
Epoch 167: loss = 11279.685546875
Epoch 168: loss = 11279.080078125
Epoch 169: loss = 11278.6103515625
Epoch 170: loss = 11278.361328125
Epoch 171: loss = 11278.1396484375
Epoch 172: loss = 11278.03515625
Epoch 173: loss = 11277.9541015625
Epoch 174: loss = 11277.783203125
Epoch 175: loss = 11277.693359375
Epoch 176: loss = 11277.7412109375
Epoch 177: loss = 11277.5673828125
Epoch 178: loss = 11277.5302734375
Epoch 179: loss = 11277.49609375
Epoch 180: loss = 11277.419921875
Epoch 181: loss = 11277.4345703125
Epoch 182: loss = 11277.3837890625
Epoch 183: loss = 11277.3564453125
Epoch 184: loss = 11277.3251953125
Epoch 185: loss = 11277.3095703125
Epoch 186: loss = 11277.1806640625
Epoch 187: loss = 11277.283203125
Epoch 188: loss = 11277.2294921875
Epoch 189: loss = 11277.2216796875
Epoch 190: loss = 11277.2431640625
Epoch 191: loss = 11277.2607421875
Early stopping at epoch 191 with loss 11277.1806640625
Reconstruction for fluence = 78475.99703514607 photons/pixel
Epoch 0: loss = 53865816064.0
Epoch 1: loss = 101432832.0
Epoch 2: loss = 24996230.0
Epoch 3: loss = 7704002.0
Epoch 4: loss = 3120222.75
Epoch 5: loss = 1677501.25
Epoch 6: loss = 1241060.375
Epoch 7: loss = 1024347.8125
Epoch 8: loss = 890176.1875
Epoch 9: loss = 730270.125
Epoch 10: loss = 605914.6875
Epoch 11: loss = 533672.9375
Epoch 12: loss = 483300.625
Epoch 13: loss = 443512.0625
Epoch 14: loss = 409838.46875
Epoch 15: loss = 384221.40625
Epoch 16: loss = 364639.96875
Epoch 17: loss = 348980.875
Epoch 18: loss = 314337.40625
Epoch 19: loss = 151863.0
Epoch 20: loss = 86279.0859375
Epoch 21: loss = 60679.85546875
Epoch 22: loss = 49091.76953125
Epoch 23: loss = 42680.9375
Epoch 24: loss = 38460.3203125
Epoch 25: loss = 35630.671875
Epoch 26: loss = 33804.20703125
Epoch 27: loss = 32590.9765625
Epoch 28: loss = 31704.28515625
Epoch 29: loss = 31038.826171875
Epoch 30: loss = 30501.66015625
Epoch 31: loss = 30075.5390625
Epoch 32: loss = 29757.263671875
Epoch 33: loss = 29475.96484375
Epoch 34: loss = 29247.861328125
Epoch 35: loss = 29011.1953125
Epoch 36: loss = 28794.048828125
Epoch 37: loss = 28647.677734375
Epoch 38: loss = 28530.822265625
Epoch 39: loss = 28451.41015625
Epoch 40: loss = 28384.802734375
Epoch 41: loss = 28330.34375
Epoch 42: loss = 28283.337890625
Epoch 43: loss = 28251.63671875
Epoch 44: loss = 28221.171875
Epoch 45: loss = 28195.634765625
Epoch 46: loss = 28170.833984375
Epoch 47: loss = 28150.951171875
Epoch 48: loss = 28135.09375
Epoch 49: loss = 28121.341796875
Epoch 50: loss = 28109.19140625
Epoch 51: loss = 28098.33984375
Epoch 52: loss = 28089.75
Epoch 53: loss = 28082.634765625
Epoch 54: loss = 28075.6171875
Epoch 55: loss = 28069.931640625
Epoch 56: loss = 28064.634765625
Epoch 57: loss = 28059.943359375
Epoch 58: loss = 28056.8125
Epoch 59: loss = 28053.615234375
Epoch 60: loss = 28050.673828125
Epoch 61: loss = 28048.396484375
Epoch 62: loss = 28045.65234375
Epoch 63: loss = 28043.69140625
Epoch 64: loss = 28041.81640625
Epoch 65: loss = 28039.919921875
Epoch 66: loss = 28038.267578125
Epoch 67: loss = 28036.78515625
Epoch 68: loss = 28035.205078125
Epoch 69: loss = 28034.234375
Epoch 70: loss = 28032.82421875
Epoch 71: loss = 28031.681640625
Epoch 72: loss = 28030.5859375
Epoch 73: loss = 28029.728515625
Epoch 74: loss = 28028.697265625
Epoch 75: loss = 28027.6796875
Epoch 76: loss = 28026.763671875
Epoch 77: loss = 28026.0078125
Epoch 78: loss = 28025.884765625
Epoch 79: loss = 28025.005859375
Epoch 80: loss = 28023.814453125
Epoch 81: loss = 28022.888671875
Epoch 82: loss = 28021.916015625
Epoch 83: loss = 28021.076171875
Epoch 84: loss = 28020.134765625
Epoch 85: loss = 28019.111328125
Epoch 86: loss = 28018.34375
Epoch 87: loss = 28017.322265625
Epoch 88: loss = 28016.7421875
Epoch 89: loss = 28015.6875
Epoch 90: loss = 28014.8515625
Epoch 91: loss = 28014.78515625
Epoch 92: loss = 28013.958984375
Epoch 93: loss = 28013.12109375
Epoch 94: loss = 28012.193359375
Epoch 95: loss = 28011.572265625
Epoch 96: loss = 28010.775390625
Epoch 97: loss = 28009.857421875
Epoch 98: loss = 28009.94140625
Epoch 99: loss = 28009.076171875
Epoch 100: loss = 28008.484375
Epoch 101: loss = 28007.8828125
Epoch 102: loss = 28006.978515625
Epoch 103: loss = 28006.240234375
Epoch 104: loss = 28005.826171875
Epoch 105: loss = 28005.095703125
Epoch 106: loss = 28004.630859375
Epoch 107: loss = 28004.384765625
Epoch 108: loss = 28003.830078125
Epoch 109: loss = 28003.328125
Epoch 110: loss = 28002.76953125
Epoch 111: loss = 28002.4765625
Epoch 112: loss = 28001.90625
Epoch 113: loss = 28001.49609375
Epoch 114: loss = 28001.166015625
Epoch 115: loss = 28000.91015625
Epoch 116: loss = 28000.427734375
Epoch 117: loss = 27999.978515625
Epoch 118: loss = 27999.46875
Epoch 119: loss = 27999.34765625
Epoch 120: loss = 27999.03515625
Epoch 121: loss = 27998.078125
Epoch 122: loss = 27997.830078125
Epoch 123: loss = 27997.43359375
Epoch 124: loss = 27997.22265625
Epoch 125: loss = 27996.6484375
Epoch 126: loss = 27996.396484375
Epoch 127: loss = 27995.765625
Epoch 128: loss = 27995.2421875
Epoch 129: loss = 27995.021484375
Epoch 130: loss = 27994.349609375
Epoch 131: loss = 27993.87890625
Epoch 132: loss = 27993.599609375
Epoch 133: loss = 27993.14453125
Epoch 134: loss = 27992.8515625
Epoch 135: loss = 27992.3359375
Epoch 136: loss = 27991.568359375
Epoch 137: loss = 27991.572265625
Epoch 138: loss = 27991.044921875
Epoch 139: loss = 27990.74609375
Epoch 140: loss = 27990.416015625
Epoch 141: loss = 27989.791015625
Epoch 142: loss = 27989.53125
Epoch 143: loss = 27989.16015625
Epoch 144: loss = 27988.779296875
Epoch 145: loss = 27988.494140625
Epoch 146: loss = 27988.322265625
Epoch 147: loss = 27987.81640625
Epoch 148: loss = 27987.8515625
Epoch 149: loss = 27986.974609375
Epoch 150: loss = 27986.837890625
Epoch 151: loss = 27986.72265625
Epoch 152: loss = 27986.423828125
Epoch 153: loss = 27986.09375
Epoch 154: loss = 27986.046875
Epoch 155: loss = 27985.580078125
Epoch 156: loss = 27985.6328125
Epoch 157: loss = 27985.240234375
Epoch 158: loss = 27985.107421875
Epoch 159: loss = 27985.01171875
Epoch 160: loss = 27984.908203125
Epoch 161: loss = 27984.71484375
Epoch 162: loss = 27984.53515625
Epoch 163: loss = 27984.634765625
Epoch 164: loss = 27984.18359375
Epoch 165: loss = 27984.2265625
Epoch 166: loss = 27984.08984375
Epoch 167: loss = 27983.990234375
Epoch 168: loss = 27983.6640625
Epoch 169: loss = 27983.626953125
Epoch 170: loss = 27983.521484375
Epoch 171: loss = 27983.427734375
Epoch 172: loss = 27983.572265625
Epoch 173: loss = 27983.5
Epoch 174: loss = 27983.208984375
Epoch 175: loss = 27983.125
Epoch 176: loss = 27983.103515625
Epoch 177: loss = 27983.1328125
Epoch 178: loss = 27983.033203125
Epoch 179: loss = 27982.697265625
Epoch 180: loss = 27983.017578125
Epoch 181: loss = 27982.966796875
Epoch 182: loss = 27982.798828125
Epoch 183: loss = 27982.740234375
Epoch 184: loss = 27982.767578125
Early stopping at epoch 184 with loss 27982.697265625
Reconstruction for fluence = 183298.07108324335 photons/pixel
Epoch 0: loss = 293885739008.0
Epoch 1: loss = 552934080.0
Epoch 2: loss = 137315072.0
Epoch 3: loss = 45585260.0
Epoch 4: loss = 18189096.0
Epoch 5: loss = 9504303.0
Epoch 6: loss = 6979424.5
Epoch 7: loss = 5715883.0
Epoch 8: loss = 4808159.0
Epoch 9: loss = 4120351.25
Epoch 10: loss = 3463108.0
Epoch 11: loss = 3034926.5
Epoch 12: loss = 2773055.25
Epoch 13: loss = 2532799.75
Epoch 14: loss = 2340805.75
Epoch 15: loss = 2181205.25
Epoch 16: loss = 2061623.75
Epoch 17: loss = 1978164.5
Epoch 18: loss = 1894742.25
Epoch 19: loss = 1805193.375
Epoch 20: loss = 1688712.875
Epoch 21: loss = 905250.6875
Epoch 22: loss = 467035.5625
Epoch 23: loss = 292806.90625
Epoch 24: loss = 200223.46875
Epoch 25: loss = 150916.453125
Epoch 26: loss = 121476.109375
Epoch 27: loss = 105897.21875
Epoch 28: loss = 95134.1171875
Epoch 29: loss = 87253.234375
Epoch 30: loss = 80980.5390625
Epoch 31: loss = 77136.0390625
Epoch 32: loss = 73722.4140625
Epoch 33: loss = 71243.3046875
Epoch 34: loss = 68993.234375
Epoch 35: loss = 67279.0078125
Epoch 36: loss = 66016.8359375
Epoch 37: loss = 65203.8203125
Epoch 38: loss = 64603.625
Epoch 39: loss = 64058.10546875
Epoch 40: loss = 63588.45703125
Epoch 41: loss = 63177.96484375
Epoch 42: loss = 62887.578125
Epoch 43: loss = 62683.80078125
Epoch 44: loss = 62501.8046875
Epoch 45: loss = 62340.140625
Epoch 46: loss = 62180.3203125
Epoch 47: loss = 62055.90234375
Epoch 48: loss = 61966.8203125
Epoch 49: loss = 61891.765625
Epoch 50: loss = 61817.97265625
Epoch 51: loss = 61747.375
Epoch 52: loss = 61691.140625
Epoch 53: loss = 61648.60546875
Epoch 54: loss = 61603.1953125
Epoch 55: loss = 61558.86328125
Epoch 56: loss = 61525.3046875
Epoch 57: loss = 61492.875
Epoch 58: loss = 61469.40234375
Epoch 59: loss = 61446.86328125
Epoch 60: loss = 61423.515625
Epoch 61: loss = 61402.390625
Epoch 62: loss = 61381.77734375
Epoch 63: loss = 61363.8671875
Epoch 64: loss = 61352.39453125
Epoch 65: loss = 61335.91796875
Epoch 66: loss = 61323.78515625
Epoch 67: loss = 61312.04296875
Epoch 68: loss = 61301.25
Epoch 69: loss = 61293.11328125
Epoch 70: loss = 61285.953125
Epoch 71: loss = 61279.36328125
Epoch 72: loss = 61274.77734375
Epoch 73: loss = 61268.1796875
Epoch 74: loss = 61265.14453125
Epoch 75: loss = 61260.328125
Epoch 76: loss = 61257.15234375
Epoch 77: loss = 61253.20703125
Epoch 78: loss = 61251.11328125
Epoch 79: loss = 61247.3046875
Epoch 80: loss = 61244.85546875
Epoch 81: loss = 61241.20703125
Epoch 82: loss = 61241.20703125
Epoch 83: loss = 61238.45703125
Epoch 84: loss = 61235.4375
Epoch 85: loss = 61232.5078125
Epoch 86: loss = 61230.26953125
Epoch 87: loss = 61228.265625
Epoch 88: loss = 61226.8828125
Epoch 89: loss = 61223.625
Epoch 90: loss = 61221.078125
Epoch 91: loss = 61219.4375
Epoch 92: loss = 61216.625
Epoch 93: loss = 61213.98828125
Epoch 94: loss = 61211.1953125
Epoch 95: loss = 61208.25
Epoch 96: loss = 61206.4296875
Epoch 97: loss = 61202.8203125
Epoch 98: loss = 61201.54296875
Epoch 99: loss = 61198.515625
Epoch 100: loss = 61195.40234375
Epoch 101: loss = 61192.515625
Epoch 102: loss = 61190.0703125
Epoch 103: loss = 61186.95703125
Epoch 104: loss = 61184.5078125
Epoch 105: loss = 61180.34765625
Epoch 106: loss = 61176.23828125
Epoch 107: loss = 61172.77734375
Epoch 108: loss = 61170.67578125
Epoch 109: loss = 61166.140625
Epoch 110: loss = 61163.23828125
Epoch 111: loss = 61160.0078125
Epoch 112: loss = 61156.08203125
Epoch 113: loss = 61152.40234375
Epoch 114: loss = 61148.98828125
Epoch 115: loss = 61145.21484375
Epoch 116: loss = 61141.015625
Epoch 117: loss = 61137.95703125
Epoch 118: loss = 61133.953125
Epoch 119: loss = 61129.11328125
Epoch 120: loss = 61125.73828125
Epoch 121: loss = 61121.01953125
Epoch 122: loss = 61116.390625
Epoch 123: loss = 61111.5703125
Epoch 124: loss = 61111.03515625
Epoch 125: loss = 61107.39453125
Epoch 126: loss = 61102.3828125
Epoch 127: loss = 61097.42578125
Epoch 128: loss = 61094.3046875
Epoch 129: loss = 61088.92578125
Epoch 130: loss = 61085.22265625
Epoch 131: loss = 61080.83984375
Epoch 132: loss = 61077.20703125
Epoch 133: loss = 61072.67578125
Epoch 134: loss = 61068.16015625
Epoch 135: loss = 61063.98828125
Epoch 136: loss = 61060.9453125
Epoch 137: loss = 61057.20703125
Epoch 138: loss = 61057.20703125
Epoch 139: loss = 61052.703125
Epoch 140: loss = 61052.55078125
Epoch 141: loss = 61049.28515625
Epoch 142: loss = 61048.1953125
Epoch 143: loss = 61044.84765625
Epoch 144: loss = 61041.328125
Epoch 145: loss = 61039.36328125
Epoch 146: loss = 61037.02734375
Epoch 147: loss = 61033.5546875
Epoch 148: loss = 61031.52734375
Epoch 149: loss = 61028.40234375
Epoch 150: loss = 61026.9453125
Epoch 151: loss = 61024.65234375
Epoch 152: loss = 61022.23828125
Epoch 153: loss = 61020.828125
Epoch 154: loss = 61019.04296875
Epoch 155: loss = 61017.58203125
Epoch 156: loss = 61015.48828125
Epoch 157: loss = 61013.58203125
Epoch 158: loss = 61011.8828125
Epoch 159: loss = 61011.390625
Epoch 160: loss = 61009.15234375
Epoch 161: loss = 61007.59765625
Epoch 162: loss = 61005.77734375
Epoch 163: loss = 61004.46484375
Epoch 164: loss = 61003.6875
Epoch 165: loss = 61002.828125
Epoch 166: loss = 61000.2421875
Epoch 167: loss = 60999.53515625
Epoch 168: loss = 60997.80078125
Epoch 169: loss = 60996.42578125
Epoch 170: loss = 60994.66796875
Epoch 171: loss = 60993.1953125
Epoch 172: loss = 60992.70703125
Epoch 173: loss = 60991.45703125
Epoch 174: loss = 60989.16015625
Epoch 175: loss = 60986.375
Epoch 176: loss = 60983.890625
Epoch 177: loss = 60981.5703125
Epoch 178: loss = 60979.73046875
Epoch 179: loss = 60976.75
Epoch 180: loss = 60972.86328125
Epoch 181: loss = 60971.9296875
Epoch 182: loss = 60968.16796875
Epoch 183: loss = 60964.25
Epoch 184: loss = 60960.92578125
Epoch 185: loss = 60957.625
Epoch 186: loss = 60953.04296875
Epoch 187: loss = 60948.453125
Epoch 188: loss = 60944.9921875
Epoch 189: loss = 60940.23828125
Epoch 190: loss = 60936.23828125
Epoch 191: loss = 60932.5546875
Epoch 192: loss = 60927.08984375
Epoch 193: loss = 60923.515625
Epoch 194: loss = 60918.98046875
Epoch 195: loss = 60915.1875
Epoch 196: loss = 60909.72265625
Epoch 197: loss = 60906.4453125
Epoch 198: loss = 60900.95703125
Epoch 199: loss = 60900.95703125
Epoch 200: loss = 60896.1328125
Epoch 201: loss = 60890.90234375
Epoch 202: loss = 60886.08203125
Epoch 203: loss = 60880.98046875
Epoch 204: loss = 60875.85546875
Epoch 205: loss = 60871.98046875
Epoch 206: loss = 60867.3203125
Epoch 207: loss = 60862.05078125
Epoch 208: loss = 60859.22265625
Epoch 209: loss = 60854.640625
Epoch 210: loss = 60852.35546875
Epoch 211: loss = 60849.953125
Epoch 212: loss = 60848.09765625
Epoch 213: loss = 60845.125
Epoch 214: loss = 60843.17578125
Epoch 215: loss = 60842.25
Epoch 216: loss = 60840.453125
Epoch 217: loss = 60840.04296875
Epoch 218: loss = 60838.2578125
Epoch 219: loss = 60836.79296875
Epoch 220: loss = 60836.41015625
Epoch 221: loss = 60835.16796875
Epoch 222: loss = 60834.0546875
Epoch 223: loss = 60833.66015625
Epoch 224: loss = 60832.83203125
Epoch 225: loss = 60832.27734375
Epoch 226: loss = 60831.5
Epoch 227: loss = 60830.6875
Epoch 228: loss = 60831.41796875
Epoch 229: loss = 60831.125
Epoch 230: loss = 60830.95703125
Epoch 231: loss = 60830.890625
Epoch 232: loss = 60830.30078125
Epoch 233: loss = 60829.4453125
Epoch 234: loss = 60829.41796875
Epoch 235: loss = 60828.54296875
Epoch 236: loss = 60828.953125
Epoch 237: loss = 60828.8125
Epoch 238: loss = 60829.15234375
Epoch 239: loss = 60828.77734375
Epoch 240: loss = 60829.140625
Early stopping at epoch 240 with loss 60828.54296875
Reconstruction for fluence = 428133.2398719387 photons/pixel
Epoch 0: loss = 1603276505088.0
Epoch 1: loss = 3016780544.0
Epoch 2: loss = 722509376.0
Epoch 3: loss = 244798864.0
Epoch 4: loss = 96259640.0
Epoch 5: loss = 50863356.0
Epoch 6: loss = 36716936.0
Epoch 7: loss = 29839460.0
Epoch 8: loss = 25234034.0
Epoch 9: loss = 21392132.0
Epoch 10: loss = 17862698.0
Epoch 11: loss = 15825522.0
Epoch 12: loss = 14404829.0
Epoch 13: loss = 13222527.0
Epoch 14: loss = 12131454.0
Epoch 15: loss = 11359300.0
Epoch 16: loss = 10755346.0
Epoch 17: loss = 10241997.0
Epoch 18: loss = 9807892.0
Epoch 19: loss = 9251522.0
Epoch 20: loss = 5957361.0
Epoch 21: loss = 2462939.25
Epoch 22: loss = 1465815.625
Epoch 23: loss = 950433.6875
Epoch 24: loss = 683474.25
Epoch 25: loss = 509572.65625
Epoch 26: loss = 404868.90625
Epoch 27: loss = 344364.0
Epoch 28: loss = 301665.28125
Epoch 29: loss = 269804.65625
Epoch 30: loss = 245139.8125
Epoch 31: loss = 226701.390625
Epoch 32: loss = 213549.71875
Epoch 33: loss = 202662.328125
Epoch 34: loss = 193057.390625
Epoch 35: loss = 184960.34375
Epoch 36: loss = 177252.703125
Epoch 37: loss = 172119.328125
Epoch 38: loss = 168226.40625
Epoch 39: loss = 165314.171875
Epoch 40: loss = 163042.34375
Epoch 41: loss = 160980.21875
Epoch 42: loss = 159545.703125
Epoch 43: loss = 158347.171875
Epoch 44: loss = 157421.328125
Epoch 45: loss = 156665.125
Epoch 46: loss = 155949.875
Epoch 47: loss = 155319.203125
Epoch 48: loss = 154836.8125
Epoch 49: loss = 154376.65625
Epoch 50: loss = 153999.34375
Epoch 51: loss = 153669.109375
Epoch 52: loss = 153410.796875
Epoch 53: loss = 153178.578125
Epoch 54: loss = 152960.421875
Epoch 55: loss = 152752.984375
Epoch 56: loss = 152569.546875
Epoch 57: loss = 152415.375
Epoch 58: loss = 152288.03125
Epoch 59: loss = 152170.671875
Epoch 60: loss = 152068.703125
Epoch 61: loss = 151986.421875
Epoch 62: loss = 151908.8125
Epoch 63: loss = 151848.640625
Epoch 64: loss = 151791.109375
Epoch 65: loss = 151744.453125
Epoch 66: loss = 151694.34375
Epoch 67: loss = 151654.609375
Epoch 68: loss = 151638.21875
Epoch 69: loss = 151608.703125
Epoch 70: loss = 151575.765625
Epoch 71: loss = 151548.75
Epoch 72: loss = 151522.328125
Epoch 73: loss = 151498.5
Epoch 74: loss = 151496.78125
Epoch 75: loss = 151478.3125
Epoch 76: loss = 151461.25
Epoch 77: loss = 151441.828125
Epoch 78: loss = 151428.578125
Epoch 79: loss = 151409.15625
Epoch 80: loss = 151395.3125
Epoch 81: loss = 151380.109375
Epoch 82: loss = 151367.203125
Epoch 83: loss = 151350.390625
Epoch 84: loss = 151335.734375
Epoch 85: loss = 151327.8125
Epoch 86: loss = 151313.328125
Epoch 87: loss = 151299.640625
Epoch 88: loss = 151285.5625
Epoch 89: loss = 151271.4375
Epoch 90: loss = 151254.859375
Epoch 91: loss = 151243.171875
Epoch 92: loss = 151229.921875
Epoch 93: loss = 151212.703125
Epoch 94: loss = 151199.734375
Epoch 95: loss = 151187.796875
Epoch 96: loss = 151171.25
Epoch 97: loss = 151155.46875
Epoch 98: loss = 151142.421875
Epoch 99: loss = 151127.515625
Epoch 100: loss = 151117.375
Epoch 101: loss = 151107.03125
Epoch 102: loss = 151093.8125
Epoch 103: loss = 151083.375
Epoch 104: loss = 151072.171875
Epoch 105: loss = 151059.671875
Epoch 106: loss = 151049.421875
Epoch 107: loss = 151037.34375
Epoch 108: loss = 151029.203125
Epoch 109: loss = 151016.0625
Epoch 110: loss = 151006.671875
Epoch 111: loss = 150998.0
Epoch 112: loss = 150989.34375
Epoch 113: loss = 150980.421875
Epoch 114: loss = 150968.453125
Epoch 115: loss = 150959.390625
Epoch 116: loss = 150949.421875
Epoch 117: loss = 150949.8125
Epoch 118: loss = 150941.078125
Epoch 119: loss = 150931.359375
Epoch 120: loss = 150922.46875
Epoch 121: loss = 150912.453125
Epoch 122: loss = 150904.015625
Epoch 123: loss = 150898.171875
Epoch 124: loss = 150884.859375
Epoch 125: loss = 150875.328125
Epoch 126: loss = 150866.359375
Epoch 127: loss = 150852.765625
Epoch 128: loss = 150841.046875
Epoch 129: loss = 150831.09375
Epoch 130: loss = 150822.671875
Epoch 131: loss = 150814.296875
Epoch 132: loss = 150801.5625
Epoch 133: loss = 150790.890625
Epoch 134: loss = 150777.03125
Epoch 135: loss = 150772.21875
Epoch 136: loss = 150757.75
Epoch 137: loss = 150750.25
Epoch 138: loss = 150733.546875
Epoch 139: loss = 150723.5625
Epoch 140: loss = 150714.859375
Epoch 141: loss = 150703.21875
Epoch 142: loss = 150691.1875
Epoch 143: loss = 150679.953125
Epoch 144: loss = 150670.1875
Epoch 145: loss = 150660.203125
Epoch 146: loss = 150650.546875
Epoch 147: loss = 150639.390625
Epoch 148: loss = 150631.890625
Epoch 149: loss = 150623.0
Epoch 150: loss = 150614.375
Epoch 151: loss = 150607.46875
Epoch 152: loss = 150601.59375
Epoch 153: loss = 150592.265625
Epoch 154: loss = 150583.453125
Epoch 155: loss = 150580.75
Epoch 156: loss = 150572.0
Epoch 157: loss = 150567.09375
Epoch 158: loss = 150560.21875
Epoch 159: loss = 150554.859375
Epoch 160: loss = 150545.375
Epoch 161: loss = 150542.640625
Epoch 162: loss = 150533.203125
Epoch 163: loss = 150530.671875
Epoch 164: loss = 150525.21875
Epoch 165: loss = 150519.328125
Epoch 166: loss = 150510.765625
Epoch 167: loss = 150505.75
Epoch 168: loss = 150497.640625
Epoch 169: loss = 150491.671875
Epoch 170: loss = 150490.828125
Epoch 171: loss = 150478.328125
Epoch 172: loss = 150469.890625
Epoch 173: loss = 150460.203125
Epoch 174: loss = 150447.828125
Epoch 175: loss = 150434.21875
Epoch 176: loss = 150414.953125
Epoch 177: loss = 150398.171875
Epoch 178: loss = 150375.75
Epoch 179: loss = 150358.21875
Epoch 180: loss = 150335.4375
Epoch 181: loss = 150305.609375
Epoch 182: loss = 150277.828125
Epoch 183: loss = 150252.453125
Epoch 184: loss = 150216.9375
Epoch 185: loss = 150186.203125
Epoch 186: loss = 150144.640625
Epoch 187: loss = 150101.234375
Epoch 188: loss = 150051.96875
Epoch 189: loss = 150004.828125
Epoch 190: loss = 149962.578125
Epoch 191: loss = 149911.421875
Epoch 192: loss = 149848.109375
Epoch 193: loss = 149783.53125
Epoch 194: loss = 149714.453125
Epoch 195: loss = 149637.953125
Epoch 196: loss = 149564.640625
Epoch 197: loss = 149485.890625
Epoch 198: loss = 149409.328125
Epoch 199: loss = 149330.015625
Epoch 200: loss = 149252.671875
Epoch 201: loss = 149160.5625
Epoch 202: loss = 149057.53125
Epoch 203: loss = 148964.09375
Epoch 204: loss = 148855.390625
Epoch 205: loss = 148738.828125
Epoch 206: loss = 148616.640625
Epoch 207: loss = 148485.515625
Epoch 208: loss = 148341.640625
Epoch 209: loss = 148196.75
Epoch 210: loss = 148034.921875
Epoch 211: loss = 147849.703125
Epoch 212: loss = 147680.21875
Epoch 213: loss = 147491.421875
Epoch 214: loss = 147323.921875
Epoch 215: loss = 147158.21875
Epoch 216: loss = 147000.390625
Epoch 217: loss = 146849.15625
Epoch 218: loss = 146715.078125
Epoch 219: loss = 146602.5
Epoch 220: loss = 146507.234375
Epoch 221: loss = 146411.75
Epoch 222: loss = 146330.203125
Epoch 223: loss = 146248.703125
Epoch 224: loss = 146178.46875
Epoch 225: loss = 146116.734375
Epoch 226: loss = 146052.203125
Epoch 227: loss = 145992.984375
Epoch 228: loss = 145940.078125
Epoch 229: loss = 145897.828125
Epoch 230: loss = 145860.21875
Epoch 231: loss = 145824.0625
Epoch 232: loss = 145788.328125
Epoch 233: loss = 145759.875
Epoch 234: loss = 145733.421875
Epoch 235: loss = 145710.5625
Epoch 236: loss = 145689.015625
Epoch 237: loss = 145675.25
Epoch 238: loss = 145661.453125
Epoch 239: loss = 145650.828125
Epoch 240: loss = 145640.875
Epoch 241: loss = 145634.359375
Epoch 242: loss = 145628.71875
Epoch 243: loss = 145626.140625
Epoch 244: loss = 145622.578125
Epoch 245: loss = 145618.8125
Epoch 246: loss = 145619.0
Epoch 247: loss = 145617.703125
Epoch 248: loss = 145614.03125
Epoch 249: loss = 145613.34375
Epoch 250: loss = 145612.4375
Epoch 251: loss = 145611.40625
Epoch 252: loss = 145610.96875
Epoch 253: loss = 145613.390625
Epoch 254: loss = 145609.703125
Epoch 255: loss = 145608.109375
Epoch 256: loss = 145608.359375
Epoch 257: loss = 145607.890625
Epoch 258: loss = 145608.46875
Epoch 259: loss = 145610.75
Epoch 260: loss = 145610.109375
Epoch 261: loss = 145608.8125
Epoch 262: loss = 145606.421875
Epoch 263: loss = 145605.859375
Epoch 264: loss = 145605.34375
Epoch 265: loss = 145607.21875
Epoch 266: loss = 145610.1875
Epoch 267: loss = 145609.5
Epoch 268: loss = 145609.109375
Epoch 269: loss = 145607.671875
Early stopping at epoch 269 with loss 145605.34375
Reconstruction for fluence = 1000000.0 photons/pixel
Epoch 0: loss = 8746878107648.0
Epoch 1: loss = 16451761152.0
Epoch 2: loss = 4073193472.0
Epoch 3: loss = 1345969536.0
Epoch 4: loss = 520555520.0
Epoch 5: loss = 278857952.0
Epoch 6: loss = 200216656.0
Epoch 7: loss = 160648544.0
Epoch 8: loss = 136875440.0
Epoch 9: loss = 115282824.0
Epoch 10: loss = 95991296.0
Epoch 11: loss = 84965000.0
Epoch 12: loss = 76784216.0
Epoch 13: loss = 70070592.0
Epoch 14: loss = 64695112.0
Epoch 15: loss = 60408960.0
Epoch 16: loss = 57842128.0
Epoch 17: loss = 55084332.0
Epoch 18: loss = 52839744.0
Epoch 19: loss = 50028308.0
Epoch 20: loss = 36250740.0
Epoch 21: loss = 13932213.0
Epoch 22: loss = 8384842.0
Epoch 23: loss = 4925771.5
Epoch 24: loss = 3309496.0
Epoch 25: loss = 2285662.75
Epoch 26: loss = 1718070.75
Epoch 27: loss = 1401317.125
Epoch 28: loss = 1175991.625
Epoch 29: loss = 996852.25
Epoch 30: loss = 874322.125
Epoch 31: loss = 775702.125
Epoch 32: loss = 716338.8125
Epoch 33: loss = 662507.4375
Epoch 34: loss = 618903.125
Epoch 35: loss = 579414.4375
Epoch 36: loss = 542389.8125
Epoch 37: loss = 511018.125
Epoch 38: loss = 484099.5625
Epoch 39: loss = 457677.0625
Epoch 40: loss = 436921.375
Epoch 41: loss = 423043.71875
Epoch 42: loss = 413184.65625
Epoch 43: loss = 406247.75
Epoch 44: loss = 400161.0625
Epoch 45: loss = 394819.53125
Epoch 46: loss = 390675.40625
Epoch 47: loss = 387165.71875
Epoch 48: loss = 384465.96875
Epoch 49: loss = 381932.625
Epoch 50: loss = 379684.4375
Epoch 51: loss = 377868.71875
Epoch 52: loss = 376052.65625
Epoch 53: loss = 374724.375
Epoch 54: loss = 373516.5
Epoch 55: loss = 372412.65625
Epoch 56: loss = 371395.4375
Epoch 57: loss = 370395.6875
Epoch 58: loss = 369579.28125
Epoch 59: loss = 368940.125
Epoch 60: loss = 368274.46875
Epoch 61: loss = 367703.5
Epoch 62: loss = 367117.875
Epoch 63: loss = 366663.125
Epoch 64: loss = 366283.0
Epoch 65: loss = 365914.40625
Epoch 66: loss = 365612.71875
Epoch 67: loss = 365343.90625
Epoch 68: loss = 365120.34375
Epoch 69: loss = 364923.0
Epoch 70: loss = 364758.4375
Epoch 71: loss = 364595.375
Epoch 72: loss = 364443.375
Epoch 73: loss = 364322.40625
Epoch 74: loss = 364187.65625
Epoch 75: loss = 364063.15625
Epoch 76: loss = 363943.21875
Epoch 77: loss = 363833.21875
Epoch 78: loss = 363745.71875
Epoch 79: loss = 363652.90625
Epoch 80: loss = 363557.84375
Epoch 81: loss = 363462.15625
Epoch 82: loss = 363361.8125
Epoch 83: loss = 363352.71875
Epoch 84: loss = 363254.625
Epoch 85: loss = 363177.15625
Epoch 86: loss = 363093.96875
Epoch 87: loss = 362999.40625
Epoch 88: loss = 362908.90625
Epoch 89: loss = 362805.78125
Epoch 90: loss = 362718.65625
Epoch 91: loss = 362633.96875
Epoch 92: loss = 362530.03125
Epoch 93: loss = 362437.65625
Epoch 94: loss = 362350.15625
Epoch 95: loss = 362254.4375
Epoch 96: loss = 362179.5
Epoch 97: loss = 362092.40625
Epoch 98: loss = 362017.9375
Epoch 99: loss = 361926.71875
Epoch 100: loss = 361835.84375
Epoch 101: loss = 361753.84375
Epoch 102: loss = 361679.65625
Epoch 103: loss = 361588.71875
Epoch 104: loss = 361513.78125
Epoch 105: loss = 361432.78125
Epoch 106: loss = 361366.90625
Epoch 107: loss = 361303.25
Epoch 108: loss = 361218.03125
Epoch 109: loss = 361162.71875
Epoch 110: loss = 361081.4375
Epoch 111: loss = 361023.71875
Epoch 112: loss = 360964.15625
Epoch 113: loss = 360899.1875
Epoch 114: loss = 360841.15625
Epoch 115: loss = 360774.9375
Epoch 116: loss = 360738.65625
Epoch 117: loss = 360678.40625
Epoch 118: loss = 360624.28125
Epoch 119: loss = 360569.21875
Epoch 120: loss = 360557.5
Epoch 121: loss = 360492.40625
Epoch 122: loss = 360448.4375
Epoch 123: loss = 360389.21875
Epoch 124: loss = 360330.65625
Epoch 125: loss = 360278.15625
Epoch 126: loss = 360230.15625
Epoch 127: loss = 360179.84375
Epoch 128: loss = 360119.65625
Epoch 129: loss = 360077.5
Epoch 130: loss = 360013.5
Epoch 131: loss = 359972.25
Epoch 132: loss = 359908.71875
Epoch 133: loss = 359858.1875
Epoch 134: loss = 359802.5
Epoch 135: loss = 359762.1875
Epoch 136: loss = 359711.5625
Epoch 137: loss = 359668.65625
Epoch 138: loss = 359610.78125
Epoch 139: loss = 359572.71875
Epoch 140: loss = 359534.65625
Epoch 141: loss = 359493.5
Epoch 142: loss = 359456.65625
Epoch 143: loss = 359401.625
Epoch 144: loss = 359380.4375
Epoch 145: loss = 359346.0
Epoch 146: loss = 359310.28125
Epoch 147: loss = 359265.625
Epoch 148: loss = 359250.28125
Epoch 149: loss = 359210.15625
Epoch 150: loss = 359187.3125
Epoch 151: loss = 359160.0625
Epoch 152: loss = 359130.21875
Epoch 153: loss = 359095.1875
Epoch 154: loss = 359072.15625
Epoch 155: loss = 359044.28125
Epoch 156: loss = 359010.96875
Epoch 157: loss = 358993.0
Epoch 158: loss = 358968.8125
Epoch 159: loss = 358941.125
Epoch 160: loss = 358920.25
Epoch 161: loss = 358887.625
Epoch 162: loss = 358876.4375
Epoch 163: loss = 358858.09375
Epoch 164: loss = 358830.53125
Epoch 165: loss = 358805.4375
Epoch 166: loss = 358783.15625
Epoch 167: loss = 358770.21875
Epoch 168: loss = 358755.0625
Epoch 169: loss = 358721.125
Epoch 170: loss = 358702.125
Epoch 171: loss = 358675.4375
Epoch 172: loss = 358640.65625
Epoch 173: loss = 358616.71875
Epoch 174: loss = 358600.75
Epoch 175: loss = 358590.625
Epoch 176: loss = 358563.84375
Epoch 177: loss = 358528.71875
Epoch 178: loss = 358474.65625
Epoch 179: loss = 358448.59375
Epoch 180: loss = 358390.84375
Epoch 181: loss = 358334.34375
Epoch 182: loss = 358276.40625
Epoch 183: loss = 358202.9375
Epoch 184: loss = 358120.875
Epoch 185: loss = 358083.40625
Epoch 186: loss = 357995.84375
Epoch 187: loss = 357871.21875
Epoch 188: loss = 357768.75
Epoch 189: loss = 357621.78125
Epoch 190: loss = 357489.9375
Epoch 191: loss = 357338.40625
Epoch 192: loss = 357170.65625
Epoch 193: loss = 356991.84375
Epoch 194: loss = 356819.65625
Epoch 195: loss = 356637.15625
Epoch 196: loss = 356456.78125
Epoch 197: loss = 356281.8125
Epoch 198: loss = 356110.0625
Epoch 199: loss = 355984.25
Epoch 200: loss = 355827.78125
Epoch 201: loss = 355697.28125
Epoch 202: loss = 355582.5625
Epoch 203: loss = 355457.875
Epoch 204: loss = 355344.0625
Epoch 205: loss = 355233.9375
Epoch 206: loss = 355124.625
Epoch 207: loss = 355013.34375
Epoch 208: loss = 354926.0625
Epoch 209: loss = 354821.125
Epoch 210: loss = 354739.3125
Epoch 211: loss = 354647.0625
Epoch 212: loss = 354562.59375
Epoch 213: loss = 354482.40625
Epoch 214: loss = 354408.40625
Epoch 215: loss = 354350.40625
Epoch 216: loss = 354292.90625
Epoch 217: loss = 354242.59375
Epoch 218: loss = 354179.40625
Epoch 219: loss = 354143.8125
Epoch 220: loss = 354092.4375
Epoch 221: loss = 354061.84375
Epoch 222: loss = 354014.0
Epoch 223: loss = 353990.40625
Epoch 224: loss = 353963.15625
Epoch 225: loss = 353945.40625
Epoch 226: loss = 353920.5625
Epoch 227: loss = 353899.15625
Epoch 228: loss = 353886.375
Epoch 229: loss = 353874.5625
Epoch 230: loss = 353853.71875
Epoch 231: loss = 353838.21875
Epoch 232: loss = 353827.71875
Epoch 233: loss = 353805.4375
Epoch 234: loss = 353809.09375
Epoch 235: loss = 353798.8125
Epoch 236: loss = 353780.875
Epoch 237: loss = 353772.90625
Epoch 238: loss = 353773.65625
Epoch 239: loss = 353773.28125
Epoch 240: loss = 353757.5625
Epoch 241: loss = 353744.90625
Epoch 242: loss = 353748.40625
Epoch 243: loss = 353740.625
Epoch 244: loss = 353737.21875
Epoch 245: loss = 353735.46875
Epoch 246: loss = 353731.5625
Epoch 247: loss = 353727.15625
Epoch 248: loss = 353729.53125
Epoch 249: loss = 353719.78125
Epoch 250: loss = 353713.6875
Epoch 251: loss = 353715.0625
Epoch 252: loss = 353712.84375
Epoch 253: loss = 353706.0625
Epoch 254: loss = 353706.28125
Epoch 255: loss = 353705.84375
Epoch 256: loss = 353707.71875
Epoch 257: loss = 353698.0
Epoch 258: loss = 353695.84375
Epoch 259: loss = 353701.09375
Epoch 260: loss = 353704.15625
Epoch 261: loss = 353706.4375
Epoch 262: loss = 353697.40625
Epoch 263: loss = 353697.96875
Early stopping at epoch 263 with loss 353695.84375
Tensors initialization on device cuda
Multiprobe = None

('MSE', 'PoissonNLL') RECONSTRUCTIONS

Reconstruction for fluence = 0.09999999999999999 photons/pixel
Epoch 0: loss = 0.18757383525371552
Epoch 1: loss = 0.059512656182050705
Epoch 2: loss = 0.05485636368393898
Epoch 3: loss = 0.05333143100142479
Epoch 4: loss = 0.05232670158147812
Epoch 5: loss = 0.05170074850320816
Epoch 6: loss = 0.05144114792346954
Epoch 7: loss = 0.05134158208966255
Epoch 8: loss = 0.051281120628118515
Epoch 9: loss = 0.05126797407865524
Epoch 10: loss = 0.051261406391859055
Epoch 11: loss = 0.05124284699559212
Epoch 12: loss = 0.05120902135968208
Epoch 13: loss = 0.05119043216109276
Early stopping at epoch 13 with loss 0.051281120628118515
Epoch 0: loss = 0.14296913146972656
Epoch 1: loss = 0.10891476273536682
Epoch 2: loss = 0.10790107399225235
Epoch 3: loss = 0.1077008917927742
Epoch 4: loss = 0.10763908177614212
Epoch 5: loss = 0.10761018097400665
Epoch 6: loss = 0.10760011523962021
Epoch 7: loss = 0.10759426653385162
Epoch 8: loss = 0.1074189692735672
Epoch 9: loss = 0.10737768560647964
Epoch 10: loss = 0.10737388581037521
Epoch 11: loss = 0.10735388845205307
Epoch 12: loss = 0.10731817781925201
Epoch 13: loss = 0.10731444507837296
Epoch 14: loss = 0.10731400549411774
Epoch 15: loss = 0.10731400549411774
Epoch 16: loss = 0.10731397569179535
Epoch 17: loss = 0.10731397569179535
Early stopping at epoch 17 with loss 0.10731817781925201
Reconstruction for fluence = 0.23357214690901223 photons/pixel
Epoch 0: loss = 0.7045602798461914
Epoch 1: loss = 0.13829533755779266
Epoch 2: loss = 0.12600743770599365
Epoch 3: loss = 0.12322452664375305
Epoch 4: loss = 0.12204483151435852
Epoch 5: loss = 0.12129129469394684
Epoch 6: loss = 0.12079381942749023
Epoch 7: loss = 0.1205369085073471
Epoch 8: loss = 0.12040550261735916
Epoch 9: loss = 0.12031073123216629
Epoch 10: loss = 0.12027197331190109
Epoch 11: loss = 0.12025858461856842
Epoch 12: loss = 0.12021585553884506
Epoch 13: loss = 0.12007321417331696
Epoch 14: loss = 0.11994409561157227
Epoch 0: loss = 0.12863217294216156
Epoch 1: loss = 0.07653314620256424
Epoch 2: loss = 0.07539564371109009
Epoch 3: loss = 0.0752730593085289
Epoch 4: loss = 0.07521086186170578
Epoch 5: loss = 0.07515331357717514
Epoch 6: loss = 0.07509660720825195
Epoch 7: loss = 0.0749933123588562
Epoch 8: loss = 0.07497237622737885
Epoch 9: loss = 0.07497148215770721
Epoch 10: loss = 0.07497046142816544
Epoch 11: loss = 0.07496939599514008
Epoch 12: loss = 0.07496903091669083
Early stopping at epoch 12 with loss 0.0749933123588562
Reconstruction for fluence = 0.5455594781168519 photons/pixel
Epoch 0: loss = 3.170530080795288
Epoch 1: loss = 0.3318663239479065
Epoch 2: loss = 0.2970082759857178
Epoch 3: loss = 0.28946930170059204
Epoch 4: loss = 0.2878437340259552
Epoch 5: loss = 0.287150114774704
Epoch 6: loss = 0.2865789830684662
Epoch 7: loss = 0.2863882780075073
Epoch 8: loss = 0.28629574179649353
Epoch 9: loss = 0.28625166416168213
Epoch 10: loss = 0.28622734546661377
Epoch 11: loss = 0.2861984670162201
Epoch 12: loss = 0.28617388010025024
Epoch 13: loss = 0.2861628234386444
Epoch 14: loss = 0.2861565947532654
Early stopping at epoch 14 with loss 0.28625166416168213
Epoch 0: loss = -0.16059510409832
Epoch 1: loss = -0.2389548122882843
Epoch 2: loss = -0.2400946170091629
Epoch 3: loss = -0.24028576910495758
Epoch 4: loss = -0.2403559684753418
Epoch 5: loss = -0.24040110409259796
Epoch 6: loss = -0.24056212604045868
Epoch 7: loss = -0.24057531356811523
Epoch 8: loss = -0.24057860672473907
Epoch 9: loss = -0.24058111011981964
Epoch 10: loss = -0.24058252573013306
Epoch 11: loss = -0.240582674741745
Early stopping at epoch 11 with loss -0.24056212604045868
Reconstruction for fluence = 1.2742749857031335 photons/pixel
Epoch 0: loss = 15.441702842712402
Epoch 1: loss = 0.789688766002655
Epoch 2: loss = 0.6902647018432617
Epoch 3: loss = 0.6673681139945984
Epoch 4: loss = 0.6611728072166443
Epoch 5: loss = 0.6588929295539856
Epoch 6: loss = 0.6581162214279175
Epoch 7: loss = 0.6578266620635986
Epoch 8: loss = 0.6576884388923645
Epoch 9: loss = 0.6576235294342041
Epoch 10: loss = 0.6575772166252136
Epoch 11: loss = 0.6575499176979065
Epoch 12: loss = 0.6575369238853455
Epoch 13: loss = 0.6575301885604858
Epoch 14: loss = 0.6575295329093933
Epoch 0: loss = -1.502150297164917
Epoch 1: loss = -1.6207553148269653
Epoch 2: loss = -1.6229257583618164
Epoch 3: loss = -1.6234289407730103
Epoch 4: loss = -1.623636245727539
Epoch 5: loss = -1.6237760782241821
Epoch 6: loss = -1.6238433122634888
Epoch 7: loss = -1.6238598823547363
Epoch 8: loss = -1.6238617897033691
Epoch 9: loss = -1.6238619089126587
Epoch 10: loss = -1.623862385749817
Early stopping at epoch 10 with loss -1.6237760782241821
Reconstruction for fluence = 2.976351441631318 photons/pixel
Epoch 0: loss = 80.47075653076172
Epoch 1: loss = 1.8220897912979126
Epoch 2: loss = 1.4626215696334839
Epoch 3: loss = 1.3825350999832153
Epoch 4: loss = 1.3613243103027344
Epoch 5: loss = 1.3549089431762695
Epoch 6: loss = 1.3531957864761353
Epoch 7: loss = 1.352458119392395
Epoch 8: loss = 1.3521229028701782
Epoch 9: loss = 1.3519705533981323
Epoch 10: loss = 1.3518900871276855
Epoch 11: loss = 1.3518539667129517
Epoch 12: loss = 1.3518339395523071
Epoch 13: loss = 1.3518030643463135
Epoch 14: loss = 1.3517718315124512
Epoch 0: loss = -6.101320266723633
Epoch 1: loss = -6.2764153480529785
Epoch 2: loss = -6.279648780822754
Epoch 3: loss = -6.280645847320557
Epoch 4: loss = -6.28098201751709
Epoch 5: loss = -6.281100749969482
Epoch 6: loss = -6.281205177307129
Epoch 7: loss = -6.281368732452393
Epoch 8: loss = -6.281454563140869
Epoch 9: loss = -6.281515598297119
Epoch 10: loss = -6.281532287597656
Epoch 11: loss = -6.281552314758301
Epoch 12: loss = -6.281553745269775
Epoch 13: loss = -6.28155517578125
Epoch 14: loss = -6.281556129455566
Early stopping at epoch 14 with loss -6.281515598297119
Reconstruction for fluence = 6.9519279617756045 photons/pixel
Epoch 0: loss = 430.27142333984375
Epoch 1: loss = 4.631979942321777
Epoch 2: loss = 3.418151378631592
Epoch 3: loss = 3.106130838394165
Epoch 4: loss = 3.0294909477233887
Epoch 5: loss = 3.0057148933410645
Epoch 6: loss = 2.9986472129821777
Epoch 7: loss = 2.9958317279815674
Epoch 8: loss = 2.9944396018981934
Epoch 9: loss = 2.993770122528076
Epoch 10: loss = 2.993396043777466
Epoch 11: loss = 2.993208169937134
Epoch 12: loss = 2.9930949211120605
Epoch 13: loss = 2.9930169582366943
Epoch 14: loss = 2.9929661750793457
Epoch 0: loss = -20.232553482055664
Epoch 1: loss = -20.48040771484375
Epoch 2: loss = -20.48671531677246
Epoch 3: loss = -20.488996505737305
Epoch 4: loss = -20.489904403686523
Epoch 5: loss = -20.491134643554688
Epoch 6: loss = -20.491575241088867
Epoch 7: loss = -20.491931915283203
Epoch 8: loss = -20.49213409423828
Epoch 9: loss = -20.492197036743164
Epoch 10: loss = -20.492212295532227
Epoch 11: loss = -20.492218017578125
Epoch 12: loss = -20.49222183227539
Epoch 13: loss = -20.49222755432129
Early stopping at epoch 13 with loss -20.49213409423828
Reconstruction for fluence = 16.23776739188721 photons/pixel
Epoch 0: loss = 2315.6875
Epoch 1: loss = 13.023658752441406
Epoch 2: loss = 7.978916645050049
Epoch 3: loss = 6.838436603546143
Epoch 4: loss = 6.529524326324463
Epoch 5: loss = 6.399434566497803
Epoch 6: loss = 6.3632025718688965
Epoch 7: loss = 6.348032474517822
Epoch 8: loss = 6.339806079864502
Epoch 9: loss = 6.334037780761719
Epoch 10: loss = 6.327455997467041
Epoch 11: loss = 6.324060916900635
Epoch 12: loss = 6.3228559494018555
Epoch 13: loss = 6.322161674499512
Epoch 14: loss = 6.321773529052734
Epoch 0: loss = -61.32831573486328
Epoch 1: loss = -61.66752243041992
Epoch 2: loss = -61.67850875854492
Epoch 3: loss = -61.68115234375
Epoch 4: loss = -61.68184280395508
Epoch 5: loss = -61.68252944946289
Epoch 6: loss = -61.68291473388672
Epoch 7: loss = -61.6830940246582
Epoch 8: loss = -61.68314743041992
Epoch 9: loss = -61.68314743041992
Epoch 10: loss = -61.68315887451172
Epoch 11: loss = -61.68317413330078
Epoch 12: loss = -61.68318557739258
Early stopping at epoch 12 with loss -61.6830940246582
Reconstruction for fluence = 37.926901907322495 photons/pixel
Epoch 0: loss = 12626.50390625
Epoch 1: loss = 44.64738082885742
Epoch 2: loss = 22.25668716430664
Epoch 3: loss = 16.943979263305664
Epoch 4: loss = 15.395771980285645
Epoch 5: loss = 14.863191604614258
Epoch 6: loss = 14.6885347366333
Epoch 7: loss = 14.613115310668945
Epoch 8: loss = 14.570865631103516
Epoch 9: loss = 14.54716682434082
Epoch 10: loss = 14.534788131713867
Epoch 11: loss = 14.52829647064209
Epoch 12: loss = 14.52511978149414
Epoch 13: loss = 14.523018836975098
Epoch 14: loss = 14.521466255187988
Epoch 0: loss = -175.1494903564453
Epoch 1: loss = -175.6310272216797
Epoch 2: loss = -175.6493682861328
Epoch 3: loss = -175.6532440185547
Epoch 4: loss = -175.65509033203125
Epoch 5: loss = -175.65626525878906
Epoch 6: loss = -175.65687561035156
Epoch 7: loss = -175.65687561035156
Epoch 8: loss = -175.6569366455078
Epoch 9: loss = -175.6569366455078
Epoch 10: loss = -175.6571807861328
Epoch 11: loss = -175.65724182128906
Epoch 12: loss = -175.65725708007812
Epoch 13: loss = -175.65728759765625
Epoch 14: loss = -175.65728759765625
Epoch 15: loss = -175.6573028564453
Epoch 16: loss = -175.6573028564453
Epoch 17: loss = -175.6573028564453
Epoch 18: loss = -175.65731811523438
Epoch 19: loss = -175.65733337402344
Epoch 20: loss = -175.65736389160156
Early stopping at epoch 20 with loss -175.6573028564453
Reconstruction for fluence = 88.58667904100822 photons/pixel
Epoch 0: loss = 68684.03125
Epoch 1: loss = 182.15078735351562
Epoch 2: loss = 79.84385681152344
Epoch 3: loss = 48.77214431762695
Epoch 4: loss = 39.16454315185547
Epoch 5: loss = 36.18172073364258
Epoch 6: loss = 35.03408432006836
Epoch 7: loss = 34.54988479614258
Epoch 8: loss = 34.30294418334961
Epoch 9: loss = 34.16136932373047
Epoch 10: loss = 34.08807373046875
Epoch 11: loss = 34.04988098144531
Epoch 12: loss = 34.02925109863281
Epoch 13: loss = 34.01478958129883
Epoch 14: loss = 34.0036506652832
Epoch 0: loss = -485.7003173828125
Epoch 1: loss = -486.3429870605469
Epoch 2: loss = -486.3648986816406
Epoch 3: loss = -486.3718566894531
Epoch 4: loss = -486.37445068359375
Epoch 5: loss = -486.37542724609375
Epoch 6: loss = -486.37554931640625
Epoch 7: loss = -486.3760986328125
Epoch 8: loss = -486.37640380859375
Epoch 9: loss = -486.37652587890625
Epoch 10: loss = -486.3771667480469
Epoch 11: loss = -486.3771667480469
Epoch 12: loss = -486.3772888183594
Epoch 13: loss = -486.37738037109375
Epoch 14: loss = -486.37738037109375
Epoch 15: loss = -486.37750244140625
Epoch 16: loss = -486.37750244140625
Epoch 17: loss = -486.3775939941406
Epoch 18: loss = -486.3775939941406
Epoch 19: loss = -486.3777160644531
Epoch 20: loss = -486.3779296875
Epoch 21: loss = -486.3780517578125
Epoch 22: loss = -486.3780517578125
Epoch 23: loss = -486.3782653808594
Epoch 24: loss = -486.37835693359375
Epoch 25: loss = -486.37847900390625
Epoch 26: loss = -486.37847900390625
Epoch 27: loss = -486.37847900390625
Epoch 28: loss = -486.3785705566406
Epoch 29: loss = -486.3785705566406
Epoch 30: loss = -486.3785705566406
Early stopping at epoch 30 with loss -486.37847900390625
Reconstruction for fluence = 206.9138081114788 photons/pixel
Epoch 0: loss = 374732.375
Epoch 1: loss = 825.9118041992188
Epoch 2: loss = 269.4397277832031
Epoch 3: loss = 140.57701110839844
Epoch 4: loss = 101.80242156982422
Epoch 5: loss = 89.45889282226562
Epoch 6: loss = 85.02286529541016
Epoch 7: loss = 83.27192687988281
Epoch 8: loss = 82.16683959960938
Epoch 9: loss = 81.39429473876953
Epoch 10: loss = 80.11431121826172
Epoch 11: loss = 78.84709930419922
Epoch 12: loss = 78.16448974609375
Epoch 13: loss = 77.47078704833984
Epoch 14: loss = 76.93108367919922
Epoch 0: loss = -1310.044189453125
Epoch 1: loss = -1310.93603515625
Epoch 2: loss = -1310.9713134765625
Epoch 3: loss = -1310.98046875
Epoch 4: loss = -1310.9835205078125
Epoch 5: loss = -1310.9840087890625
Epoch 6: loss = -1310.9864501953125
Epoch 7: loss = -1310.9866943359375
Epoch 8: loss = -1310.9869384765625
Epoch 9: loss = -1310.9874267578125
Epoch 10: loss = -1310.9879150390625
Epoch 11: loss = -1310.98828125
Epoch 12: loss = -1310.988525390625
Epoch 13: loss = -1310.9888916015625
Epoch 14: loss = -1310.9888916015625
Epoch 15: loss = -1310.9888916015625
Epoch 16: loss = -1310.989013671875
Epoch 17: loss = -1310.9891357421875
Epoch 18: loss = -1310.9891357421875
Epoch 19: loss = -1310.9891357421875
Epoch 20: loss = -1310.9891357421875
Epoch 21: loss = -1310.9891357421875
Epoch 22: loss = -1310.9892578125
Early stopping at epoch 22 with loss -1310.9891357421875
Reconstruction for fluence = 483.2930238571752 photons/pixel
Epoch 0: loss = 2043019.75
Epoch 1: loss = 4104.6171875
Epoch 2: loss = 1199.506103515625
Epoch 3: loss = 489.3563537597656
Epoch 4: loss = 305.1898498535156
Epoch 5: loss = 249.32369995117188
Epoch 6: loss = 228.46490478515625
Epoch 7: loss = 216.16671752929688
Epoch 8: loss = 208.7884063720703
Epoch 9: loss = 204.16729736328125
Epoch 10: loss = 201.43075561523438
Epoch 11: loss = 198.55018615722656
Epoch 12: loss = 194.7718048095703
Epoch 13: loss = 186.70912170410156
Epoch 14: loss = 183.5379638671875
Epoch 0: loss = -3470.3408203125
Epoch 1: loss = -3471.46533203125
Epoch 2: loss = -3471.509033203125
Epoch 3: loss = -3471.52001953125
Epoch 4: loss = -3471.5244140625
Epoch 5: loss = -3471.526611328125
Epoch 6: loss = -3471.5283203125
Epoch 7: loss = -3471.528564453125
Epoch 8: loss = -3471.530517578125
Epoch 9: loss = -3471.530517578125
Epoch 10: loss = -3471.530517578125
Epoch 11: loss = -3471.53076171875
Epoch 12: loss = -3471.53076171875
Epoch 13: loss = -3471.53125
Epoch 14: loss = -3471.53125
Epoch 15: loss = -3471.53125
Epoch 16: loss = -3471.53125
Epoch 17: loss = -3471.531494140625
Epoch 18: loss = -3471.53173828125
Epoch 19: loss = -3471.53173828125
Epoch 20: loss = -3471.5322265625
Epoch 21: loss = -3471.5322265625
Epoch 22: loss = -3471.5322265625
Epoch 23: loss = -3471.532470703125
Epoch 24: loss = -3471.532470703125
Epoch 25: loss = -3471.532470703125
Epoch 26: loss = -3471.532470703125
Epoch 27: loss = -3471.532470703125
Epoch 28: loss = -3471.532470703125
Early stopping at epoch 28 with loss -3471.532470703125
Reconstruction for fluence = 1128.8378916846884 photons/pixel
Epoch 0: loss = 11146197.0
Epoch 1: loss = 21558.47265625
Epoch 2: loss = 5537.02392578125
Epoch 3: loss = 2032.0709228515625
Epoch 4: loss = 1048.6197509765625
Epoch 5: loss = 754.6944580078125
Epoch 6: loss = 666.0414428710938
Epoch 7: loss = 623.9097900390625
Epoch 8: loss = 599.9666748046875
Epoch 9: loss = 579.4429321289062
Epoch 10: loss = 545.9895629882812
Epoch 11: loss = 518.7589111328125
Epoch 12: loss = 504.52734375
Epoch 13: loss = 492.3103332519531
Epoch 14: loss = 483.5329895019531
Epoch 0: loss = -9063.447265625
Epoch 1: loss = -9065.2265625
Epoch 2: loss = -9065.2900390625
Epoch 3: loss = -9065.2939453125
Epoch 4: loss = -9065.294921875
Epoch 5: loss = -9065.2978515625
Epoch 6: loss = -9065.30078125
Epoch 7: loss = -9065.30078125
Epoch 8: loss = -9065.3017578125
Epoch 9: loss = -9065.302734375
Epoch 10: loss = -9065.3037109375
Epoch 11: loss = -9065.3056640625
Epoch 12: loss = -9065.3056640625
Epoch 13: loss = -9065.3076171875
Epoch 14: loss = -9065.30859375
Epoch 15: loss = -9065.3095703125
Epoch 16: loss = -9065.3095703125
Epoch 17: loss = -9065.3115234375
Epoch 18: loss = -9065.314453125
Epoch 19: loss = -9065.3173828125
Epoch 20: loss = -9065.3173828125
Epoch 21: loss = -9065.3173828125
Epoch 22: loss = -9065.318359375
Epoch 23: loss = -9065.3193359375
Epoch 24: loss = -9065.3193359375
Epoch 25: loss = -9065.3193359375
Epoch 26: loss = -9065.3193359375
Epoch 27: loss = -9065.3203125
Epoch 28: loss = -9065.3212890625
Epoch 29: loss = -9065.3212890625
Epoch 30: loss = -9065.3212890625
Epoch 31: loss = -9065.322265625
Epoch 32: loss = -9065.322265625
Epoch 33: loss = -9065.322265625
Epoch 34: loss = -9065.322265625
Epoch 35: loss = -9065.322265625
Epoch 36: loss = -9065.3232421875
Epoch 37: loss = -9065.3232421875
Epoch 38: loss = -9065.3232421875
Epoch 39: loss = -9065.3232421875
Epoch 40: loss = -9065.3232421875
Epoch 41: loss = -9065.3232421875
Early stopping at epoch 41 with loss -9065.3232421875
Reconstruction for fluence = 2636.6508987303555 photons/pixel
Epoch 0: loss = 60812388.0
Epoch 1: loss = 115151.15625
Epoch 2: loss = 29251.8828125
Epoch 3: loss = 10293.353515625
Epoch 4: loss = 4568.681640625
Epoch 5: loss = 2884.59716796875
Epoch 6: loss = 2350.608642578125
Epoch 7: loss = 2112.343017578125
Epoch 8: loss = 1946.583740234375
Epoch 9: loss = 1747.0711669921875
Epoch 10: loss = 1608.541259765625
Epoch 11: loss = 1521.7198486328125
Epoch 12: loss = 1474.2840576171875
Epoch 13: loss = 1434.32763671875
Epoch 14: loss = 1395.97021484375
Epoch 0: loss = -23406.75
Epoch 1: loss = -23409.431640625
Epoch 2: loss = -23409.52734375
Epoch 3: loss = -23409.53125
Epoch 4: loss = -23409.56640625
Epoch 5: loss = -23409.572265625
Epoch 6: loss = -23409.576171875
Epoch 7: loss = -23409.580078125
Epoch 8: loss = -23409.583984375
Epoch 9: loss = -23409.587890625
Epoch 10: loss = -23409.587890625
Epoch 11: loss = -23409.6015625
Epoch 12: loss = -23409.6015625
Epoch 13: loss = -23409.603515625
Epoch 14: loss = -23409.603515625
Epoch 15: loss = -23409.607421875
Epoch 16: loss = -23409.607421875
Epoch 17: loss = -23409.609375
Epoch 18: loss = -23409.609375
Epoch 19: loss = -23409.611328125
Epoch 20: loss = -23409.611328125
Epoch 21: loss = -23409.611328125
Epoch 22: loss = -23409.61328125
Epoch 23: loss = -23409.615234375
Epoch 24: loss = -23409.615234375
Epoch 25: loss = -23409.615234375
Epoch 26: loss = -23409.619140625
Epoch 27: loss = -23409.619140625
Epoch 28: loss = -23409.619140625
Epoch 29: loss = -23409.619140625
Epoch 30: loss = -23409.619140625
Epoch 31: loss = -23409.619140625
Early stopping at epoch 31 with loss -23409.619140625
Reconstruction for fluence = 6158.482110660255 photons/pixel
Epoch 0: loss = 331772992.0
Epoch 1: loss = 625496.6875
Epoch 2: loss = 155343.453125
Epoch 3: loss = 51650.30078125
Epoch 4: loss = 21028.009765625
Epoch 5: loss = 12625.4755859375
Epoch 6: loss = 9688.107421875
Epoch 7: loss = 8274.7568359375
Epoch 8: loss = 7298.86474609375
Epoch 9: loss = 6463.501953125
Epoch 10: loss = 5729.927734375
Epoch 11: loss = 5250.154296875
Epoch 12: loss = 4959.44189453125
Epoch 13: loss = 4672.75
Epoch 14: loss = 4460.3056640625
Epoch 0: loss = -59896.16796875
Epoch 1: loss = -59900.5703125
Epoch 2: loss = -59900.66796875
Epoch 3: loss = -59900.70703125
Epoch 4: loss = -59900.72265625
Epoch 5: loss = -59900.73828125
Epoch 6: loss = -59900.75
Epoch 7: loss = -59900.76953125
Epoch 8: loss = -59900.77734375
Epoch 9: loss = -59900.77734375
Epoch 10: loss = -59900.78515625
Epoch 11: loss = -59900.79296875
Epoch 12: loss = -59900.8046875
Epoch 13: loss = -59900.8046875
Epoch 14: loss = -59900.8125
Epoch 15: loss = -59900.8203125
Epoch 16: loss = -59900.8203125
Epoch 17: loss = -59900.8203125
Epoch 18: loss = -59900.8203125
Epoch 19: loss = -59900.828125
Epoch 20: loss = -59900.828125
Epoch 21: loss = -59900.83203125
Epoch 22: loss = -59900.83203125
Epoch 23: loss = -59900.83203125
Epoch 24: loss = -59900.83203125
Epoch 25: loss = -59900.83203125
Epoch 26: loss = -59900.83203125
Early stopping at epoch 26 with loss -59900.83203125
Reconstruction for fluence = 14384.498882876629 photons/pixel
Epoch 0: loss = 1809852416.0
Epoch 1: loss = 3406881.25
Epoch 2: loss = 844591.8125
Epoch 3: loss = 283972.9375
Epoch 4: loss = 117761.0859375
Epoch 5: loss = 65033.125
Epoch 6: loss = 47453.46875
Epoch 7: loss = 38640.359375
Epoch 8: loss = 33103.42578125
Epoch 9: loss = 28616.9609375
Epoch 10: loss = 24616.71484375
Epoch 11: loss = 22247.083984375
Epoch 12: loss = 20722.861328125
Epoch 13: loss = 19248.103515625
Epoch 14: loss = 18059.25390625
Epoch 0: loss = -152105.234375
Epoch 1: loss = -152113.578125
Epoch 2: loss = -152113.8125
Epoch 3: loss = -152113.859375
Epoch 4: loss = -152113.859375
Epoch 5: loss = -152113.921875
Epoch 6: loss = -152113.921875
Epoch 7: loss = -152113.953125
Epoch 8: loss = -152113.984375
Epoch 9: loss = -152114.015625
Epoch 10: loss = -152114.0625
Epoch 11: loss = -152114.0625
Epoch 12: loss = -152114.078125
Epoch 13: loss = -152114.078125
Epoch 14: loss = -152114.109375
Epoch 15: loss = -152114.171875
Epoch 16: loss = -152114.171875
Epoch 17: loss = -152114.203125
Epoch 18: loss = -152114.203125
Epoch 19: loss = -152114.203125
Epoch 20: loss = -152114.203125
Epoch 21: loss = -152114.203125
Epoch 22: loss = -152114.203125
Early stopping at epoch 22 with loss -152114.203125
Reconstruction for fluence = 33598.18286283781 photons/pixel
Epoch 0: loss = 9873915904.0
Epoch 1: loss = 18587470.0
Epoch 2: loss = 4443162.0
Epoch 3: loss = 1418769.75
Epoch 4: loss = 568719.4375
Epoch 5: loss = 312069.53125
Epoch 6: loss = 230624.046875
Epoch 7: loss = 191559.75
Epoch 8: loss = 164257.109375
Epoch 9: loss = 142329.609375
Epoch 10: loss = 120528.984375
Epoch 11: loss = 107008.4921875
Epoch 12: loss = 98832.703125
Epoch 13: loss = 90755.109375
Epoch 14: loss = 84576.6953125
Epoch 0: loss = -383793.375
Epoch 1: loss = -383810.625
Epoch 2: loss = -383811.03125
Epoch 3: loss = -383811.15625
Epoch 4: loss = -383811.15625
Epoch 5: loss = -383811.40625
Epoch 6: loss = -383811.40625
Epoch 7: loss = -383811.4375
Epoch 8: loss = -383811.4375
Epoch 9: loss = -383811.5
Epoch 10: loss = -383811.5625
Epoch 11: loss = -383811.5625
Epoch 12: loss = -383811.5625
Epoch 13: loss = -383811.59375
Epoch 14: loss = -383811.625
Epoch 15: loss = -383811.625
Epoch 16: loss = -383811.65625
Epoch 17: loss = -383811.65625
Epoch 18: loss = -383811.65625
Epoch 19: loss = -383811.71875
Epoch 20: loss = -383811.71875
Epoch 21: loss = -383811.71875
Epoch 22: loss = -383811.78125
Epoch 23: loss = -383811.84375
Epoch 24: loss = -383811.90625
Epoch 25: loss = -383811.90625
Epoch 26: loss = -383811.9375
Epoch 27: loss = -383811.9375
Epoch 28: loss = -383811.9375
Epoch 29: loss = -383811.9375
Epoch 30: loss = -383811.9375
Epoch 31: loss = -383811.9375
Early stopping at epoch 31 with loss -383811.9375
Reconstruction for fluence = 78475.99703514607 photons/pixel
Epoch 0: loss = 53864943616.0
Epoch 1: loss = 101310792.0
Epoch 2: loss = 24934894.0
Epoch 3: loss = 8404757.0
Epoch 4: loss = 3369203.25
Epoch 5: loss = 1882175.625
Epoch 6: loss = 1278353.625
Epoch 7: loss = 1050557.375
Epoch 8: loss = 882637.9375
Epoch 9: loss = 746718.9375
Epoch 10: loss = 624738.8125
Epoch 11: loss = 556028.0
Epoch 12: loss = 512340.5625
Epoch 13: loss = 473822.90625
Epoch 14: loss = 437763.15625
Epoch 0: loss = -963023.3125
Epoch 1: loss = -963062.5625
Epoch 2: loss = -963062.875
Epoch 3: loss = -963063.3125
Epoch 4: loss = -963063.8125
Epoch 5: loss = -963063.8125
Epoch 6: loss = -963064.0
Epoch 7: loss = -963064.0
Epoch 8: loss = -963064.0
Epoch 9: loss = -963064.25
Epoch 10: loss = -963064.25
Epoch 11: loss = -963064.25
Epoch 12: loss = -963064.3125
Epoch 13: loss = -963064.3125
Epoch 14: loss = -963064.3125
Epoch 15: loss = -963064.3125
Epoch 16: loss = -963064.4375
Epoch 17: loss = -963064.4375
Epoch 18: loss = -963064.6875
Epoch 19: loss = -963064.6875
Epoch 20: loss = -963064.6875
Epoch 21: loss = -963064.6875
Epoch 22: loss = -963064.6875
Epoch 23: loss = -963064.6875
Early stopping at epoch 23 with loss -963064.6875
Reconstruction for fluence = 183298.07108324335 photons/pixel
Epoch 0: loss = 293884100608.0
Epoch 1: loss = 552864192.0
Epoch 2: loss = 137359728.0
Epoch 3: loss = 44002460.0
Epoch 4: loss = 17432970.0
Epoch 5: loss = 9466569.0
Epoch 6: loss = 6737296.5
Epoch 7: loss = 5606795.5
Epoch 8: loss = 4666546.0
Epoch 9: loss = 3937437.75
Epoch 10: loss = 3391251.25
Epoch 11: loss = 2974103.25
Epoch 12: loss = 2728512.0
Epoch 13: loss = 2494576.5
Epoch 14: loss = 2302154.75
Epoch 0: loss = -2404821.0
Epoch 1: loss = -2404910.25
Epoch 2: loss = -2404913.0
Epoch 3: loss = -2404913.25
Epoch 4: loss = -2404913.25
Epoch 5: loss = -2404913.75
Epoch 6: loss = -2404913.75
Epoch 7: loss = -2404914.25
Epoch 8: loss = -2404914.5
Epoch 9: loss = -2404914.75
Epoch 10: loss = -2404914.75
Epoch 11: loss = -2404915.25
Epoch 12: loss = -2404915.25
Epoch 13: loss = -2404915.25
Epoch 14: loss = -2404915.25
Epoch 15: loss = -2404915.25
Epoch 16: loss = -2404915.5
Epoch 17: loss = -2404915.5
Epoch 18: loss = -2404915.5
Epoch 19: loss = -2404915.5
Epoch 20: loss = -2404915.75
Epoch 21: loss = -2404916.0
Epoch 22: loss = -2404916.0
Epoch 23: loss = -2404916.0
Epoch 24: loss = -2404916.0
Epoch 25: loss = -2404916.0
Epoch 26: loss = -2404916.0
Early stopping at epoch 26 with loss -2404916.0
Reconstruction for fluence = 428133.2398719387 photons/pixel
Epoch 0: loss = 1603281616896.0
Epoch 1: loss = 3016961536.0
Epoch 2: loss = 747659648.0
Epoch 3: loss = 243054288.0
Epoch 4: loss = 96295976.0
Epoch 5: loss = 51653620.0
Epoch 6: loss = 36180312.0
Epoch 7: loss = 29757026.0
Epoch 8: loss = 25119382.0
Epoch 9: loss = 21154318.0
Epoch 10: loss = 17548008.0
Epoch 11: loss = 15386231.0
Epoch 12: loss = 14006589.0
Epoch 13: loss = 12866032.0
Epoch 14: loss = 11841510.0
Epoch 0: loss = -5980214.5
Epoch 1: loss = -5980419.5
Epoch 2: loss = -5980422.5
Epoch 3: loss = -5980424.0
Epoch 4: loss = -5980426.5
Epoch 5: loss = -5980426.5
Epoch 6: loss = -5980427.5
Epoch 7: loss = -5980427.5
Epoch 8: loss = -5980428.5
Epoch 9: loss = -5980428.5
Epoch 10: loss = -5980429.0
Epoch 11: loss = -5980429.0
Epoch 12: loss = -5980429.0
Epoch 13: loss = -5980429.0
Epoch 14: loss = -5980429.5
Epoch 15: loss = -5980429.5
Epoch 16: loss = -5980430.5
Epoch 17: loss = -5980430.5
Epoch 18: loss = -5980430.5
Epoch 19: loss = -5980430.5
Epoch 20: loss = -5980430.5
Epoch 21: loss = -5980430.5
Early stopping at epoch 21 with loss -5980430.5
Reconstruction for fluence = 1000000.0 photons/pixel
Epoch 0: loss = 8746711384064.0
Epoch 1: loss = 16455642112.0
Epoch 2: loss = 4364659712.0
Epoch 3: loss = 1325881600.0
Epoch 4: loss = 518043488.0
Epoch 5: loss = 278893696.0
Epoch 6: loss = 199969760.0
Epoch 7: loss = 167243472.0
Epoch 8: loss = 140220336.0
Epoch 9: loss = 117576936.0
Epoch 10: loss = 98115680.0
Epoch 11: loss = 85987344.0
Epoch 12: loss = 78116640.0
Epoch 13: loss = 70820296.0
Epoch 14: loss = 65228944.0
Epoch 0: loss = -14816516.0
Epoch 1: loss = -14816997.0
Epoch 2: loss = -14817013.0
Epoch 3: loss = -14817015.0
Epoch 4: loss = -14817016.0
Epoch 5: loss = -14817018.0
Epoch 6: loss = -14817021.0
Epoch 7: loss = -14817021.0
Epoch 8: loss = -14817021.0
Epoch 9: loss = -14817021.0
Epoch 10: loss = -14817021.0
Epoch 11: loss = -14817021.0
Early stopping at epoch 11 with loss -14817021.0
Simulation for steps_size=28 and n_fluences=20 completed!
